teks,entitas
Acara tersebut diselenggarakan di Bank Mandiri.,[]
Kantor pusatnya berlokasi di Denpasar.,[]
"Rapat RT akan diadakan di Jl. Rajawali, RT 17/RW 11, Kel. Tegalsari, Balikpapan.","[{""start"": 26, ""end"": 79, ""label"": ""ADR""}]"
Rapat membahas Surabaya akan dilaksanakan besok.,[]
Jaksa Agung Dini Imaniar menyampaikan pernyataan resmi kemarin.,"[{""start"": 12, ""end"": 24, ""label"": ""PER""}]"
"Di antara peserta terdapat I Gusti Ngurah Rai, Jean-Luc Picard, dan Michael Phelps.","[{""start"": 27, ""end"": 45, ""label"": ""PER""}, {""start"": 47, ""end"": 62, ""label"": ""PER""}, {""start"": 68, ""end"": 82, ""label"": ""PER""}]"
Saya punya saudara di jakarta namanya Basuki Rahmat.,"[{""start"": 38, ""end"": 51, ""label"": ""PER""}]"
@drandiwijaya membagikan update terbaru di akunnya.,"[{""start"": 1, ""end"": 13, ""label"": ""PER""}]"
"Kost berada di Jl. Ahmad Yani No. 175, RT 14/RW 14, Kel. Antapani, Kec. Buah Batu, Yogyakarta, Jawa Tengah, 81391.","[{""start"": 15, ""end"": 113, ""label"": ""ADR""}]"
"Nama Lengkap: Tubagus Hasanuddin
Alamat: 421 Sunset Street, Berlin, Jerman.","[{""start"": 14, ""end"": 32, ""label"": ""PER""}, {""start"": 41, ""end"": 74, ""label"": ""ADR""}]"
Barack Obama tinggal di Yayasan Ahmad Dahlan sejak tahun lalu.,"[{""start"": 0, ""end"": 12, ""label"": ""PER""}]"
"Ia baru saja pindah ke 183 Victoria Lane, Sydney, Australia.","[{""start"": 23, ""end"": 59, ""label"": ""ADR""}]"
WAWAN ADALAH GUBERNUR JAWA BARAT.,"[{""start"": 0, ""end"": 5, ""label"": ""PER""}]"
Yang mulai terlihat sejak dini hari.,[]
Apakah kamu sudah menghubungi Raden Adjeng Kartini hari ini?,"[{""start"": 30, ""end"": 50, ""label"": ""PER""}]"
ACARA TAHUNAN ITU SELALU DIGELAR DI BALI.,[]
Nadiem Makarim adalah salah satu tokoh penting dalam sejarah.,"[{""start"": 0, ""end"": 14, ""label"": ""PER""}]"
"Sesuai catatan sipil, domisili tercatat di Jalan Cemara No. 176A, RT 15/RW 11, Kel. Menteng, Depok.","[{""start"": 43, ""end"": 98, ""label"": ""ADR""}]"
@sergeybrin membagikan update terbaru di akunnya.,"[{""start"": 1, ""end"": 11, ""label"": ""PER""}]"
ERICK THOHIR MENGHADIRI RAPAT MENGENAI BEKASI PAGI INI.,"[{""start"": 0, ""end"": 12, ""label"": ""PER""}]"
K.H. Ma'ruf Amin adalah gubernur jawa barat.,"[{""start"": 0, ""end"": 16, ""label"": ""PER""}]"
Kemarin saya pergi ke Tangerang untuk urusan pekerjaan.,[]
Kami sedang menunggu tanda tangan dari Tuan Guru Bajang untuk mencairkan dana.,"[{""start"": 39, ""end"": 55, ""label"": ""PER""}]"
"Rumah kost berada di Jalan Cemara No. 54A, RT 18/RW 09, Desa Cibogo, Kec. Sukasari, Denpasar, Bali, 51156.","[{""start"": 21, ""end"": 105, ""label"": ""ADR""}]"
"Anies Baswedan, Vladimir Putin, serta Jean-Pierre Dubois kompak hadir dalam acara itu.","[{""start"": 0, ""end"": 14, ""label"": ""PER""}, {""start"": 16, ""end"": 30, ""label"": ""PER""}, {""start"": 38, ""end"": 56, ""label"": ""PER""}]"
"Nama: Franklin D. Roosevelt, Alamat: Dusun Sumber RT 08/RW 07, Kel. Cihapit, Kec. Tegalsari, Kab. Sidoarjo.","[{""start"": 6, ""end"": 27, ""label"": ""PER""}, {""start"": 37, ""end"": 106, ""label"": ""ADR""}]"
Kemarin mobilnya H. Rhoma Irama mogok di jalan tol.,"[{""start"": 17, ""end"": 31, ""label"": ""PER""}]"
"Panitia mengundang Nadiem Makarim, LeBron James, Wahyu, dan Ahmad Yani sebagai narasumber.","[{""start"": 19, ""end"": 33, ""label"": ""PER""}, {""start"": 35, ""end"": 47, ""label"": ""PER""}, {""start"": 49, ""end"": 54, ""label"": ""PER""}, {""start"": 60, ""end"": 70, ""label"": ""PER""}]"
Laporan tersebut telah dikirimkan langsung ke meja Vladimir Putin.,"[{""start"": 51, ""end"": 65, ""label"": ""PER""}]"
INFLASI TAHUNAN TURUN KE LEVEL TERENDAH.,[]
"Paket untuk Kobe Bryant dikirim ke Gang Basuki Rahmat No. 115B, RT 11/RW 10, Kel. Tegalsari, Balikpapan.","[{""start"": 12, ""end"": 23, ""label"": ""PER""}, {""start"": 35, ""end"": 103, ""label"": ""ADR""}]"
"Silakan kirim paket ke Perumahan Taman Sari Blok H11 No. 40, Manado.","[{""start"": 23, ""end"": 67, ""label"": ""ADR""}]"
Kantor cabang baru akan dibuka di Manado.,[]
Gagasan yang dikemukakan oleh Cak Lontong memicu perdebatan panjang.,"[{""start"": 30, ""end"": 41, ""label"": ""PER""}]"
Ia baru saja pindah ke Paris.,[]
Kami sudah lama menetap di Malang.,[]
KARYA SENI MILIK DONI BERHASIL TERJUAL DENGAN HARGA FANTASTIS.,"[{""start"": 17, ""end"": 21, ""label"": ""PER""}]"
Dokumen itu merujuk pada Makassar.,[]
Kantor cabang baru akan dibuka di Amsterdam.,[]
Proyek ini dipimpin langsung oleh Kim Jong-un.,"[{""start"": 34, ""end"": 45, ""label"": ""PER""}]"
"Silakan kirim paket ke Jalan Basuki Rahmat No. 118B, Palembang.","[{""start"": 23, ""end"": 62, ""label"": ""ADR""}]"
"Ia baru saja pindah ke Perumahan Puri Nirwana Blok A8 No. 23, Makassar.","[{""start"": 23, ""end"": 70, ""label"": ""ADR""}]"
Acara tersebut diselenggarakan di 17 Agustus 1945.,[]
"Rumah beliau berada di Apartemen Kemang Village Tower D Lantai 29, Jakarta.","[{""start"": 23, ""end"": 74, ""label"": ""ADR""}]"
Buku terbaru itu ditulis oleh I Gusti Ngurah Rai dan diterbitkan bulan lalu.,"[{""start"": 30, ""end"": 48, ""label"": ""PER""}]"
Neymar Jr. dan Anggun C. Sasmi kompak hadir dalam acara itu.,"[{""start"": 0, ""end"": 10, ""label"": ""PER""}, {""start"": 15, ""end"": 30, ""label"": ""PER""}]"
KOST SEMUA DIUNDANG UNTUK HADIR DALAM ACARA TERSEBUT.,[]
"Surat untuk Faisal Rahman, S.E., Ak., CA. dialamatkan ke Gg. Mangga Dua No. 46B, Balikpapan.","[{""start"": 12, ""end"": 41, ""label"": ""PER""}, {""start"": 57, ""end"": 91, ""label"": ""ADR""}]"
Kantor cabang baru akan dibuka di Balikpapan.,[]
Proyek ini dipimpin langsung oleh Steve Jobs.,"[{""start"": 34, ""end"": 44, ""label"": ""PER""}]"
Apakah kamu sudah menghubungi Fajar Nugraha hari ini?,"[{""start"": 30, ""end"": 43, ""label"": ""PER""}]"
"KTP atas nama Megawati Soekarnoputri beralamat di Jl. Merdeka No. 172A, RT 06/RW 12, Kel. Antapani, Kec. Sukasari, Medan, Jawa Tengah, 36807.","[{""start"": 14, ""end"": 36, ""label"": ""PER""}, {""start"": 50, ""end"": 140, ""label"": ""ADR""}]"
"NAMA LENGKAP: BASUKI RAHMAT
ALAMAT: JALAN RAJAWALI NO. 48, DENPASAR.","[{""start"": 14, ""end"": 27, ""label"": ""PER""}, {""start"": 36, ""end"": 67, ""label"": ""ADR""}]"
"Menurut Kim Jong-un, Google perlu dievaluasi ulang.","[{""start"": 8, ""end"": 19, ""label"": ""PER""}]"
Kantor pusatnya berlokasi di Indonesia.,[]
Banyak pihak yang setuju dengan analisis Rina Nose mengenai krisis ekonomi.,"[{""start"": 41, ""end"": 50, ""label"": ""PER""}]"
"Nama Lengkap: Gatot Subroto
Alamat: Jalan Kenanga No. 57A, RT 08/RW 12, Kel. Cihapit, Palembang.","[{""start"": 14, ""end"": 27, ""label"": ""PER""}, {""start"": 36, ""end"": 95, ""label"": ""ADR""}]"
"GATOT SUBROTO, SELAKU KEPALA SEKOLAH, HADIR DALAM KONFERENSI PERS.","[{""start"": 0, ""end"": 13, ""label"": ""PER""}]"
"Kantor kami beralamat di Jalan Ahmad Dahlan No. 27B, RT 19/RW 02, Desa Cibogo, Bekasi.","[{""start"": 25, ""end"": 85, ""label"": ""ADR""}]"
Jangan lupa undang Dra. Kartini Rahayu ke acara ulang tahun minggu depan.,"[{""start"": 19, ""end"": 38, ""label"": ""PER""}]"
BAIK GATOT SUBROTO MAUPUN B.J. HABIBIE BELUM MEMBERIKAN KOMENTAR.,"[{""start"": 5, ""end"": 18, ""label"": ""PER""}, {""start"": 26, ""end"": 38, ""label"": ""PER""}]"
"Prof. Dr. Ing. B.J. Habibie baru saja pindah ke Apartemen Green Pramuka City Tower B Lantai 8, Manado.","[{""start"": 0, ""end"": 27, ""label"": ""PER""}, {""start"": 48, ""end"": 101, ""label"": ""ADR""}]"
Hakim Ketua Cak Lontong meresmikan acara tersebut.,"[{""start"": 12, ""end"": 23, ""label"": ""PER""}]"
Kemarin saya pergi ke Belitung untuk urusan pekerjaan.,[]
Kost hadir dalam acara itu belum dikonfirmasi panitia.,[]
CUACA EKSTREM DIPERKIRAKAN LANDA JAKARTA PEKAN INI.,[]
"Ketua DPR RI, AKBP Ade Safri Simanjuntak, meresmikan acara tersebut.","[{""start"": 14, ""end"": 40, ""label"": ""PER""}]"
"Di antara peserta terdapat Bernard Arnault, Bill Gates, Boris Johnson, dan drh. Bimo Prakoso.","[{""start"": 27, ""end"": 42, ""label"": ""PER""}, {""start"": 44, ""end"": 54, ""label"": ""PER""}, {""start"": 56, ""end"": 69, ""label"": ""PER""}, {""start"": 75, ""end"": 92, ""label"": ""PER""}]"
"Di antara peserta terdapat Tio, Dini Imaniar, Eko, dan Buya Hamka.","[{""start"": 27, ""end"": 30, ""label"": ""PER""}, {""start"": 32, ""end"": 44, ""label"": ""PER""}, {""start"": 46, ""end"": 49, ""label"": ""PER""}, {""start"": 55, ""end"": 65, ""label"": ""PER""}]"
"Menurut Cristiano Ronaldo dan Faisal Rahman, S.E., Ak., CA., kebijakan ini perlu direvisi.","[{""start"": 8, ""end"": 25, ""label"": ""PER""}, {""start"": 30, ""end"": 59, ""label"": ""PER""}]"
Kami sudah lama menetap di Jakarta.,[]
Lengkap hadir dalam acara itu belum dikonfirmasi panitia.,[]
Gagasan yang dikemukakan oleh Dian Sastrowardoyo memicu perdebatan panjang.,"[{""start"": 30, ""end"": 48, ""label"": ""PER""}]"
Sudirman bertemu dengan rekannya di Tesla.,"[{""start"": 0, ""end"": 8, ""label"": ""PER""}]"
Made adalah salah satu tokoh penting dalam sejarah.,"[{""start"": 0, ""end"": 4, ""label"": ""PER""}]"
"Nama: Sri Sultan Hamengkubuwono X, Alamat: Gg. Cemara No. 126, RT 17/RW 08, Desa Sukamaju, Kec. Cimahi Utara, Denpasar, Kalimantan Timur, 65413.","[{""start"": 6, ""end"": 33, ""label"": ""PER""}, {""start"": 43, ""end"": 143, ""label"": ""ADR""}]"
"PAKET UNTUK AHMAD DAHLAN DIKIRIM KE 8 BAKER AVENUE, TOKYO, 89772, JEPANG.","[{""start"": 12, ""end"": 24, ""label"": ""PER""}, {""start"": 36, ""end"": 72, ""label"": ""ADR""}]"
@TIO BARU SAJA MENGUNGGAH FOTO LIBURANNYA.,"[{""start"": 1, ""end"": 4, ""label"": ""PER""}]"
"Ia baru saja pindah ke Jl. Mawar No. 110A, Depok.","[{""start"": 23, ""end"": 48, ""label"": ""ADR""}]"
Kami bukan bagian dari agenda rapat kali ini.,[]
Fajar berada di lokasi yang sudah ditentukan.,[]
"Mark Zuckerberg, selaku Pembawa Acara, hadir dalam konferensi pers.","[{""start"": 0, ""end"": 15, ""label"": ""PER""}]"
"Menurut laporan, Balikpapan mengalami peningkatan signifikan.",[]
"Kost berada di Jl. Cempaka Putih No. 120A, RT 02/RW 03, Kel. Antapani, Kec. Buah Batu, Bogor, DKI Jakarta, 32337.","[{""start"": 15, ""end"": 112, ""label"": ""ADR""}]"
"Pembawa Acara, Diponegoro, meresmikan acara tersebut.","[{""start"": 15, ""end"": 25, ""label"": ""PER""}]"
"Rangga Pratama, S.Kom., M.Kom. resmi menjabat sebagai Panglima TNI mulai bulan depan.","[{""start"": 0, ""end"": 30, ""label"": ""PER""}]"
"Tim tersebut beranggotakan Prof. Dr. Ing. B.J. Habibie, Angela Merkel, R.M. Said Prawirosoedirdjo, dan Prof. Ir. Bambang Permadi Soemantri Brodjonegoro, M.Sc..","[{""start"": 27, ""end"": 54, ""label"": ""PER""}, {""start"": 56, ""end"": 69, ""label"": ""PER""}, {""start"": 71, ""end"": 97, ""label"": ""PER""}, {""start"": 103, ""end"": 158, ""label"": ""PER""}]"
"Halo semua, nama gue Kennedy, salam kenal ya!","[{""start"": 21, ""end"": 28, ""label"": ""PER""}]"
Nomor kontak yang bisa dihubungi adalah Bank Woori Saudara.,[]
"Anthony Albanese menegaskan, ""kami akan terus berusaha.""","[{""start"": 0, ""end"": 16, ""label"": ""PER""}]"
"Panglima TNI, Michael McDonald, meresmikan acara tersebut.","[{""start"": 14, ""end"": 30, ""label"": ""PER""}]"
"KTP menunjukkan alamat di 442 Wall Lane, London, YI7 1CQ, Inggris.","[{""start"": 26, ""end"": 65, ""label"": ""ADR""}]"
"Menurut Rektor Universitas Indonesia Budi, kebijakan ini akan segera direvisi.","[{""start"": 37, ""end"": 41, ""label"": ""PER""}]"
"Kemarin saya bertemu dengan Bambang Permadi Soemantri Brodjonegoro, M.Sc. di stasiun.","[{""start"": 28, ""end"": 73, ""label"": ""PER""}]"
Eko Yuli Irawan menghadiri rapat mengenai London pagi ini.,"[{""start"": 0, ""end"": 15, ""label"": ""PER""}]"
Rishi Sunak resmi menjabat sebagai CEO Tesla mulai bulan depan.,"[{""start"": 0, ""end"": 11, ""label"": ""PER""}]"
"Sesuai catatan sipil, domisili tercatat di Apartemen Kalibata City Tower Melati Lantai 10, Yogyakarta.","[{""start"": 43, ""end"": 101, ""label"": ""ADR""}]"
Pihak kepolisian masih memeriksa Zinedine Zidane sebagai saksi utama.,"[{""start"": 33, ""end"": 48, ""label"": ""PER""}]"
Apakah kamu sudah menghubungi Dr. Andi Wijaya hari ini?,"[{""start"": 30, ""end"": 45, ""label"": ""PER""}]"
"RUMAH BELIAU BERADA DI 377 OXFORD BOULEVARD, NEW YORK, AMERIKA SERIKAT.","[{""start"": 23, ""end"": 70, ""label"": ""ADR""}]"
"Nama: Puan Maharani, Alamat: Gang Cemara No. 24B, RT 12/RW 08, Kel. Tegalsari, Bogor.","[{""start"": 6, ""end"": 19, ""label"": ""PER""}, {""start"": 29, ""end"": 84, ""label"": ""ADR""}]"
Bernard Arnault menghadiri rapat mengenai Balikpapan pagi ini.,"[{""start"": 0, ""end"": 15, ""label"": ""PER""}]"
"Rektor Universitas Indonesia, Simone Biles, meresmikan acara tersebut.","[{""start"": 30, ""end"": 42, ""label"": ""PER""}]"
"Rapat RT akan diadakan di 765 King Boulevard, Singapura, 10123, Singapura.","[{""start"": 26, ""end"": 73, ""label"": ""ADR""}]"
"Winston Churchill, selaku Pelukis, hadir dalam konferensi pers.","[{""start"": 0, ""end"": 17, ""label"": ""PER""}]"
"Saya punya saudara di jakarta namanya dr. Tirta Mandira Hudhi, M.Ked..","[{""start"": 38, ""end"": 69, ""label"": ""PER""}]"
Yang berada di lokasi yang sudah ditentukan.,[]
"SURAT UNTUK ERICK THOHIR DIALAMATKAN KE JALAN CEMPAKA PUTIH NO. 95A, RT 08/RW 20, KEL. TEGALSARI, MALANG.","[{""start"": 12, ""end"": 24, ""label"": ""PER""}, {""start"": 40, ""end"": 104, ""label"": ""ADR""}]"
"KTP atas nama Imam Bonjol beralamat di Jalan Sudirman No. 54, RT 16/RW 05, Kel. Gubeng, Kec. Tegalsari, Manado, Sulawesi Selatan, 47050.","[{""start"": 14, ""end"": 25, ""label"": ""PER""}, {""start"": 39, ""end"": 135, ""label"": ""ADR""}]"
"Silakan kirim paket ke Gang Kebon Jeruk No. 185, Tangerang.","[{""start"": 23, ""end"": 58, ""label"": ""ADR""}]"
Apakah kamu sudah menghubungi Rian hari ini?,"[{""start"": 30, ""end"": 34, ""label"": ""PER""}]"
Vladimir Putin bertemu dengan rekannya di Rp1.000.000.,"[{""start"": 0, ""end"": 14, ""label"": ""PER""}]"
"Peserta pelatihan meliputi Irfan Hakim, Wati, dan Ahmad Dahlan dari kantor cabang.","[{""start"": 27, ""end"": 38, ""label"": ""PER""}, {""start"": 40, ""end"": 44, ""label"": ""PER""}, {""start"": 50, ""end"": 62, ""label"": ""PER""}]"
Nyoman resmi menjabat sebagai Ketua DPR RI mulai bulan depan.,"[{""start"": 0, ""end"": 6, ""label"": ""PER""}]"
Beyoncé berangkat ke kantor pagi ini.,"[{""start"": 0, ""end"": 7, ""label"": ""PER""}]"
"Menurut Kapolri Mahatma Gandhi, kebijakan ini akan segera direvisi.","[{""start"": 16, ""end"": 30, ""label"": ""PER""}]"
Apakah benar Rudi akan datang ke konferensi besok?,"[{""start"": 13, ""end"": 17, ""label"": ""PER""}]"
Kost hadir dalam acara itu belum dikonfirmasi panitia.,[]
"Yang hadir dalam pertemuan itu adalah Jean-Pierre Dubois, Kanjeng Gusti Pangeran Adipati Arya Mangkunegara IX, dan Gatot Subroto.","[{""start"": 38, ""end"": 56, ""label"": ""PER""}, {""start"": 58, ""end"": 109, ""label"": ""PER""}, {""start"": 115, ""end"": 128, ""label"": ""PER""}]"
"KTP menunjukkan alamat di Gang Mawar, RT 09/RW 15, Kel. Menteng, Surabaya.","[{""start"": 26, ""end"": 73, ""label"": ""ADR""}]"
Teori yang diusulkan oleh Pramoedya Ananta Toer telah dipatahkan oleh penemuan baru.,"[{""start"": 26, ""end"": 47, ""label"": ""PER""}]"
Tio resmi menjabat sebagai CEO Tesla mulai bulan depan.,"[{""start"": 0, ""end"": 3, ""label"": ""PER""}]"
Ia baru saja pindah ke Jawa Tengah.,[]
Kami sedang menunggu tanda tangan dari Leonardo DiCaprio untuk mencairkan dana.,"[{""start"": 39, ""end"": 56, ""label"": ""PER""}]"
Michael Jordan adalah gubernur jawa barat.,"[{""start"": 0, ""end"": 14, ""label"": ""PER""}]"
"Paket untuk Agnez Mo dikirim ke 396 Wall Lane, Paris, Prancis.","[{""start"": 12, ""end"": 20, ""label"": ""PER""}, {""start"": 32, ""end"": 61, ""label"": ""ADR""}]"
"Barack Obama, Puan Maharani, serta Budi Gunadi Sadikin kompak hadir dalam acara itu.","[{""start"": 0, ""end"": 12, ""label"": ""PER""}, {""start"": 14, ""end"": 27, ""label"": ""PER""}, {""start"": 35, ""end"": 54, ""label"": ""PER""}]"
"Panitia mengundang Komang, Megawati Soekarnoputri, dan Bernard Arnault sebagai narasumber.","[{""start"": 19, ""end"": 25, ""label"": ""PER""}, {""start"": 27, ""end"": 49, ""label"": ""PER""}, {""start"": 55, ""end"": 70, ""label"": ""PER""}]"
"""Ini adalah langkah yang tepat,"" tutur Kartika Sari, Sp.KG kepada wartawan.","[{""start"": 39, ""end"": 58, ""label"": ""PER""}]"
"Rumah kost berada di Dusun Karangasem RT 06/RW 10, Kel. Sukajadi, Kec. Coblong, Kab. Cirebon.","[{""start"": 21, ""end"": 92, ""label"": ""ADR""}]"
Kemarin saya bertemu dengan Sri Sultan Hamengkubuwono X di New York.,"[{""start"": 28, ""end"": 55, ""label"": ""PER""}]"
@justintrudeau membagikan update terbaru di akunnya.,"[{""start"": 1, ""end"": 14, ""label"": ""PER""}]"
MARIE CURIE ADALAH GUBERNUR JAWA BARAT.,"[{""start"": 0, ""end"": 11, ""label"": ""PER""}]"
"Albert Einstein, selaku Perdana Menteri Inggris, hadir dalam konferensi pers.","[{""start"": 0, ""end"": 15, ""label"": ""PER""}]"
"Daftar penerima meliputi Prabowo Subianto, K.H. Ma'ruf Amin, dan drg. Maya Kusuma dari divisi terkait.","[{""start"": 25, ""end"": 41, ""label"": ""PER""}, {""start"": 43, ""end"": 59, ""label"": ""PER""}, {""start"": 65, ""end"": 81, ""label"": ""PER""}]"
"Diponegoro baru saja pindah ke Gg. Imam Bonjol No. 57, RT 18/RW 16, Kel. Cihapit, Manado.","[{""start"": 0, ""end"": 10, ""label"": ""PER""}, {""start"": 31, ""end"": 88, ""label"": ""ADR""}]"
Kost mulai terlihat sejak dini hari.,[]
"Paket untuk Kartika Sari, Sp.KG dikirim ke Gang Ahmad Dahlan No. 190A, RT 13/RW 14, Kel. Cihapit, Medan.","[{""start"": 12, ""end"": 31, ""label"": ""PER""}, {""start"": 43, ""end"": 103, ""label"": ""ADR""}]"
"Menurut Jacinda Ardern, Bogor perlu dievaluasi ulang.","[{""start"": 8, ""end"": 22, ""label"": ""PER""}]"
"Alamat saya di Jl. Kebon Jeruk No. 125, Surabaya.","[{""start"": 15, ""end"": 48, ""label"": ""ADR""}]"
Jangan lupa follow @abdurrahmanwahid untuk info terkini.,"[{""start"": 20, ""end"": 36, ""label"": ""PER""}]"
"Rapat RT akan diadakan di Jl. Flamboyan No. 17B, RT 18/RW 11, Desa Sukamaju, Kec. Menteng, Malang, Bali, 59112.","[{""start"": 26, ""end"": 110, ""label"": ""ADR""}]"
Dokumen itu merujuk pada Depok.,[]
Laporan tersebut telah dikirimkan langsung ke meja Sri Mulyani.,"[{""start"": 51, ""end"": 62, ""label"": ""PER""}]"
Surat dari Shah Rukh Khan membahas rencana terkait Bekasi.,"[{""start"": 11, ""end"": 25, ""label"": ""PER""}]"
Nomor kontak Diponegoro bisa dihubungi melalui Bank Mandiri.,"[{""start"": 13, ""end"": 23, ""label"": ""PER""}]"
Kost semua diundang untuk hadir dalam acara tersebut.,[]
"Kost berada di 216 Orchard Drive, New York, 56280, Amerika Serikat.","[{""start"": 15, ""end"": 66, ""label"": ""ADR""}]"
"KTP menunjukkan alamat di Gang Kebon Jeruk, RT 17/RW 08, Desa Cibogo, Bogor.","[{""start"": 26, ""end"": 75, ""label"": ""ADR""}]"
Penghargaan Nobel tahun ini jatuh kepada Putri atas dedikasinya.,"[{""start"": 41, ""end"": 46, ""label"": ""PER""}]"
"Menurut Kepala Sekolah Gatot Subroto, kebijakan ini akan segera direvisi.","[{""start"": 23, ""end"": 36, ""label"": ""PER""}]"
Jangan lupa follow @fajar untuk info terkini.,"[{""start"": 20, ""end"": 25, ""label"": ""PER""}]"
Narendra Modi bekerja di 17 Agustus 1945.,"[{""start"": 0, ""end"": 13, ""label"": ""PER""}]"
"Menurut Neymar Jr. dan Guillermo del Toro, kebijakan ini perlu direvisi.","[{""start"": 8, ""end"": 18, ""label"": ""PER""}, {""start"": 23, ""end"": 41, ""label"": ""PER""}]"
Gagasan yang dikemukakan oleh Dewi memicu perdebatan panjang.,"[{""start"": 30, ""end"": 34, ""label"": ""PER""}]"
"Rapat RT akan diadakan di Gg. Merdeka No. 160A, RT 09/RW 15, Desa Sukamaju, Kec. Menteng, Jakarta, DKI Jakarta, 56878.","[{""start"": 26, ""end"": 117, ""label"": ""ADR""}]"
"Rapat RT akan diadakan di Jl. Mangga Dua, RT 13/RW 10, Kel. Gubeng, Kec. Tegalsari, Bekasi, Jawa Tengah, 29603.","[{""start"": 26, ""end"": 110, ""label"": ""ADR""}]"
"""Medan adalah prioritas kita,"" kata Rishi Sunak.","[{""start"": 36, ""end"": 47, ""label"": ""PER""}]"
"Sukaryo tinggal di Gang Imam Bonjol No. 133B, RT 17/RW 09, Kel. Sukajadi, Kec. Menteng, Tangerang, Kalimantan Timur, 19070.","[{""start"": 0, ""end"": 7, ""label"": ""PER""}, {""start"": 19, ""end"": 122, ""label"": ""ADR""}]"
"NAMA: WARREN BUFFETT, ALAMAT: JALAN GATOT SUBROTO NO. 156A, BEKASI.","[{""start"": 6, ""end"": 20, ""label"": ""PER""}, {""start"": 30, ""end"": 66, ""label"": ""ADR""}]"
"Alamat saya di 274 Churchill Street, Dubai, 25362, Uni Emirat Arab.","[{""start"": 15, ""end"": 66, ""label"": ""ADR""}]"
"Tim tersebut beranggotakan Prof. Dr. Ing. B.J. Habibie, Gusti Kanjeng Ratu Hemas, dan Anne-Marie Laurent.","[{""start"": 27, ""end"": 54, ""label"": ""PER""}, {""start"": 56, ""end"": 80, ""label"": ""PER""}, {""start"": 86, ""end"": 104, ""label"": ""PER""}]"
"NAMA: DEWI ANGGRAINI, S.PSI., PSIKOLOG, ALAMAT: PERUMAHAN GRIYA ASRI BLOK B8 NO. 38, YOGYAKARTA.","[{""start"": 6, ""end"": 38, ""label"": ""PER""}, {""start"": 48, ""end"": 95, ""label"": ""ADR""}]"
Fatima binti Muhammad berangkat ke kantor pagi ini.,"[{""start"": 0, ""end"": 21, ""label"": ""PER""}]"
KEMARIN MOBILNYA DRG. MAYA KUSUMA MOGOK DI JALAN TOL.,"[{""start"": 17, ""end"": 33, ""label"": ""PER""}]"
"Nama Lengkap: Tubagus Chasan Sochib
Alamat: Jl. Kebon Jeruk No. 119, RT 06/RW 13, Kel. Tegalsari, Kec. Gubeng, Medan, Sumatera Utara, 36741.","[{""start"": 14, ""end"": 35, ""label"": ""PER""}, {""start"": 44, ""end"": 139, ""label"": ""ADR""}]"
"Jefferson tinggal di Jalan Anggrek No. 60, Yogyakarta.","[{""start"": 0, ""end"": 9, ""label"": ""PER""}, {""start"": 21, ""end"": 53, ""label"": ""ADR""}]"
"Pembawa Acara, Ebiet G. Ade, meresmikan acara tersebut.","[{""start"": 15, ""end"": 27, ""label"": ""PER""}]"
"Surat untuk Donald Trump dialamatkan ke Gang Mawar No. 44A, RT 06/RW 09, Kel. Gubeng, Balikpapan.","[{""start"": 12, ""end"": 24, ""label"": ""PER""}, {""start"": 40, ""end"": 96, ""label"": ""ADR""}]"
Tolong sampaikan pesan ini kepada B.J. Habibie secepatnya.,"[{""start"": 34, ""end"": 46, ""label"": ""PER""}]"
Agus Harimurti Yudhoyono menghadiri rapat mengenai COVID-19 pagi ini.,"[{""start"": 0, ""end"": 24, ""label"": ""PER""}]"
Surat dari Fitri membahas rencana terkait Manado.,"[{""start"": 11, ""end"": 16, ""label"": ""PER""}]"
"Menurut Anies Baswedan dan Fajar, kebijakan ini perlu direvisi.","[{""start"": 8, ""end"": 22, ""label"": ""PER""}, {""start"": 27, ""end"": 32, ""label"": ""PER""}]"
"Putri, Zinedine Zidane, serta Yudi kompak hadir dalam acara itu.","[{""start"": 0, ""end"": 5, ""label"": ""PER""}, {""start"": 7, ""end"": 22, ""label"": ""PER""}, {""start"": 30, ""end"": 34, ""label"": ""PER""}]"
Penyanyi Ganjar Pranowo menyampaikan pernyataan resmi kemarin.,"[{""start"": 9, ""end"": 23, ""label"": ""PER""}]"
"Dalam konferensi persnya, Gusti Kanjeng Ratu Hemas menolak memberikan komentar.","[{""start"": 26, ""end"": 50, ""label"": ""PER""}]"
Kami bukan bagian dari agenda rapat kali ini.,[]
"KTP atas nama Joe Taslim beralamat di Jl. Kebon Jeruk No. 103, Makassar.","[{""start"": 14, ""end"": 24, ""label"": ""PER""}, {""start"": 38, ""end"": 71, ""label"": ""ADR""}]"
"Nama: Megawati Soekarnoputri, Alamat: Jalan Mangga Dua No. 116A, RT 15/RW 20, Kel. Gubeng, Kec. Menteng, Surabaya, DKI Jakarta, 84317.","[{""start"": 6, ""end"": 28, ""label"": ""PER""}, {""start"": 38, ""end"": 133, ""label"": ""ADR""}]"
Proyek ini dipimpin langsung oleh Anne-Marie Laurent.,"[{""start"": 34, ""end"": 52, ""label"": ""PER""}]"
"KTP menunjukkan alamat di Gang Rajawali, RT 04/RW 13, Kel. Sukajadi, Bekasi.","[{""start"": 26, ""end"": 75, ""label"": ""ADR""}]"
Surat dari Gatot Subroto membahas rencana terkait Jakarta.,"[{""start"": 11, ""end"": 24, ""label"": ""PER""}]"
"Panitia mengundang Lionel Messi, Raisa Andriana, Joe Biden, dan dr. Tirta Mandira Hudhi, M.Ked. sebagai narasumber.","[{""start"": 19, ""end"": 31, ""label"": ""PER""}, {""start"": 33, ""end"": 47, ""label"": ""PER""}, {""start"": 49, ""end"": 58, ""label"": ""PER""}, {""start"": 64, ""end"": 95, ""label"": ""PER""}]"
Saya punya saudara di jakarta namanya Vladimir Putin.,"[{""start"": 38, ""end"": 52, ""label"": ""PER""}]"
"Nama: Gusti Kanjeng Ratu Hemas, Alamat: Gg. Diponegoro No. 39A, Bogor.","[{""start"": 6, ""end"": 30, ""label"": ""PER""}, {""start"": 40, ""end"": 69, ""label"": ""ADR""}]"
"Ida Bagus Oka baru saja pindah ke Perumahan Bukit Indah Blok A9 No. 21, Medan.","[{""start"": 0, ""end"": 13, ""label"": ""PER""}, {""start"": 34, ""end"": 77, ""label"": ""ADR""}]"
"Nama: Dr. Andi Wijaya, Alamat: Gang Mangga Dua No. 35B, RT 09/RW 11, Kel. Sukajadi, Kec. Sukasari, Surabaya, DI Yogyakarta, 63667.","[{""start"": 6, ""end"": 21, ""label"": ""PER""}, {""start"": 31, ""end"": 129, ""label"": ""ADR""}]"
Habib Rizieq Shihab menghadiri rapat mengenai Google pagi ini.,"[{""start"": 0, ""end"": 19, ""label"": ""PER""}]"
"Surat untuk Ahmad Yani dialamatkan ke Gang Cempaka Putih No. 154, Denpasar.","[{""start"": 12, ""end"": 22, ""label"": ""PER""}, {""start"": 38, ""end"": 74, ""label"": ""ADR""}]"
Surat itu dikirim oleh Larry Page di Depok minggu lalu.,"[{""start"": 23, ""end"": 33, ""label"": ""PER""}]"
Hakim Ketua sebelumnya adalah Iko Uwais.,"[{""start"": 30, ""end"": 39, ""label"": ""PER""}]"
Laporan tersebut telah dikirimkan langsung ke meja Ustadzah Oki Setiana Dewi.,"[{""start"": 51, ""end"": 76, ""label"": ""PER""}]"
"Tim tersebut beranggotakan Scarlett Johansson, Michael McDonald, Putri, dan Tuan Guru Bajang.","[{""start"": 27, ""end"": 45, ""label"": ""PER""}, {""start"": 47, ""end"": 63, ""label"": ""PER""}, {""start"": 65, ""end"": 70, ""label"": ""PER""}, {""start"": 76, ""end"": 92, ""label"": ""PER""}]"
"Menurut Sandiaga Uno, ""keputusan ini sudah final.""","[{""start"": 8, ""end"": 20, ""label"": ""PER""}]"
"Nama: Fatima binti Muhammad, Alamat: Jalan Merdeka No. 7, Balikpapan.","[{""start"": 6, ""end"": 27, ""label"": ""PER""}, {""start"": 37, ""end"": 68, ""label"": ""ADR""}]"
Nelson Mandela menghadiri rapat mengenai Bank Woori Saudara pagi ini.,"[{""start"": 0, ""end"": 14, ""label"": ""PER""}]"
Rapat dewan direksi besok akan dipimpin oleh Zinedine Zidane.,"[{""start"": 45, ""end"": 60, ""label"": ""PER""}]"
"Dalam konferensi persnya, Kim Jong-un menolak memberikan komentar.","[{""start"": 26, ""end"": 37, ""label"": ""PER""}]"
"Di antara peserta terdapat Sergey Brin, I Gusti Ngurah Rai, dan Fatima binti Muhammad.","[{""start"": 27, ""end"": 38, ""label"": ""PER""}, {""start"": 40, ""end"": 58, ""label"": ""PER""}, {""start"": 64, ""end"": 85, ""label"": ""PER""}]"
"Penerima: Dr. Andi Wijaya, Tujuan: Gang Flamboyan No. 2, RT 12/RW 12, Kel. Cihapit, Kec. Gubeng, Semarang, Bali, 82361","[{""start"": 10, ""end"": 25, ""label"": ""PER""}, {""start"": 35, ""end"": 118, ""label"": ""ADR""}]"
"PENERIMA: LEONARDO DICAPRIO, TUJUAN: DUSUN TEGALREJO RT 16/RW 03, KEL. CIHAPIT, KEC. MENTENG, KAB. MALANG","[{""start"": 10, ""end"": 27, ""label"": ""PER""}, {""start"": 37, ""end"": 105, ""label"": ""ADR""}]"
"Alamat saya di 161 Churchill Road, New York, 19936, Amerika Serikat.","[{""start"": 15, ""end"": 67, ""label"": ""ADR""}]"
"Nama: Rudi, Alamat: Perumahan Villa Melati Blok D10 No. 36, Depok.","[{""start"": 6, ""end"": 10, ""label"": ""PER""}, {""start"": 20, ""end"": 65, ""label"": ""ADR""}]"
"Yang hadir dalam pertemuan itu adalah drh. Bimo Prakoso, Brigjen Pol Listyo Sigit Prabowo, dan Fatima binti Muhammad.","[{""start"": 38, ""end"": 55, ""label"": ""PER""}, {""start"": 57, ""end"": 89, ""label"": ""PER""}, {""start"": 95, ""end"": 116, ""label"": ""PER""}]"
"""Saya akan segera berangkat,"" ujar Lionel Messi.","[{""start"": 35, ""end"": 47, ""label"": ""PER""}]"
Direktur Utama Sukaryo meresmikan acara tersebut.,"[{""start"": 15, ""end"": 22, ""label"": ""PER""}]"
Cristiano Ronaldo resmi menjabat sebagai Pembawa Acara mulai bulan depan.,"[{""start"": 0, ""end"": 17, ""label"": ""PER""}]"
Kami sudah lama menetap di London.,[]
"Kepala Sekolah, Jacinda Ardern, menyampaikan pernyataan resmi kemarin.","[{""start"": 16, ""end"": 30, ""label"": ""PER""}]"
Gubernur DKI Jakarta sebelumnya adalah Ahmad Dahlan.,"[{""start"": 39, ""end"": 51, ""label"": ""PER""}]"
Laporan tersebut telah dikirimkan langsung ke meja Bruce Lee.,"[{""start"": 51, ""end"": 60, ""label"": ""PER""}]"
R.M. Said Prawirosoedirdjo bekerja di 17 Agustus 1945.,"[{""start"": 0, ""end"": 26, ""label"": ""PER""}]"
Ketua DPR RI McDonald meresmikan acara tersebut.,"[{""start"": 13, ""end"": 21, ""label"": ""PER""}]"
"Alamat saya di Jl. Mangga Dua No. 89, RT 03/RW 03, Kel. Antapani, Kec. Buah Batu, Yogyakarta, Sumatera Utara, 59036.","[{""start"": 15, ""end"": 115, ""label"": ""ADR""}]"
APAKAH KAMU SUDAH MENGHUBUNGI B.J. HABIBIE HARI INI?,"[{""start"": 30, ""end"": 42, ""label"": ""PER""}]"
Saya melihat Anthony Albanese sedang makan siang di kantin.,"[{""start"": 13, ""end"": 29, ""label"": ""PER""}]"
Acara tersebut diselenggarakan di Kuala Lumpur.,[]
Atlet mulai terlihat sejak dini hari.,[]
Kami sedang menunggu tanda tangan dari Kyai Haji Hasyim Asy'ari untuk mencairkan dana.,"[{""start"": 39, ""end"": 63, ""label"": ""PER""}]"
Kemarin saya bertemu dengan Basuki Rahmat di Yogyakarta.,"[{""start"": 28, ""end"": 41, ""label"": ""PER""}]"
"Paket untuk Martin Luther King Jr. dikirim ke Jl. Sudirman No. 90, Makassar.","[{""start"": 12, ""end"": 34, ""label"": ""PER""}, {""start"": 46, ""end"": 75, ""label"": ""ADR""}]"
Ahmad Dahlan adalah gubernur jawa barat.,"[{""start"": 0, ""end"": 12, ""label"": ""PER""}]"
"KTP atas nama Alif Santoso beralamat di Jl. Basuki Rahmat No. 72B, Manado.","[{""start"": 14, ""end"": 26, ""label"": ""PER""}, {""start"": 40, ""end"": 73, ""label"": ""ADR""}]"
Ia baru saja pindah ke Sydney.,[]
Saya tinggal di Balikpapan sejak kecil.,[]
IA BARU SAJA PINDAH KE JAWA BARAT.,[]
Jangan lupa undang Hj. Siti Fatimah ke acara ulang tahun minggu depan.,"[{""start"": 19, ""end"": 35, ""label"": ""PER""}]"
Pelukis Susi Susanti menyampaikan pernyataan resmi kemarin.,"[{""start"": 8, ""end"": 20, ""label"": ""PER""}]"
Ahmad Yani resmi menjabat sebagai Kepala Sekolah mulai bulan depan.,"[{""start"": 0, ""end"": 10, ""label"": ""PER""}]"
Xi Jinping tinggal di Surabaya sejak tahun lalu.,"[{""start"": 0, ""end"": 10, ""label"": ""PER""}]"
Xi Jinping bertemu dengan rekannya di Inggris.,"[{""start"": 0, ""end"": 10, ""label"": ""PER""}]"
"ALAMAT SAYA DI 424 KENNEDY STREET, BERLIN, 75542, JERMAN.","[{""start"": 15, ""end"": 56, ""label"": ""ADR""}]"
@dewianggrainispsipsikolog membagikan update terbaru di akunnya.,"[{""start"": 1, ""end"": 26, ""label"": ""PER""}]"
"Warren Buffett baru saja pindah ke Gg. Imam Bonjol, RT 09/RW 05, Kel. Gubeng, Balikpapan.","[{""start"": 0, ""end"": 14, ""label"": ""PER""}, {""start"": 35, ""end"": 88, ""label"": ""ADR""}]"
Baik Dedi Mulyadi maupun Conor O'Brien belum memberikan komentar.,"[{""start"": 5, ""end"": 17, ""label"": ""PER""}, {""start"": 25, ""end"": 38, ""label"": ""PER""}]"
"Kost berada di Jalan Rajawali No. 95A, RT 20/RW 08, Desa Sukamaju, Makassar.","[{""start"": 15, ""end"": 75, ""label"": ""ADR""}]"
Laporan tersebut telah dikirimkan langsung ke meja Erick Thohir.,"[{""start"": 51, ""end"": 63, ""label"": ""PER""}]"
Rapat dewan direksi besok akan dipimpin oleh Dedi Mulyadi.,"[{""start"": 45, ""end"": 57, ""label"": ""PER""}]"
"Tim tersebut beranggotakan Keanu Reeves, Kartika Sari, Sp.KG, dan Irfan Hakim.","[{""start"": 27, ""end"": 39, ""label"": ""PER""}, {""start"": 41, ""end"": 60, ""label"": ""PER""}, {""start"": 66, ""end"": 77, ""label"": ""PER""}]"
"RUMAH BELIAU BERADA DI JALAN BASUKI RAHMAT NO. 29A, RT 15/RW 18, KEL. SUKAJADI, BEKASI.","[{""start"": 23, ""end"": 86, ""label"": ""ADR""}]"
"""Saya akan segera berangkat,"" ujar Cristiano Ronaldo.","[{""start"": 35, ""end"": 52, ""label"": ""PER""}]"
"Hartono, S.T., M.T. baru saja pindah dari 19.00 WIB.","[{""start"": 0, ""end"": 19, ""label"": ""PER""}]"
"""Ini adalah langkah yang tepat,"" tutur Cak Lontong kepada wartawan.","[{""start"": 39, ""end"": 50, ""label"": ""PER""}]"
Jangan lupa follow @ahmadyani untuk info terkini.,"[{""start"": 20, ""end"": 29, ""label"": ""PER""}]"
Pihak kepolisian masih memeriksa Nyoman sebagai saksi utama.,"[{""start"": 33, ""end"": 39, ""label"": ""PER""}]"
"Sesuai catatan sipil, domisili tercatat di 793 Bridge Drive, Kuala Lumpur, Malaysia.","[{""start"": 43, ""end"": 83, ""label"": ""ADR""}]"
Penyanyi Ustadz Abdul Somad meresmikan acara tersebut.,"[{""start"": 9, ""end"": 27, ""label"": ""PER""}]"
"KTP atas nama Keanu Reeves beralamat di Jalan Merdeka, RT 05/RW 09, Kel. Antapani, Kec. Sukasari, Malang, DI Yogyakarta, 76879.","[{""start"": 14, ""end"": 26, ""label"": ""PER""}, {""start"": 40, ""end"": 126, ""label"": ""ADR""}]"
"Nelson Mandela, selaku Menteri Keuangan RI, hadir dalam konferensi pers.","[{""start"": 0, ""end"": 14, ""label"": ""PER""}]"
"""KUALA LUMPUR ADALAH PRIORITAS KITA,"" KATA DIPONEGORO.","[{""start"": 43, ""end"": 53, ""label"": ""PER""}]"
Jenderal Gatot Nurmantyo berangkat ke kantor pagi ini.,"[{""start"": 0, ""end"": 24, ""label"": ""PER""}]"
"Nama Lengkap: Basuki Rahmat
Alamat: Jalan Ahmad Yani No. 180B, Denpasar.","[{""start"": 14, ""end"": 27, ""label"": ""PER""}, {""start"": 36, ""end"": 71, ""label"": ""ADR""}]"
Saya tinggal di Semarang sejak kecil.,[]
Mawar mulai terlihat sejak dini hari.,[]
"Halo semua, nama gue Barack Obama, salam kenal ya!","[{""start"": 21, ""end"": 33, ""label"": ""PER""}]"
Banyak pihak yang setuju dengan analisis Budi mengenai krisis ekonomi.,"[{""start"": 41, ""end"": 45, ""label"": ""PER""}]"
Saya tinggal di Jawa Tengah sejak kecil.,[]
"""Terima kasih atas dukungannya,"" ucap Bruce Lee sambil tersenyum.","[{""start"": 38, ""end"": 47, ""label"": ""PER""}]"
Banyak pihak yang setuju dengan analisis Steve Jobs mengenai krisis ekonomi.,"[{""start"": 41, ""end"": 51, ""label"": ""PER""}]"
"""Ini adalah langkah yang tepat,"" tutur Irfan Hakim kepada wartawan.","[{""start"": 39, ""end"": 50, ""label"": ""PER""}]"
"Paket untuk Sri Mulyani dikirim ke Jl. Imam Bonjol No. 6, RT 20/RW 08, Desa Sukamaju, Denpasar.","[{""start"": 12, ""end"": 23, ""label"": ""PER""}, {""start"": 35, ""end"": 94, ""label"": ""ADR""}]"
"KTP menunjukkan alamat di 795 Bridge Road, London, NI5 4DX, Inggris.","[{""start"": 26, ""end"": 67, ""label"": ""ADR""}]"
Atlet hadir dalam acara itu belum dikonfirmasi panitia.,[]
Acara tersebut diselenggarakan di PBB.,[]
Angela Merkel tinggal di Manado sejak tahun lalu.,"[{""start"": 0, ""end"": 13, ""label"": ""PER""}]"
"NOMOR KONTAK DR. ANDI WIJAYA, SP.PD BISA DIHUBUNGI MELALUI GOOGLE.","[{""start"": 13, ""end"": 35, ""label"": ""PER""}]"
Keputusan final berada di tangan Diponegoro selaku manajer proyek.,"[{""start"": 33, ""end"": 43, ""label"": ""PER""}]"
Acara tersebut diselenggarakan di Tangerang.,[]
"Menurut Penyanyi Priyanka Chopra, kebijakan ini akan segera direvisi.","[{""start"": 17, ""end"": 32, ""label"": ""PER""}]"
"Peserta pelatihan meliputi Tigor Silaban, Hartono, S.T., M.T., dan Retno Marsudi dari kantor cabang.","[{""start"": 27, ""end"": 40, ""label"": ""PER""}, {""start"": 42, ""end"": 61, ""label"": ""PER""}, {""start"": 67, ""end"": 80, ""label"": ""PER""}]"
Ustadz Abdul Somad resmi menjabat sebagai Direktur Utama mulai bulan depan.,"[{""start"": 0, ""end"": 18, ""label"": ""PER""}]"
"Barack Obama menegaskan, ""kami akan terus berusaha.""","[{""start"": 0, ""end"": 12, ""label"": ""PER""}]"
PROYEK INI DIPIMPIN LANGSUNG OLEH SERGEY BRIN.,"[{""start"": 34, ""end"": 45, ""label"": ""PER""}]"
Apakah kamu sudah menghubungi Dian Sastrowardoyo hari ini?,"[{""start"": 30, ""end"": 48, ""label"": ""PER""}]"
"Kantor kami beralamat di Gg. Diponegoro No. 47A, Medan.","[{""start"": 25, ""end"": 54, ""label"": ""ADR""}]"
Prof. Emil Salim dan Joe Biden kompak hadir dalam acara itu.,"[{""start"": 0, ""end"": 16, ""label"": ""PER""}, {""start"": 21, ""end"": 30, ""label"": ""PER""}]"
HARGA BBM RESMI NAIK MULAI BESOK.,[]
"Nama: Boris Johnson, Alamat: Jalan Kenanga, Bandung.","[{""start"": 6, ""end"": 19, ""label"": ""PER""}, {""start"": 29, ""end"": 51, ""label"": ""ADR""}]"
Wahyu resmi menjabat sebagai Panglima TNI mulai bulan depan.,"[{""start"": 0, ""end"": 5, ""label"": ""PER""}]"
"Pihak kepolisian masih memeriksa Rangga Pratama, S.Kom., M.Kom. sebagai saksi utama.","[{""start"": 33, ""end"": 63, ""label"": ""PER""}]"
Karya seni milik Dedi Mulyadi berhasil terjual dengan harga fantastis.,"[{""start"": 17, ""end"": 29, ""label"": ""PER""}]"
@churchill baru saja mengunggah foto liburannya.,"[{""start"": 1, ""end"": 10, ""label"": ""PER""}]"
@jokowidodo membagikan update terbaru di akunnya.,"[{""start"": 1, ""end"": 11, ""label"": ""PER""}]"
@vladimirputin baru saja mengunggah foto liburannya.,"[{""start"": 1, ""end"": 14, ""label"": ""PER""}]"
Kantor pusatnya berlokasi di 17 Agustus 1945.,[]
"KTP atas nama B.J. Habibie beralamat di Apartemen Taman Anggrek Residence Tower B Lantai 3, Malang.","[{""start"": 14, ""end"": 26, ""label"": ""PER""}, {""start"": 40, ""end"": 98, ""label"": ""ADR""}]"
KEMARIN SAYA BERTEMU DENGAN LAKSAMANA MUDA TNI SINAR ADI DI STASIUN.,"[{""start"": 28, ""end"": 56, ""label"": ""PER""}]"
"SESUAI CATATAN SIPIL, DOMISILI TERCATAT DI 113 KING STREET, SEOUL, KOREA SELATAN.","[{""start"": 43, ""end"": 80, ""label"": ""ADR""}]"
PELUKIS SEBELUMNYA ADALAH MCDONALD.,"[{""start"": 26, ""end"": 34, ""label"": ""PER""}]"
Presiden AS ke-46 Taylor Swift meresmikan acara tersebut.,"[{""start"": 18, ""end"": 30, ""label"": ""PER""}]"
Karya seni milik Ustadzah Oki Setiana Dewi berhasil terjual dengan harga fantastis.,"[{""start"": 17, ""end"": 42, ""label"": ""PER""}]"
@franoishollande baru saja mengunggah foto liburannya.,"[{""start"": 1, ""end"": 16, ""label"": ""PER""}]"
"Kantor kami beralamat di Apartemen Taman Anggrek Residence Tower C Lantai 11, Balikpapan.","[{""start"": 25, ""end"": 88, ""label"": ""ADR""}]"
"Sukaryo menegaskan, ""kami akan terus berusaha.""","[{""start"": 0, ""end"": 7, ""label"": ""PER""}]"
"Rumah kost berada di Gg. Kenanga No. 4, RT 10/RW 18, Kel. Cihapit, Kec. Sukasari, Balikpapan, DI Yogyakarta, 28918.","[{""start"": 21, ""end"": 114, ""label"": ""ADR""}]"
"Di antara peserta terdapat Bill Gates, Warren Buffett, dan Buya Hamka.","[{""start"": 27, ""end"": 37, ""label"": ""PER""}, {""start"": 39, ""end"": 53, ""label"": ""PER""}, {""start"": 59, ""end"": 69, ""label"": ""PER""}]"
"Menurut B.J. Habibie dan Wayan, kebijakan ini perlu direvisi.","[{""start"": 8, ""end"": 20, ""label"": ""PER""}, {""start"": 25, ""end"": 30, ""label"": ""PER""}]"
Rapat tersebut dihadiri oleh Kanjeng Gusti Pangeran Adipati Arya Mangkunegara IX dan Joe Taslim.,"[{""start"": 29, ""end"": 80, ""label"": ""PER""}, {""start"": 85, ""end"": 95, ""label"": ""PER""}]"
"Ia baru saja pindah ke Gg. Basuki Rahmat, RT 08/RW 14, Kel. Cihapit, Makassar.","[{""start"": 23, ""end"": 77, ""label"": ""ADR""}]"
GEMPA BUMI GUNCANG WILAYAH SELATAN JAWA.,[]
Atlet semua diundang untuk hadir dalam acara tersebut.,[]
"Halo semua, nama gue Agus Harimurti Yudhoyono, salam kenal ya!","[{""start"": 21, ""end"": 45, ""label"": ""PER""}]"
Penghargaan Nobel tahun ini jatuh kepada Sudirman atas dedikasinya.,"[{""start"": 41, ""end"": 49, ""label"": ""PER""}]"
"Nama: Volodymyr Zelenskyy, Alamat: Jalan Cendrawasih No. 28B, RT 19/RW 16, Desa Cibogo, Palembang.","[{""start"": 6, ""end"": 25, ""label"": ""PER""}, {""start"": 35, ""end"": 97, ""label"": ""ADR""}]"
"Sesuai catatan sipil, domisili tercatat di Perumahan Villa Melati Blok F19 No. 42, Medan.","[{""start"": 43, ""end"": 88, ""label"": ""ADR""}]"
Kami sudah lama menetap di Sydney.,[]
JANGAN LUPA FOLLOW @JOEBIDEN UNTUK INFO TERKINI.,"[{""start"": 20, ""end"": 28, ""label"": ""PER""}]"
Ia baru saja pindah ke Surabaya.,[]
Rapat membahas Medan akan dilaksanakan besok.,[]
"Dalam konferensi persnya, Budi Gunadi Sadikin menolak memberikan komentar.","[{""start"": 26, ""end"": 45, ""label"": ""PER""}]"
Laporan tersebut telah dikirimkan langsung ke meja Susi Susanti.,"[{""start"": 51, ""end"": 63, ""label"": ""PER""}]"
"Panitia mengundang Tubagus Hasanuddin, Muhammad Hasan Sadikin, AKBP Ade Safri Simanjuntak, dan Sudirman sebagai narasumber.","[{""start"": 19, ""end"": 37, ""label"": ""PER""}, {""start"": 39, ""end"": 61, ""label"": ""PER""}, {""start"": 63, ""end"": 89, ""label"": ""PER""}, {""start"": 95, ""end"": 103, ""label"": ""PER""}]"
"Rapat RT akan diadakan di Gang Melati No. 158B, RT 08/RW 16, Kel. Antapani, Kec. Gubeng, Balikpapan, Sulawesi Selatan, 71723.","[{""start"": 26, ""end"": 124, ""label"": ""ADR""}]"
"Rapat RT akan diadakan di Gang Mangga Dua No. 60B, Balikpapan.","[{""start"": 26, ""end"": 61, ""label"": ""ADR""}]"
"Tim tersebut beranggotakan Steve Jobs, Bambang Pamungkas, Kamala Harris, dan I Gusti Ngurah Rai.","[{""start"": 27, ""end"": 37, ""label"": ""PER""}, {""start"": 39, ""end"": 56, ""label"": ""PER""}, {""start"": 58, ""end"": 71, ""label"": ""PER""}, {""start"": 77, ""end"": 95, ""label"": ""PER""}]"
Saya tinggal di Sulawesi Selatan sejak kecil.,[]
"Kost berada di Apartemen Kemang Village Tower A Lantai 16, Balikpapan.","[{""start"": 15, ""end"": 69, ""label"": ""ADR""}]"
Banyak pihak yang setuju dengan analisis Eko mengenai krisis ekonomi.,"[{""start"": 41, ""end"": 44, ""label"": ""PER""}]"
"Panitia mengundang Anggun C. Sasmi, Taylor Swift, Agnez Mo, dan Siti Aminah sebagai narasumber.","[{""start"": 19, ""end"": 34, ""label"": ""PER""}, {""start"": 36, ""end"": 48, ""label"": ""PER""}, {""start"": 50, ""end"": 58, ""label"": ""PER""}, {""start"": 64, ""end"": 75, ""label"": ""PER""}]"
Hendra tinggal di Brazil sejak tahun lalu.,"[{""start"": 0, ""end"": 6, ""label"": ""PER""}]"
"Nama Lengkap: Shah Rukh Khan
Alamat: Apartemen Green Pramuka City Tower Melati Lantai 4, Surabaya.","[{""start"": 14, ""end"": 28, ""label"": ""PER""}, {""start"": 37, ""end"": 97, ""label"": ""ADR""}]"
"MENURUT JEAN-LUC PICARD, BALIKPAPAN PERLU DIEVALUASI ULANG.","[{""start"": 8, ""end"": 23, ""label"": ""PER""}]"
"""Terima kasih atas dukungannya,"" ucap Sri Sultan Hamengkubuwono X sambil tersenyum.","[{""start"": 38, ""end"": 65, ""label"": ""PER""}]"
Surat itu dikirim oleh Wahyu di Universitas Diponegoro minggu lalu.,"[{""start"": 23, ""end"": 28, ""label"": ""PER""}]"
"Kapolri, Jefferson, meresmikan acara tersebut.","[{""start"": 9, ""end"": 18, ""label"": ""PER""}]"
Acara tahunan itu selalu digelar di Toronto.,[]
"Kost berada di Gg. Cemara No. 35B, RT 16/RW 13, Kel. Menteng, Semarang.","[{""start"": 15, ""end"": 70, ""label"": ""ADR""}]"
"Surat untuk Laksamana Muda TNI Sinar Adi dialamatkan ke Jl. Cempaka Putih No. 118A, RT 07/RW 08, Kel. Gubeng, Kec. Sukasari, Malang, DI Yogyakarta, 99046.","[{""start"": 12, ""end"": 40, ""label"": ""PER""}, {""start"": 56, ""end"": 153, ""label"": ""ADR""}]"
Suharto baru saja pindah dari RS Siloam.,"[{""start"": 0, ""end"": 7, ""label"": ""PER""}]"
"Rapat tersebut dihadiri oleh Gusti Kanjeng Ratu Hemas dan Hartono, S.T., M.T..","[{""start"": 29, ""end"": 53, ""label"": ""PER""}, {""start"": 58, ""end"": 77, ""label"": ""PER""}]"
"Surat untuk Narendra Modi dialamatkan ke Gg. Ahmad Yani No. 74B, RT 16/RW 06, Desa Cibogo, Makassar.","[{""start"": 12, ""end"": 25, ""label"": ""PER""}, {""start"": 41, ""end"": 99, ""label"": ""ADR""}]"
"PAKET UNTUK JEFF BEZOS DIKIRIM KE APARTEMEN TAMAN ANGGREK RESIDENCE TOWER C LANTAI 4, BEKASI.","[{""start"": 12, ""end"": 22, ""label"": ""PER""}, {""start"": 34, ""end"": 92, ""label"": ""ADR""}]"
"Bambang Pamungkas baru saja pindah ke Perumahan Villa Melati Blok D18 No. 40, Yogyakarta.","[{""start"": 0, ""end"": 17, ""label"": ""PER""}, {""start"": 38, ""end"": 88, ""label"": ""ADR""}]"
Keputusan final berada di tangan Tuan Guru Bajang selaku manajer proyek.,"[{""start"": 33, ""end"": 49, ""label"": ""PER""}]"
"Kemarin saya bertemu dengan Dr. Andi Wijaya, Sp.PD di Depok.","[{""start"": 28, ""end"": 50, ""label"": ""PER""}]"
"Kost berada di 167 Kennedy Drive, Kuala Lumpur, Malaysia.","[{""start"": 15, ""end"": 56, ""label"": ""ADR""}]"
Anthony D'Angelo bertemu dengan rekannya di Tesla.,"[{""start"": 0, ""end"": 16, ""label"": ""PER""}]"
Muhammad Hasan Sadikin bekerja di Universitas Diponegoro.,"[{""start"": 0, ""end"": 22, ""label"": ""PER""}]"
"Rumah beliau berada di Jalan Anggrek, Bekasi.","[{""start"": 23, ""end"": 44, ""label"": ""ADR""}]"
Saya melihat Larry Page sedang makan siang di kantin.,"[{""start"": 13, ""end"": 23, ""label"": ""PER""}]"
"Kevin Sanjaya Sukamuljo, selaku Pembawa Acara, hadir dalam konferensi pers.","[{""start"": 0, ""end"": 23, ""label"": ""PER""}]"
Susi Susanti adalah salah satu tokoh penting dalam sejarah.,"[{""start"": 0, ""end"": 12, ""label"": ""PER""}]"
Baik Ahmad Yani maupun Basuki Rahmat belum memberikan komentar.,"[{""start"": 5, ""end"": 15, ""label"": ""PER""}, {""start"": 23, ""end"": 36, ""label"": ""PER""}]"
"KTP atas nama Rina beralamat di Gg. Anggrek, RT 13/RW 09, Desa Sukamaju, Kec. Buah Batu, Medan, DKI Jakarta, 19836.","[{""start"": 14, ""end"": 18, ""label"": ""PER""}, {""start"": 32, ""end"": 114, ""label"": ""ADR""}]"
Kami hadir dalam acara itu belum dikonfirmasi panitia.,[]
"""SAYA AKAN SEGERA BERANGKAT,"" UJAR RADEN MAS SOEWARDI SURYANINGRAT.","[{""start"": 35, ""end"": 66, ""label"": ""PER""}]"
KEMARIN MOBILNYA AHMAD DAHLAN MOGOK DI JALAN TOL.,"[{""start"": 17, ""end"": 29, ""label"": ""PER""}]"
"Silakan kirim paket ke Gg. Basuki Rahmat, RT 03/RW 04, Kel. Antapani, Kec. Tegalsari, Denpasar, Jawa Timur, 45197.","[{""start"": 23, ""end"": 113, ""label"": ""ADR""}]"
"Di antara peserta terdapat Nelson Mandela, Ustadzah Oki Setiana Dewi, dan Wayan.","[{""start"": 27, ""end"": 41, ""label"": ""PER""}, {""start"": 43, ""end"": 68, ""label"": ""PER""}, {""start"": 74, ""end"": 79, ""label"": ""PER""}]"
CUACA EKSTREM DIPERKIRAKAN LANDA JAKARTA PEKAN INI.,[]
Dian resmi menjabat sebagai Kepala Sekolah mulai bulan depan.,"[{""start"": 0, ""end"": 4, ""label"": ""PER""}]"
"""Saya akan segera berangkat,"" ujar Nita.","[{""start"": 35, ""end"": 39, ""label"": ""PER""}]"
Kami sedang menunggu tanda tangan dari Conor O'Brien untuk mencairkan dana.,"[{""start"": 39, ""end"": 52, ""label"": ""PER""}]"
"Rumah beliau berada di Jl. Kenanga, RT 16/RW 11, Kel. Tegalsari, Surabaya.","[{""start"": 23, ""end"": 73, ""label"": ""ADR""}]"
"Jefferson tinggal di Gang Melati, RT 16/RW 05, Kel. Menteng, Makassar.","[{""start"": 0, ""end"": 9, ""label"": ""PER""}, {""start"": 21, ""end"": 69, ""label"": ""ADR""}]"
"Rumah kost berada di Gg. Mangga Dua No. 18, RT 19/RW 17, Kel. Tegalsari, Depok.","[{""start"": 21, ""end"": 78, ""label"": ""ADR""}]"
"Rumah kost berada di Apartemen Kalibata City Tower D Lantai 27, Medan.","[{""start"": 21, ""end"": 69, ""label"": ""ADR""}]"
Acara tahunan itu selalu digelar di New York.,[]
"KTP menunjukkan alamat di 877 Orchard Road, Los Angeles, 68017, Amerika Serikat.","[{""start"": 26, ""end"": 79, ""label"": ""ADR""}]"
"Ahmad baru saja pindah ke Jl. Kebon Jeruk, RT 18/RW 18, Kel. Cihapit, Semarang.","[{""start"": 0, ""end"": 5, ""label"": ""PER""}, {""start"": 26, ""end"": 78, ""label"": ""ADR""}]"
"Di antara peserta terdapat Abdurrahman Wahid, Sinta, drg. Maya Kusuma, dan Lestari.","[{""start"": 27, ""end"": 44, ""label"": ""PER""}, {""start"": 46, ""end"": 51, ""label"": ""PER""}, {""start"": 53, ""end"": 69, ""label"": ""PER""}, {""start"": 75, ""end"": 82, ""label"": ""PER""}]"
"Tim tersebut beranggotakan Sukaryo, R.M. Said Prawirosoedirdjo, Andi Mallarangeng, dan Scarlett Johansson.","[{""start"": 27, ""end"": 34, ""label"": ""PER""}, {""start"": 36, ""end"": 62, ""label"": ""PER""}, {""start"": 64, ""end"": 81, ""label"": ""PER""}, {""start"": 87, ""end"": 105, ""label"": ""PER""}]"
"Evry Pramudya tinggal di Perumahan Bukit Indah Blok C3 No. 24, Malang.","[{""start"": 0, ""end"": 13, ""label"": ""PER""}, {""start"": 25, ""end"": 69, ""label"": ""ADR""}]"
"Alamat saya di Jl. Diponegoro No. 134A, Semarang.","[{""start"": 15, ""end"": 48, ""label"": ""ADR""}]"
KEBAKARAN HUTAN MELUAS DI KALIMANTAN.,[]
BANJIR BESAR RENDAM RIBUAN RUMAH DI PESISIR.,[]
"Komang baru saja pindah ke Gang Cemara No. 46A, RT 12/RW 20, Desa Cibogo, Kec. Tegalsari, Surabaya, Jawa Barat, 41708.","[{""start"": 0, ""end"": 6, ""label"": ""PER""}, {""start"": 27, ""end"": 117, ""label"": ""ADR""}]"
Rian bekerja di Inggris.,"[{""start"": 0, ""end"": 4, ""label"": ""PER""}]"
Anggun C. Sasmi bekerja di Jakarta.,"[{""start"": 0, ""end"": 15, ""label"": ""PER""}]"
BANJIR BESAR RENDAM RIBUAN RUMAH DI PESISIR.,[]
"Panitia mengundang John Doe, Iko Uwais, Joe Taslim, dan Bruce Lee sebagai narasumber.","[{""start"": 19, ""end"": 27, ""label"": ""PER""}, {""start"": 29, ""end"": 38, ""label"": ""PER""}, {""start"": 40, ""end"": 50, ""label"": ""PER""}, {""start"": 56, ""end"": 65, ""label"": ""PER""}]"
"""Terima kasih atas dukungannya,"" ucap Jefferson sambil tersenyum.","[{""start"": 38, ""end"": 47, ""label"": ""PER""}]"
PEMERINTAH UMUMKAN KEBIJAKAN SUBSIDI BARU.,[]
"Rapat dewan direksi besok akan dipimpin oleh Made Wirawan, S.H., M.H..","[{""start"": 45, ""end"": 69, ""label"": ""PER""}]"
"Rumah kost berada di Jalan Kebon Jeruk No. 136, Semarang.","[{""start"": 21, ""end"": 56, ""label"": ""ADR""}]"
"KTP menunjukkan alamat di Gang Sudirman No. 187, RT 13/RW 03, Kel. Sukajadi, Kec. Gubeng, Semarang, Bali, 17961.","[{""start"": 26, ""end"": 111, ""label"": ""ADR""}]"
Ia baru saja pindah ke Berlin.,[]
Kemarin saya bertemu dengan Lisa di Tangerang.,"[{""start"": 28, ""end"": 32, ""label"": ""PER""}]"
"Paket untuk McDonald dikirim ke Gang Flamboyan No. 61, RT 12/RW 18, Kel. Sukajadi, Kec. Buah Batu, Surabaya, Kalimantan Timur, 18880.","[{""start"": 12, ""end"": 20, ""label"": ""PER""}, {""start"": 32, ""end"": 132, ""label"": ""ADR""}]"
Surat dari Keanu Reeves membahas rencana terkait Bulog.,"[{""start"": 11, ""end"": 23, ""label"": ""PER""}]"
Nomor kontak Jacinda Ardern bisa dihubungi melalui Bandung.,"[{""start"": 13, ""end"": 27, ""label"": ""PER""}]"
"Penerima: Nyoman, Tujuan: Jl. Sudirman No. 59B, RT 14/RW 03, Desa Sukamaju, Depok","[{""start"": 10, ""end"": 16, ""label"": ""PER""}, {""start"": 26, ""end"": 81, ""label"": ""ADR""}]"
"Yusril Ihza Mahendra, S.H., M.Sc. baru saja pindah dari Palembang.","[{""start"": 0, ""end"": 33, ""label"": ""PER""}]"
"Ia baru saja pindah ke Jl. Diponegoro No. 41, RT 03/RW 08, Kel. Cihapit, Kec. Menteng, Makassar, Sumatera Utara, 30642.","[{""start"": 23, ""end"": 118, ""label"": ""ADR""}]"
Baik Cristiano Ronaldo maupun Susi Susanti belum memberikan komentar.,"[{""start"": 5, ""end"": 22, ""label"": ""PER""}, {""start"": 30, ""end"": 42, ""label"": ""PER""}]"
"Tim tersebut beranggotakan Greysia Polii, Eko, Serena Williams, dan Dr. Andi Wijaya.","[{""start"": 27, ""end"": 40, ""label"": ""PER""}, {""start"": 42, ""end"": 45, ""label"": ""PER""}, {""start"": 47, ""end"": 62, ""label"": ""PER""}, {""start"": 68, ""end"": 83, ""label"": ""PER""}]"
Lestari bekerja di 19.00 WIB.,"[{""start"": 0, ""end"": 7, ""label"": ""PER""}]"
"Rapat dihadiri oleh Dedi Mulyadi, R.A. Kartini, Yasonna Laoly, dan Susi Susanti sore ini.","[{""start"": 20, ""end"": 32, ""label"": ""PER""}, {""start"": 34, ""end"": 46, ""label"": ""PER""}, {""start"": 48, ""end"": 61, ""label"": ""PER""}, {""start"": 67, ""end"": 79, ""label"": ""PER""}]"
Proyek ini dipimpin langsung oleh Muhammad Ikbal.,"[{""start"": 34, ""end"": 48, ""label"": ""PER""}]"
Kantor pusatnya berlokasi di Belitung.,[]
Kennedy bekerja di Korea.,"[{""start"": 0, ""end"": 7, ""label"": ""PER""}]"
"Rumah kost berada di Dusun Ngepoh RT 03/RW 19, Kel. Antapani, Kec. Cimahi Utara, Kab. Sidoarjo.","[{""start"": 21, ""end"": 94, ""label"": ""ADR""}]"
"Halo semua, nama gue Tubagus Hasanuddin, salam kenal ya!","[{""start"": 21, ""end"": 39, ""label"": ""PER""}]"
"Rumah kost berada di Gg. Mangga Dua No. 145, RT 08/RW 16, Desa Cibogo, Palembang.","[{""start"": 21, ""end"": 80, ""label"": ""ADR""}]"
Cak Lontong adalah gubernur jawa barat.,"[{""start"": 0, ""end"": 11, ""label"": ""PER""}]"
"Menurut Presiden AS ke-46 Eko Yuli Irawan, kebijakan ini akan segera direvisi.","[{""start"": 26, ""end"": 41, ""label"": ""PER""}]"
Jangan lupa undang Elon Musk ke acara ulang tahun minggu depan.,"[{""start"": 19, ""end"": 28, ""label"": ""PER""}]"
"Ia baru saja pindah ke Gg. Melati No. 155A, Medan.","[{""start"": 23, ""end"": 49, ""label"": ""ADR""}]"
Kantor pusatnya berlokasi di Meta.,[]
Eko tinggal di Balikpapan sejak tahun lalu.,"[{""start"": 0, ""end"": 3, ""label"": ""PER""}]"
Kemarin Susi Susanti membahas johndoe@example.com bersama timnya.,"[{""start"": 8, ""end"": 20, ""label"": ""PER""}]"
Halo hadir dalam acara itu belum dikonfirmasi panitia.,[]
Fajar bukan bagian dari agenda rapat kali ini.,[]
@kobebryant baru saja mengunggah foto liburannya.,"[{""start"": 1, ""end"": 11, ""label"": ""PER""}]"
PEMERINTAH UMUMKAN KEBIJAKAN SUBSIDI BARU.,[]
Jangan lupa follow @wulansarispdmpd untuk info terkini.,"[{""start"": 20, ""end"": 35, ""label"": ""PER""}]"
Susi Susanti bekerja di Yayasan Ahmad Dahlan.,"[{""start"": 0, ""end"": 12, ""label"": ""PER""}]"
"Ia baru saja pindah ke Jalan Kenanga, Depok.","[{""start"": 23, ""end"": 43, ""label"": ""ADR""}]"
GEMPA BUMI GUNCANG WILAYAH SELATAN JAWA.,[]
Laporan tersebut telah dikirimkan langsung ke meja Bambang Pamungkas.,"[{""start"": 51, ""end"": 68, ""label"": ""PER""}]"
Acara tersebut diselenggarakan di Bank Woori Saudara.,[]
"Penerima: Basuki Rahmat, Tujuan: Gang Rajawali No. 129A, RT 20/RW 11, Kel. Sukajadi, Kec. Menteng, Bandung, DKI Jakarta, 77497","[{""start"": 10, ""end"": 23, ""label"": ""PER""}, {""start"": 33, ""end"": 126, ""label"": ""ADR""}]"
IA BARU SAJA PINDAH KE DKI JAKARTA.,[]
Banyak pihak yang setuju dengan analisis Agus Harimurti Yudhoyono mengenai krisis ekonomi.,"[{""start"": 41, ""end"": 65, ""label"": ""PER""}]"
Tolong sampaikan pesan ini kepada Rudi secepatnya.,"[{""start"": 34, ""end"": 38, ""label"": ""PER""}]"
"Surat untuk Prabowo Subianto dialamatkan ke Perumahan Grand Wisata Blok E2 No. 47, Makassar.","[{""start"": 12, ""end"": 28, ""label"": ""PER""}, {""start"": 44, ""end"": 91, ""label"": ""ADR""}]"
"Nama Lengkap: Imam Bonjol
Alamat: Gg. Cempaka Putih No. 22, Palembang.","[{""start"": 14, ""end"": 25, ""label"": ""PER""}, {""start"": 34, ""end"": 69, ""label"": ""ADR""}]"
Rapat tersebut dihadiri oleh Doni dan Ustadz Abdul Somad.,"[{""start"": 29, ""end"": 33, ""label"": ""PER""}, {""start"": 38, ""end"": 56, ""label"": ""PER""}]"
"Made Wirawan, S.H., M.H. bekerja di Prancis.","[{""start"": 0, ""end"": 24, ""label"": ""PER""}]"
Kemarin Usain Bolt membahas Inggris bersama timnya.,"[{""start"": 8, ""end"": 18, ""label"": ""PER""}]"
"Nama Lengkap: Basuki Rahmat
Alamat: Gang Gatot Subroto No. 138, Balikpapan.","[{""start"": 14, ""end"": 27, ""label"": ""PER""}, {""start"": 36, ""end"": 74, ""label"": ""ADR""}]"
"Ia baru saja pindah ke Jl. Gatot Subroto No. 12B, RT 01/RW 07, Kel. Sukajadi, Jakarta.","[{""start"": 23, ""end"": 85, ""label"": ""ADR""}]"
Boris Johnson berangkat ke kantor pagi ini.,"[{""start"": 0, ""end"": 13, ""label"": ""PER""}]"
Nomor kontak AKBP Ade Safri Simanjuntak bisa dihubungi melalui Denpasar.,"[{""start"": 13, ""end"": 39, ""label"": ""PER""}]"
Keputusan final berada di tangan Hendra selaku manajer proyek.,"[{""start"": 33, ""end"": 39, ""label"": ""PER""}]"
"Panitia mengundang Abdurrahman Wahid, Eko, Anies Baswedan, dan Conor O'Brien sebagai narasumber.","[{""start"": 19, ""end"": 36, ""label"": ""PER""}, {""start"": 38, ""end"": 41, ""label"": ""PER""}, {""start"": 43, ""end"": 57, ""label"": ""PER""}, {""start"": 63, ""end"": 76, ""label"": ""PER""}]"
Wali Kota Surabaya sebelumnya adalah Kennedy.,"[{""start"": 37, ""end"": 44, ""label"": ""PER""}]"
Imam Bonjol menghadiri rapat mengenai 19.00 WIB pagi ini.,"[{""start"": 0, ""end"": 11, ""label"": ""PER""}]"
"Sesuai catatan sipil, domisili tercatat di 652 Victoria Road, Kuala Lumpur, 12574, Malaysia.","[{""start"": 43, ""end"": 91, ""label"": ""ADR""}]"
Kemarin saya bertemu dengan Anies Baswedan di Manado.,"[{""start"": 28, ""end"": 42, ""label"": ""PER""}]"
Proyek ini dipimpin langsung oleh Fajar.,"[{""start"": 34, ""end"": 39, ""label"": ""PER""}]"
Rapat dewan direksi besok akan dipimpin oleh Winston Churchill.,"[{""start"": 45, ""end"": 62, ""label"": ""PER""}]"
"Sesuai catatan sipil, domisili tercatat di Perumahan Puri Nirwana Blok E16 No. 32, Bandung.","[{""start"": 43, ""end"": 90, ""label"": ""ADR""}]"
"Kapolri, Dian, menyampaikan pernyataan resmi kemarin.","[{""start"": 9, ""end"": 13, ""label"": ""PER""}]"
Ia baru saja pindah ke Dubai.,[]
Fajar semua diundang untuk hadir dalam acara tersebut.,[]
"Rumah kost berada di Gang Anggrek No. 58B, RT 17/RW 11, Kel. Gubeng, Kec. Tegalsari, Manado, Bali, 55793.","[{""start"": 21, ""end"": 104, ""label"": ""ADR""}]"
Rapat dewan direksi besok akan dipimpin oleh Greysia Polii.,"[{""start"": 45, ""end"": 58, ""label"": ""PER""}]"
"""Paris adalah prioritas kita,"" kata dr. Tirta Mandira Hudhi, M.Ked..","[{""start"": 36, ""end"": 67, ""label"": ""PER""}]"
"""Saya akan segera berangkat,"" ujar Scarlett Johansson.","[{""start"": 35, ""end"": 53, ""label"": ""PER""}]"
Kemarin saya pergi ke Bulog untuk urusan pekerjaan.,[]
Dokumen itu merujuk pada Rp1.000.000.,[]
Martin Luther King Jr. bertemu dengan rekannya di PT Astra International.,"[{""start"": 0, ""end"": 22, ""label"": ""PER""}]"
Mawar semua diundang untuk hadir dalam acara tersebut.,[]
Proyek ini dipimpin langsung oleh Prabowo Subianto.,"[{""start"": 34, ""end"": 50, ""label"": ""PER""}]"
"Nama Lengkap: Aji Masaid
Alamat: Jl. Cendrawasih, RT 02/RW 13, Kel. Sukajadi, Kec. Cimahi Utara, Medan, Kalimantan Timur, 65643.","[{""start"": 14, ""end"": 24, ""label"": ""PER""}, {""start"": 33, ""end"": 127, ""label"": ""ADR""}]"
"Ganjar Pranowo baru saja pindah ke Dusun Sumber RT 05/RW 19, Desa Sukamaju, Kec. Menteng, Kab. Malang.","[{""start"": 0, ""end"": 14, ""label"": ""PER""}, {""start"": 35, ""end"": 101, ""label"": ""ADR""}]"
Perdana Menteri Inggris Prof. Dr. dr. Zubairi Djoerban meresmikan acara tersebut.,"[{""start"": 24, ""end"": 54, ""label"": ""PER""}]"
"Menurut Laksamana Muda TNI Sinar Adi dan Boris Johnson, kebijakan ini perlu direvisi.","[{""start"": 8, ""end"": 36, ""label"": ""PER""}, {""start"": 41, ""end"": 54, ""label"": ""PER""}]"
Jaksa Agung Scarlett Johansson menyampaikan pernyataan resmi kemarin.,"[{""start"": 12, ""end"": 30, ""label"": ""PER""}]"
"KTP menunjukkan alamat di Gg. Kenanga No. 3B, Makassar.","[{""start"": 26, ""end"": 54, ""label"": ""ADR""}]"
"Nama Lengkap: Fajar Nugraha
Alamat: Jalan Sudirman, RT 17/RW 13, Desa Sukamaju, Kec. Tegalsari, Manado, Sumatera Utara, 42656.","[{""start"": 14, ""end"": 27, ""label"": ""PER""}, {""start"": 36, ""end"": 125, ""label"": ""ADR""}]"
Acara tahunan itu selalu digelar di Yogyakarta.,[]
"Penerima: Komang, Tujuan: Dusun Sumber RT 05/RW 19, Desa Cibogo, Kec. Gubeng, Kab. Sleman","[{""start"": 10, ""end"": 16, ""label"": ""PER""}, {""start"": 26, ""end"": 89, ""label"": ""ADR""}]"
Bruce Lee dan Ustadzah Oki Setiana Dewi kompak hadir dalam acara itu.,"[{""start"": 0, ""end"": 9, ""label"": ""PER""}, {""start"": 14, ""end"": 39, ""label"": ""PER""}]"
Laporan tersebut telah dikirimkan langsung ke meja Boediono.,"[{""start"": 51, ""end"": 59, ""label"": ""PER""}]"
Tolong sampaikan pesan ini kepada Priyanka Chopra secepatnya.,"[{""start"": 34, ""end"": 49, ""label"": ""PER""}]"
Mahatma Gandhi bertemu dengan rekannya di Universitas Diponegoro.,"[{""start"": 0, ""end"": 14, ""label"": ""PER""}]"
Rapat membahas 17 Agustus 1945 akan dilaksanakan besok.,[]
Nadiem Makarim adalah salah satu tokoh penting dalam sejarah.,"[{""start"": 0, ""end"": 14, ""label"": ""PER""}]"
"Panglima TNI Ir. Djoko Kirmanto, Dipl.HE menyampaikan pernyataan resmi kemarin.","[{""start"": 13, ""end"": 40, ""label"": ""PER""}]"
Kantor cabang baru akan dibuka di Kalimantan Timur.,[]
Nomor kontak yang bisa dihubungi adalah Universitas Diponegoro.,[]
Kennedy tinggal di Sekolah Dasar Kartini sejak tahun lalu.,"[{""start"": 0, ""end"": 7, ""label"": ""PER""}]"
"Yang hadir dalam pertemuan itu adalah Wati, McDonald, dan Buya Hamka.","[{""start"": 38, ""end"": 42, ""label"": ""PER""}, {""start"": 44, ""end"": 52, ""label"": ""PER""}, {""start"": 58, ""end"": 68, ""label"": ""PER""}]"
Kemarin Raden Adjeng Kartini membahas Bali bersama timnya.,"[{""start"": 8, ""end"": 28, ""label"": ""PER""}]"
Kami sedang menunggu tanda tangan dari Tigor Silaban untuk mencairkan dana.,"[{""start"": 39, ""end"": 52, ""label"": ""PER""}]"
"CEO Tesla, Narendra Modi, meresmikan acara tersebut.","[{""start"": 11, ""end"": 24, ""label"": ""PER""}]"
"Kantor kami beralamat di Gg. Anggrek No. 181, RT 08/RW 05, Kel. Menteng, Kec. Coblong, Bogor, DI Yogyakarta, 46906.","[{""start"": 25, ""end"": 114, ""label"": ""ADR""}]"
"Sesuai catatan sipil, domisili tercatat di 396 Oxford Boulevard, Amsterdam, Belanda.","[{""start"": 43, ""end"": 83, ""label"": ""ADR""}]"
"KTP atas nama Jean-Pierre Dubois beralamat di Perumahan Grand Wisata Blok B12 No. 18, Surabaya.","[{""start"": 14, ""end"": 32, ""label"": ""PER""}, {""start"": 46, ""end"": 94, ""label"": ""ADR""}]"
"Nama: Jefferson, Alamat: Jalan Cempaka Putih No. 36A, RT 09/RW 18, Kel. Tegalsari, Jakarta.","[{""start"": 6, ""end"": 15, ""label"": ""PER""}, {""start"": 25, ""end"": 90, ""label"": ""ADR""}]"
Kapolri sebelumnya adalah Apriyani Rahayu.,"[{""start"": 26, ""end"": 41, ""label"": ""PER""}]"
@fatimabintimuhammad membagikan update terbaru di akunnya.,"[{""start"": 1, ""end"": 20, ""label"": ""PER""}]"
Prof. Dr. dr. Zubairi Djoerban bertemu dengan rekannya di johndoe@example.com.,"[{""start"": 0, ""end"": 30, ""label"": ""PER""}]"
Kemarin Ida Bagus Oka membahas Bogor bersama timnya.,"[{""start"": 8, ""end"": 21, ""label"": ""PER""}]"
"Menurut Budi Gunadi Sadikin, kebijakan ini harus segera dievaluasi.","[{""start"": 8, ""end"": 27, ""label"": ""PER""}]"
"Kantor kami beralamat di 771 Queen Avenue, Los Angeles, Amerika Serikat.","[{""start"": 25, ""end"": 71, ""label"": ""ADR""}]"
"Kantor kami beralamat di Jalan Kenanga No. 122B, RT 19/RW 19, Desa Sukamaju, Kec. Cimahi Utara, Tangerang, Jawa Timur, 56817.","[{""start"": 25, ""end"": 124, ""label"": ""ADR""}]"
"Ia baru saja pindah ke Dusun Krajan RT 07/RW 06, Kel. Tegalsari, Kec. Sukasari, Kab. Sidoarjo.","[{""start"": 23, ""end"": 93, ""label"": ""ADR""}]"
Yang mulai terlihat sejak dini hari.,[]
"Irfan Hakim, selaku Kapolri, hadir dalam konferensi pers.","[{""start"": 0, ""end"": 11, ""label"": ""PER""}]"
Rapat membahas Korea akan dilaksanakan besok.,[]
Wali Kota Surabaya Erick Thohir meresmikan acara tersebut.,"[{""start"": 19, ""end"": 31, ""label"": ""PER""}]"
"Silakan kirim paket ke Dusun Ngepoh RT 18/RW 10, Kel. Antapani, Kec. Coblong, Kab. Bandung.","[{""start"": 23, ""end"": 90, ""label"": ""ADR""}]"
APAKAH BENAR KEVIN SANJAYA SUKAMULJO AKAN DATANG KE KONFERENSI BESOK?,"[{""start"": 13, ""end"": 36, ""label"": ""PER""}]"
"RUMAH KOST BERADA DI GG. FLAMBOYAN NO. 164B, RT 02/RW 05, KEL. CIHAPIT, MANADO.","[{""start"": 21, ""end"": 78, ""label"": ""ADR""}]"
"Paket untuk Dedi Mulyadi dikirim ke Apartemen Green Pramuka City Tower Melati Lantai 29, Denpasar.","[{""start"": 12, ""end"": 24, ""label"": ""PER""}, {""start"": 36, ""end"": 97, ""label"": ""ADR""}]"
Apakah benar Greysia Polii akan datang ke konferensi besok?,"[{""start"": 13, ""end"": 26, ""label"": ""PER""}]"
Kemarin saya bertemu dengan drg. Maya Kusuma di Google.,"[{""start"": 28, ""end"": 44, ""label"": ""PER""}]"
"Menurut Pembawa Acara Raisa Andriana, kebijakan ini akan segera direvisi.","[{""start"": 22, ""end"": 36, ""label"": ""PER""}]"
Baik Prof. Dr. dr. Zubairi Djoerban maupun Narendra Modi belum memberikan komentar.,"[{""start"": 5, ""end"": 35, ""label"": ""PER""}, {""start"": 43, ""end"": 56, ""label"": ""PER""}]"
Apakah benar Sinta akan datang ke konferensi besok?,"[{""start"": 13, ""end"": 18, ""label"": ""PER""}]"
ACARA TAHUNAN ITU SELALU DIGELAR DI DKI JAKARTA.,[]
Kemarin Dra. Kartini Rahayu membahas PBB bersama timnya.,"[{""start"": 8, ""end"": 27, ""label"": ""PER""}]"
Jangan lupa undang Warren Buffett ke acara ulang tahun minggu depan.,"[{""start"": 19, ""end"": 33, ""label"": ""PER""}]"
"Pelukis sebelumnya adalah Boyke Dian Nugraha, Sp.OG.","[{""start"": 26, ""end"": 51, ""label"": ""PER""}]"
"Menurut drh. Bimo Prakoso, ""keputusan ini sudah final.""","[{""start"": 8, ""end"": 25, ""label"": ""PER""}]"
Nomor kontak yang bisa dihubungi adalah Kuala Lumpur.,[]
"PERDANA MENTERI INGGRIS, MUHAMMAD IKBAL, MENYAMPAIKAN PERNYATAAN RESMI KEMARIN.","[{""start"": 25, ""end"": 39, ""label"": ""PER""}]"
John Doe baru saja pindah dari Manado.,"[{""start"": 0, ""end"": 8, ""label"": ""PER""}]"
"Rumah kost berada di Perumahan Villa Melati Blok F16 No. 19, Bekasi.","[{""start"": 21, ""end"": 67, ""label"": ""ADR""}]"
"Di antara peserta terdapat Vladimir Putin, Ganjar Pranowo, François Hollande, dan R.M. Said Prawirosoedirdjo.","[{""start"": 27, ""end"": 41, ""label"": ""PER""}, {""start"": 43, ""end"": 57, ""label"": ""PER""}, {""start"": 59, ""end"": 76, ""label"": ""PER""}, {""start"": 82, ""end"": 108, ""label"": ""PER""}]"
"KTP menunjukkan alamat di Apartemen Green Pramuka City Tower Melati Lantai 12, Malang.","[{""start"": 26, ""end"": 85, ""label"": ""ADR""}]"
CUACA EKSTREM DIPERKIRAKAN LANDA JAKARTA PEKAN INI.,[]
"Joko Widodo menegaskan, ""kami akan terus berusaha.""","[{""start"": 0, ""end"": 11, ""label"": ""PER""}]"
Keputusan final berada di tangan Mahatma Gandhi selaku manajer proyek.,"[{""start"": 33, ""end"": 47, ""label"": ""PER""}]"
"Prof. Ir. Bambang Permadi Soemantri Brodjonegoro, M.Sc. bertemu dengan rekannya di Sekolah Dasar Kartini.","[{""start"": 0, ""end"": 55, ""label"": ""PER""}]"
"Penerima: Sri Mulyani, Tujuan: Jalan Merdeka No. 171B, Bekasi","[{""start"": 10, ""end"": 21, ""label"": ""PER""}, {""start"": 31, ""end"": 61, ""label"": ""ADR""}]"
"Penerima: Karni Ilyas, Tujuan: 869 King Drive, Paris, Prancis","[{""start"": 10, ""end"": 21, ""label"": ""PER""}, {""start"": 31, ""end"": 61, ""label"": ""ADR""}]"
Acara tersebut diselenggarakan di Meta.,[]
Jangan lupa follow @franoishollande untuk info terkini.,"[{""start"": 20, ""end"": 35, ""label"": ""PER""}]"
"Tim tersebut beranggotakan Raisa Andriana, Volodymyr Zelenskyy, dan Simone Biles.","[{""start"": 27, ""end"": 41, ""label"": ""PER""}, {""start"": 43, ""end"": 62, ""label"": ""PER""}, {""start"": 68, ""end"": 80, ""label"": ""PER""}]"
"KTP menunjukkan alamat di Perumahan Taman Sari Blok F19 No. 46, Semarang.","[{""start"": 26, ""end"": 72, ""label"": ""ADR""}]"
CUACA EKSTREM DIPERKIRAKAN LANDA JAKARTA PEKAN INI.,[]
H. Rhoma Irama menghadiri rapat mengenai APBN 2025 pagi ini.,"[{""start"": 0, ""end"": 14, ""label"": ""PER""}]"
@anthonydangelo membagikan update terbaru di akunnya.,"[{""start"": 1, ""end"": 15, ""label"": ""PER""}]"
"Menurut Lisa, Tangerang perlu dievaluasi ulang.","[{""start"": 8, ""end"": 12, ""label"": ""PER""}]"
Bank Mandiri baru saja merilis laporan tahunan.,[]
"Emmanuel Macron tinggal di Gg. Basuki Rahmat, RT 16/RW 11, Kel. Cihapit, Kec. Menteng, Denpasar, DI Yogyakarta, 83491.","[{""start"": 0, ""end"": 15, ""label"": ""PER""}, {""start"": 27, ""end"": 117, ""label"": ""ADR""}]"
"Prof. Ir. Bambang Permadi Soemantri Brodjonegoro, M.Sc. berangkat ke kantor pagi ini.","[{""start"": 0, ""end"": 55, ""label"": ""PER""}]"
"Sesuai catatan sipil, domisili tercatat di Dusun Tegalrejo RT 11/RW 05, Kel. Antapani, Kec. Gubeng, Kab. Bandung.","[{""start"": 43, ""end"": 112, ""label"": ""ADR""}]"
"Peserta pelatihan meliputi Dian, Imam Bonjol, dan Ahmad Dhani dari kantor cabang.","[{""start"": 27, ""end"": 31, ""label"": ""PER""}, {""start"": 33, ""end"": 44, ""label"": ""PER""}, {""start"": 50, ""end"": 61, ""label"": ""PER""}]"
dr. Reisa Broto Asmoro menghadiri rapat mengenai Meta pagi ini.,"[{""start"": 0, ""end"": 22, ""label"": ""PER""}]"
KOST BUKAN BAGIAN DARI AGENDA RAPAT KALI INI.,[]
"Rumah kost berada di Jalan Basuki Rahmat, RT 20/RW 02, Kel. Sukajadi, Kec. Sukasari, Balikpapan, Jawa Tengah, 74707.","[{""start"": 21, ""end"": 115, ""label"": ""ADR""}]"
"Steve Jobs baru saja pindah ke PO Box 6882, Palembang 92911.","[{""start"": 0, ""end"": 10, ""label"": ""PER""}, {""start"": 31, ""end"": 59, ""label"": ""ADR""}]"
"Surat untuk Karni Ilyas dialamatkan ke Jl. Cemara No. 162, RT 18/RW 10, Kel. Menteng, Semarang.","[{""start"": 12, ""end"": 23, ""label"": ""PER""}, {""start"": 39, ""end"": 94, ""label"": ""ADR""}]"
"Peserta pelatihan meliputi Wahyu, Prof. Dr. dr. Zubairi Djoerban, dan Anne-Marie Laurent dari kantor cabang.","[{""start"": 27, ""end"": 32, ""label"": ""PER""}, {""start"": 34, ""end"": 64, ""label"": ""PER""}, {""start"": 70, ""end"": 88, ""label"": ""PER""}]"
"Hakim Ketua, Zinedine Zidane, meresmikan acara tersebut.","[{""start"": 13, ""end"": 28, ""label"": ""PER""}]"
@serenawilliams membagikan update terbaru di akunnya.,"[{""start"": 1, ""end"": 15, ""label"": ""PER""}]"
Fajar mekar dengan indah di taman setiap pagi.,[]
"Rapat tersebut dihadiri oleh Prof. Ir. Bambang Permadi Soemantri Brodjonegoro, M.Sc. dan Taylor Swift.","[{""start"": 29, ""end"": 84, ""label"": ""PER""}, {""start"": 89, ""end"": 101, ""label"": ""PER""}]"
Yang mulai terlihat sejak dini hari.,[]
Kyai Haji Hasyim Asy'ari bertemu dengan rekannya di Makassar.,"[{""start"": 0, ""end"": 24, ""label"": ""PER""}]"
Kemarin saya bertemu dengan Raden Adjeng Kartini di Meta.,"[{""start"": 28, ""end"": 48, ""label"": ""PER""}]"
"Tim tersebut beranggotakan Ir. Soekarno, Megawati Soekarnoputri, Boris Johnson, dan I Gusti Ngurah Rai.","[{""start"": 27, ""end"": 39, ""label"": ""PER""}, {""start"": 41, ""end"": 63, ""label"": ""PER""}, {""start"": 65, ""end"": 78, ""label"": ""PER""}, {""start"": 84, ""end"": 102, ""label"": ""PER""}]"
@agnezmo baru saja mengunggah foto liburannya.,"[{""start"": 1, ""end"": 8, ""label"": ""PER""}]"
Surat itu dikirim oleh Apriyani Rahayu di Palembang minggu lalu.,"[{""start"": 23, ""end"": 38, ""label"": ""PER""}]"
Karya seni milik Larry Page berhasil terjual dengan harga fantastis.,"[{""start"": 17, ""end"": 27, ""label"": ""PER""}]"
"Rudi, Puan Maharani, serta Ruud van Nistelrooy kompak hadir dalam acara itu.","[{""start"": 0, ""end"": 4, ""label"": ""PER""}, {""start"": 6, ""end"": 19, ""label"": ""PER""}, {""start"": 27, ""end"": 46, ""label"": ""PER""}]"
"MENURUT DIREKTUR UTAMA BOEDIONO, KEBIJAKAN INI AKAN SEGERA DIREVISI.","[{""start"": 23, ""end"": 31, ""label"": ""PER""}]"
Baik René Descartes maupun Yudi belum memberikan komentar.,"[{""start"": 5, ""end"": 19, ""label"": ""PER""}, {""start"": 27, ""end"": 31, ""label"": ""PER""}]"
Kemarin saya pergi ke Universitas Diponegoro untuk urusan pekerjaan.,[]
"Menurut Sergey Brin dan Agus, kebijakan ini perlu direvisi.","[{""start"": 8, ""end"": 19, ""label"": ""PER""}, {""start"": 24, ""end"": 28, ""label"": ""PER""}]"
@winstonchurchill baru saja mengunggah foto liburannya.,"[{""start"": 1, ""end"": 17, ""label"": ""PER""}]"
Surat dari Sinta membahas rencana terkait Rumah Sakit Bunda.,"[{""start"": 11, ""end"": 16, ""label"": ""PER""}]"
"Sesuai catatan sipil, domisili tercatat di Gg. Gatot Subroto No. 127, RT 15/RW 12, Kel. Gubeng, Kec. Sukasari, Jakarta, Jawa Barat, 23706.","[{""start"": 43, ""end"": 137, ""label"": ""ADR""}]"
"Jackie Chan baru saja pindah ke Gg. Cempaka Putih No. 154, RT 11/RW 18, Kel. Antapani, Kec. Menteng, Surabaya, Jawa Timur, 92271.","[{""start"": 0, ""end"": 11, ""label"": ""PER""}, {""start"": 32, ""end"": 128, ""label"": ""ADR""}]"
"Nama: Dr. Andi Wijaya, Alamat: Gg. Basuki Rahmat No. 116B, Medan.","[{""start"": 6, ""end"": 21, ""label"": ""PER""}, {""start"": 31, ""end"": 64, ""label"": ""ADR""}]"
"Surat untuk Megawati Soekarnoputri dialamatkan ke Perumahan Puri Nirwana Blok G18 No. 10, Makassar.","[{""start"": 12, ""end"": 34, ""label"": ""PER""}, {""start"": 50, ""end"": 98, ""label"": ""ADR""}]"
"Panitia mengundang Sri Sultan Hamengkubuwono X, Yusril Ihza Mahendra, S.H., M.Sc., Jenderal Gatot Nurmantyo, dan Irfan Hakim sebagai narasumber.","[{""start"": 19, ""end"": 46, ""label"": ""PER""}, {""start"": 48, ""end"": 81, ""label"": ""PER""}, {""start"": 83, ""end"": 107, ""label"": ""PER""}, {""start"": 113, ""end"": 124, ""label"": ""PER""}]"
Buku terbaru itu ditulis oleh Megawati Soekarnoputri dan diterbitkan bulan lalu.,"[{""start"": 30, ""end"": 52, ""label"": ""PER""}]"
Proyek ini dipimpin langsung oleh Bill Gates.,"[{""start"": 34, ""end"": 44, ""label"": ""PER""}]"
"Rapat RT akan diadakan di Gg. Cemara No. 5B, RT 07/RW 04, Kel. Tegalsari, Makassar.","[{""start"": 26, ""end"": 82, ""label"": ""ADR""}]"
"Menurut Cut Nyak Dien dan Anies Baswedan, kebijakan ini perlu direvisi.","[{""start"": 8, ""end"": 21, ""label"": ""PER""}, {""start"": 26, ""end"": 40, ""label"": ""PER""}]"
Marie Curie adalah salah satu tokoh penting dalam sejarah.,"[{""start"": 0, ""end"": 11, ""label"": ""PER""}]"
"Megawati Soekarnoputri tinggal di Jl. Merdeka No. 178B, RT 06/RW 14, Kel. Menteng, Kec. Tegalsari, Jakarta, DKI Jakarta, 45194.","[{""start"": 0, ""end"": 22, ""label"": ""PER""}, {""start"": 34, ""end"": 126, ""label"": ""ADR""}]"
"Menurut Pembawa Acara Laksamana Muda TNI Sinar Adi, kebijakan ini akan segera direvisi.","[{""start"": 22, ""end"": 50, ""label"": ""PER""}]"
"CEO Tesla sebelumnya adalah Faisal Rahman, S.E., Ak., CA..","[{""start"": 28, ""end"": 57, ""label"": ""PER""}]"
Rapat membahas Beijing akan dilaksanakan besok.,[]
"B.J. Habibie tinggal di Gang Sudirman No. 86B, RT 14/RW 20, Kel. Cihapit, Denpasar.","[{""start"": 0, ""end"": 12, ""label"": ""PER""}, {""start"": 24, ""end"": 82, ""label"": ""ADR""}]"
Nomor kontak Ahmad Yani bisa dihubungi melalui New York.,"[{""start"": 13, ""end"": 23, ""label"": ""PER""}]"
"Tim tersebut beranggotakan Ganjar Pranowo, Bruce Lee, Siti Aminah, dan Muhammad Ikbal.","[{""start"": 27, ""end"": 41, ""label"": ""PER""}, {""start"": 43, ""end"": 52, ""label"": ""PER""}, {""start"": 54, ""end"": 65, ""label"": ""PER""}, {""start"": 71, ""end"": 85, ""label"": ""PER""}]"
"Rapat dihadiri oleh Made, Roger Federer, Eko, dan Dedi Mulyadi sore ini.","[{""start"": 20, ""end"": 24, ""label"": ""PER""}, {""start"": 26, ""end"": 39, ""label"": ""PER""}, {""start"": 41, ""end"": 44, ""label"": ""PER""}, {""start"": 50, ""end"": 62, ""label"": ""PER""}]"
"Panitia mengundang Ebiet G. Ade, Joko Widodo, Lestari, dan Dian Sastrowardoyo sebagai narasumber.","[{""start"": 19, ""end"": 31, ""label"": ""PER""}, {""start"": 33, ""end"": 44, ""label"": ""PER""}, {""start"": 46, ""end"": 53, ""label"": ""PER""}, {""start"": 59, ""end"": 77, ""label"": ""PER""}]"
Gus Miftah resmi menjabat sebagai Penyanyi mulai bulan depan.,"[{""start"": 0, ""end"": 10, ""label"": ""PER""}]"
"ANTHONY D'ANGELO BARU SAJA PINDAH KE GANG RAJAWALI, DEPOK.","[{""start"": 0, ""end"": 16, ""label"": ""PER""}, {""start"": 37, ""end"": 57, ""label"": ""ADR""}]"
Anies Baswedan resmi menjabat sebagai Perdana Menteri Inggris mulai bulan depan.,"[{""start"": 0, ""end"": 14, ""label"": ""PER""}]"
"Menurut Direktur Utama Kyai Haji Hasyim Asy'ari, kebijakan ini akan segera direvisi.","[{""start"": 23, ""end"": 47, ""label"": ""PER""}]"
@washington membagikan update terbaru di akunnya.,"[{""start"": 1, ""end"": 11, ""label"": ""PER""}]"
"Di antara peserta terdapat Made, Vladimir Putin, dan Mark Zuckerberg.","[{""start"": 27, ""end"": 31, ""label"": ""PER""}, {""start"": 33, ""end"": 47, ""label"": ""PER""}, {""start"": 53, ""end"": 68, ""label"": ""PER""}]"
Eko dan AKBP Ade Safri Simanjuntak kompak hadir dalam acara itu.,"[{""start"": 0, ""end"": 3, ""label"": ""PER""}, {""start"": 8, ""end"": 34, ""label"": ""PER""}]"
REKTOR UNIVERSITAS INDONESIA SEBELUMNYA ADALAH EMMANUEL MACRON.,"[{""start"": 47, ""end"": 62, ""label"": ""PER""}]"
Serena Williams resmi menjabat sebagai Perdana Menteri Inggris mulai bulan depan.,"[{""start"": 0, ""end"": 15, ""label"": ""PER""}]"
Gubernur DKI Jakarta Ahmad Yani menyampaikan pernyataan resmi kemarin.,"[{""start"": 21, ""end"": 31, ""label"": ""PER""}]"
"KTP atas nama Suharto beralamat di PO Box 5392, Tangerang 30139.","[{""start"": 14, ""end"": 21, ""label"": ""PER""}, {""start"": 35, ""end"": 63, ""label"": ""ADR""}]"
Apakah kamu sudah menghubungi Nita hari ini?,"[{""start"": 30, ""end"": 34, ""label"": ""PER""}]"
"Alamat saya di Jl. Flamboyan No. 120B, RT 20/RW 10, Kel. Antapani, Kec. Coblong, Yogyakarta, Sulawesi Selatan, 53050.","[{""start"": 15, ""end"": 116, ""label"": ""ADR""}]"
"Kantor kami beralamat di Perumahan Villa Melati Blok D15 No. 34, Balikpapan.","[{""start"": 25, ""end"": 75, ""label"": ""ADR""}]"
KEMARIN SAYA PERGI KE DENPASAR UNTUK URUSAN PEKERJAAN.,[]
"Tim tersebut beranggotakan Warren Buffett, Leonardo DiCaprio, drg. Maya Kusuma, dan Agus.","[{""start"": 27, ""end"": 41, ""label"": ""PER""}, {""start"": 43, ""end"": 60, ""label"": ""PER""}, {""start"": 62, ""end"": 78, ""label"": ""PER""}, {""start"": 84, ""end"": 88, ""label"": ""PER""}]"
"Nama Lengkap: Winston Churchill
Alamat: Jalan Basuki Rahmat No. 181, Surabaya.","[{""start"": 14, ""end"": 31, ""label"": ""PER""}, {""start"": 40, ""end"": 77, ""label"": ""ADR""}]"
"Menteri Luar Negeri, Agus Harimurti Yudhoyono, meresmikan acara tersebut.","[{""start"": 21, ""end"": 45, ""label"": ""PER""}]"
"Tim tersebut beranggotakan Joko Widodo, Agus Harimurti Yudhoyono, Abdul Haris Nasution, dan Taylor Swift.","[{""start"": 27, ""end"": 38, ""label"": ""PER""}, {""start"": 40, ""end"": 64, ""label"": ""PER""}, {""start"": 66, ""end"": 86, ""label"": ""PER""}, {""start"": 92, ""end"": 104, ""label"": ""PER""}]"
"Yusril Ihza Mahendra, S.H., M.Sc. dan Leonardo DiCaprio kompak hadir dalam acara itu.","[{""start"": 0, ""end"": 33, ""label"": ""PER""}, {""start"": 38, ""end"": 55, ""label"": ""PER""}]"
Scarlett Johansson dan LeBron James kompak hadir dalam acara itu.,"[{""start"": 0, ""end"": 18, ""label"": ""PER""}, {""start"": 23, ""end"": 35, ""label"": ""PER""}]"
"Kantor kami beralamat di 931 Wall Drive, Seoul, Korea Selatan.","[{""start"": 25, ""end"": 61, ""label"": ""ADR""}]"
Saya melihat Agus sedang makan siang di kantin.,"[{""start"": 13, ""end"": 17, ""label"": ""PER""}]"
PEMERINTAH UMUMKAN KEBIJAKAN SUBSIDI BARU.,[]
Surat dari Steve Jobs membahas rencana terkait Balikpapan.,"[{""start"": 11, ""end"": 21, ""label"": ""PER""}]"
Martin Luther King Jr. resmi menjabat sebagai Penyanyi mulai bulan depan.,"[{""start"": 0, ""end"": 22, ""label"": ""PER""}]"
Mereka hadir dalam acara itu belum dikonfirmasi panitia.,[]
"Conor O'Brien baru saja pindah ke Apartemen Green Pramuka City Tower C Lantai 17, Yogyakarta.","[{""start"": 0, ""end"": 13, ""label"": ""PER""}, {""start"": 34, ""end"": 92, ""label"": ""ADR""}]"
Dokumen itu merujuk pada Balikpapan.,[]
"Nama Lengkap: Volodymyr Zelenskyy
Alamat: Apartemen Gading Nias Residences Tower B Lantai 14, Balikpapan.","[{""start"": 14, ""end"": 33, ""label"": ""PER""}, {""start"": 42, ""end"": 104, ""label"": ""ADR""}]"
Buku terbaru itu ditulis oleh Bambang Pamungkas dan diterbitkan bulan lalu.,"[{""start"": 30, ""end"": 47, ""label"": ""PER""}]"
"Silakan kirim paket ke Jalan Cempaka Putih No. 74, Manado.","[{""start"": 23, ""end"": 57, ""label"": ""ADR""}]"
"Di antara peserta terdapat Nelson Mandela, Iko Uwais, dan Barack Obama.","[{""start"": 27, ""end"": 41, ""label"": ""PER""}, {""start"": 43, ""end"": 52, ""label"": ""PER""}, {""start"": 58, ""end"": 70, ""label"": ""PER""}]"
"Di antara peserta terdapat Jackie Chan, Fajar Nugraha, Yudi, dan Muhammad Ikbal.","[{""start"": 27, ""end"": 38, ""label"": ""PER""}, {""start"": 40, ""end"": 53, ""label"": ""PER""}, {""start"": 55, ""end"": 59, ""label"": ""PER""}, {""start"": 65, ""end"": 79, ""label"": ""PER""}]"
PEMERINTAH UMUMKAN KEBIJAKAN SUBSIDI BARU.,[]
"Rumah beliau berada di Dusun Karangasem RT 13/RW 15, Desa Cibogo, Kec. Sukasari, Kab. Bandung.","[{""start"": 23, ""end"": 93, ""label"": ""ADR""}]"
"Nama Lengkap: Luhut Binsar Pandjaitan
Alamat: 221 Victoria Boulevard, Dubai, Uni Emirat Arab.","[{""start"": 14, ""end"": 37, ""label"": ""PER""}, {""start"": 46, ""end"": 92, ""label"": ""ADR""}]"
"Hakim Ketua, Justin Trudeau, menyampaikan pernyataan resmi kemarin.","[{""start"": 13, ""end"": 27, ""label"": ""PER""}]"
"Sesuai catatan sipil, domisili tercatat di Perumahan Grand Wisata Blok H7 No. 34, Malang.","[{""start"": 43, ""end"": 88, ""label"": ""ADR""}]"
"""Ini adalah langkah yang tepat,"" tutur Jacinda Ardern kepada wartawan.","[{""start"": 39, ""end"": 53, ""label"": ""PER""}]"
"PAKET UNTUK LARRY PAGE DIKIRIM KE GANG FLAMBOYAN NO. 30, RT 17/RW 02, KEL. GUBENG, KEC. MENTENG, DEPOK, KALIMANTAN TIMUR, 87352.","[{""start"": 12, ""end"": 22, ""label"": ""PER""}, {""start"": 34, ""end"": 127, ""label"": ""ADR""}]"
@rmsaidprawirosoedirdjo membagikan update terbaru di akunnya.,"[{""start"": 1, ""end"": 23, ""label"": ""PER""}]"
"Penerima: Hendra, Tujuan: 180 Queen Drive, Los Angeles, 92180, Amerika Serikat","[{""start"": 10, ""end"": 16, ""label"": ""PER""}, {""start"": 26, ""end"": 78, ""label"": ""ADR""}]"
Jangan lupa follow @winstonchurchill untuk info terkini.,"[{""start"": 20, ""end"": 36, ""label"": ""PER""}]"
Bunga bukan bagian dari agenda rapat kali ini.,[]
Proyek ini dipimpin langsung oleh I Gusti Ngurah Rai.,"[{""start"": 34, ""end"": 52, ""label"": ""PER""}]"
"Kantor kami beralamat di Jl. Cemara No. 143, RT 20/RW 08, Kel. Antapani, Manado.","[{""start"": 25, ""end"": 79, ""label"": ""ADR""}]"
"Guillermo del Toro baru saja pindah ke Jl. Ahmad Dahlan No. 85B, RT 11/RW 14, Kel. Sukajadi, Kec. Cimahi Utara, Balikpapan, Jawa Tengah, 92107.","[{""start"": 0, ""end"": 18, ""label"": ""PER""}, {""start"": 39, ""end"": 142, ""label"": ""ADR""}]"
Kemarin saya bertemu dengan Mark Zuckerberg di stasiun.,"[{""start"": 28, ""end"": 43, ""label"": ""PER""}]"
"Penerima: Ruud van Nistelrooy, Tujuan: Dusun Wonosari RT 05/RW 14, Kel. Tegalsari, Kec. Sukasari, Kab. Bogor","[{""start"": 10, ""end"": 29, ""label"": ""PER""}, {""start"": 39, ""end"": 108, ""label"": ""ADR""}]"
"Ia baru saja pindah ke 224 Queen Avenue, Tokyo, 44937, Jepang.","[{""start"": 23, ""end"": 61, ""label"": ""ADR""}]"
"Paket untuk Yoga dikirim ke PO Box 6083, Tangerang 27841.","[{""start"": 12, ""end"": 16, ""label"": ""PER""}, {""start"": 28, ""end"": 56, ""label"": ""ADR""}]"
PEMERINTAH UMUMKAN KEBIJAKAN SUBSIDI BARU.,[]
Keputusan final berada di tangan Sergey Brin selaku manajer proyek.,"[{""start"": 33, ""end"": 44, ""label"": ""PER""}]"
"Kost berada di Jalan Mawar No. 141A, RT 04/RW 08, Kel. Menteng, Balikpapan.","[{""start"": 15, ""end"": 74, ""label"": ""ADR""}]"
Keputusan final berada di tangan Kevin Sanjaya Sukamuljo selaku manajer proyek.,"[{""start"": 33, ""end"": 56, ""label"": ""PER""}]"
Xi Jinping bertemu dengan rekannya di Malang.,"[{""start"": 0, ""end"": 10, ""label"": ""PER""}]"
Dokumen itu merujuk pada Bank Woori Saudara.,[]
"KTP atas nama Franklin D. Roosevelt beralamat di Apartemen Green Pramuka City Tower B Lantai 10, Palembang.","[{""start"": 14, ""end"": 35, ""label"": ""PER""}, {""start"": 49, ""end"": 106, ""label"": ""ADR""}]"
Prof. Dr. dr. Zubairi Djoerban menghadiri rapat mengenai 17 Agustus 1945 pagi ini.,"[{""start"": 0, ""end"": 30, ""label"": ""PER""}]"
Jangan lupa follow @sergeybrin untuk info terkini.,"[{""start"": 20, ""end"": 30, ""label"": ""PER""}]"
KEBAKARAN HUTAN MELUAS DI KALIMANTAN.,[]
Mawar hadir dalam acara itu belum dikonfirmasi panitia.,[]
"Penerima: Prof. Dr. dr. Zubairi Djoerban, Tujuan: 57 Wall Road, Sydney, Australia","[{""start"": 10, ""end"": 40, ""label"": ""PER""}, {""start"": 50, ""end"": 81, ""label"": ""ADR""}]"
"Surat untuk Martin Luther King Jr. dialamatkan ke Gg. Ahmad Dahlan, RT 06/RW 15, Kel. Cihapit, Kec. Tegalsari, Bogor, DKI Jakarta, 13173.","[{""start"": 12, ""end"": 34, ""label"": ""PER""}, {""start"": 50, ""end"": 136, ""label"": ""ADR""}]"
KAMI SUDAH LAMA MENETAP DI JAWA BARAT.,[]
INFLASI TAHUNAN TURUN KE LEVEL TERENDAH.,[]
"Panitia mengundang Dr. Andi Wijaya, Sp.PD, Kennedy, dan Taufik Hidayat sebagai narasumber.","[{""start"": 19, ""end"": 41, ""label"": ""PER""}, {""start"": 43, ""end"": 50, ""label"": ""PER""}, {""start"": 56, ""end"": 70, ""label"": ""PER""}]"
"Tim tersebut beranggotakan Kartika Sari, Sp.KG, Priyanka Chopra, dan Ahmad Yani.","[{""start"": 27, ""end"": 46, ""label"": ""PER""}, {""start"": 48, ""end"": 63, ""label"": ""PER""}, {""start"": 69, ""end"": 79, ""label"": ""PER""}]"
"Rumah beliau berada di Apartemen Kalibata City Tower Mawar Lantai 17, Semarang.","[{""start"": 23, ""end"": 78, ""label"": ""ADR""}]"
Banyak pihak yang setuju dengan analisis Dra. Kartini Rahayu mengenai krisis ekonomi.,"[{""start"": 41, ""end"": 60, ""label"": ""PER""}]"
"Di antara peserta terdapat Alif Santoso, Eko Yuli Irawan, Dra. Kartini Rahayu, dan R.A. Kartini.","[{""start"": 27, ""end"": 39, ""label"": ""PER""}, {""start"": 41, ""end"": 56, ""label"": ""PER""}, {""start"": 58, ""end"": 77, ""label"": ""PER""}, {""start"": 83, ""end"": 95, ""label"": ""PER""}]"
Baik Sergey Brin maupun Ahmad belum memberikan komentar.,"[{""start"": 5, ""end"": 16, ""label"": ""PER""}, {""start"": 24, ""end"": 29, ""label"": ""PER""}]"
Bunga mulai terlihat sejak dini hari.,[]
"Di antara peserta terdapat Agus Harimurti Yudhoyono, Albert Einstein, R.A. Kartini, dan Marie Curie.","[{""start"": 27, ""end"": 51, ""label"": ""PER""}, {""start"": 53, ""end"": 68, ""label"": ""PER""}, {""start"": 70, ""end"": 82, ""label"": ""PER""}, {""start"": 88, ""end"": 99, ""label"": ""PER""}]"
"KTP atas nama Conor O'Brien beralamat di Jalan Diponegoro No. 157B, RT 03/RW 01, Kel. Antapani, Tangerang.","[{""start"": 14, ""end"": 27, ""label"": ""PER""}, {""start"": 41, ""end"": 105, ""label"": ""ADR""}]"
"KTP menunjukkan alamat di 167 Kennedy Boulevard, London, Inggris.","[{""start"": 26, ""end"": 64, ""label"": ""ADR""}]"
"Sesuai catatan sipil, domisili tercatat di Apartemen Kalibata City Tower C Lantai 15, Yogyakarta.","[{""start"": 43, ""end"": 96, ""label"": ""ADR""}]"
"Menurut Vladimir Putin dan Andi Djemma, kebijakan ini perlu direvisi.","[{""start"": 8, ""end"": 22, ""label"": ""PER""}, {""start"": 27, ""end"": 38, ""label"": ""PER""}]"
"Rumah kost berada di Gang Ahmad Dahlan No. 143A, RT 16/RW 17, Kel. Menteng, Kec. Coblong, Depok, Jawa Timur, 73670.","[{""start"": 21, ""end"": 114, ""label"": ""ADR""}]"
"Rumah beliau berada di Jl. Ahmad Dahlan, Surabaya.","[{""start"": 23, ""end"": 49, ""label"": ""ADR""}]"
Tolong sampaikan pesan ini kepada Washington secepatnya.,"[{""start"": 34, ""end"": 44, ""label"": ""PER""}]"
"Silakan kirim paket ke PO Box 5242, Surabaya 30706.","[{""start"": 23, ""end"": 50, ""label"": ""ADR""}]"
Acara tersebut diselenggarakan di KPK.,[]
"Paket untuk Justin Trudeau dikirim ke Jl. Diponegoro No. 11, RT 15/RW 05, Kel. Menteng, Bogor.","[{""start"": 12, ""end"": 26, ""label"": ""PER""}, {""start"": 38, ""end"": 93, ""label"": ""ADR""}]"
"""Terima kasih atas dukungannya,"" ucap Rangga Pratama, S.Kom., M.Kom. sambil tersenyum.","[{""start"": 38, ""end"": 68, ""label"": ""PER""}]"
Ia baru saja pindah ke Seoul.,[]
Bambang Pamungkas dan Jackie Chan kompak hadir dalam acara itu.,"[{""start"": 0, ""end"": 17, ""label"": ""PER""}, {""start"": 22, ""end"": 33, ""label"": ""PER""}]"
Karya seni milik Evry Pramudya berhasil terjual dengan harga fantastis.,"[{""start"": 17, ""end"": 30, ""label"": ""PER""}]"
"""Saya akan segera berangkat,"" ujar Ustadz Abdul Somad.","[{""start"": 35, ""end"": 53, ""label"": ""PER""}]"
CONOR O'BRIEN TINGGAL DI APBN 2025 SEJAK TAHUN LALU.,"[{""start"": 0, ""end"": 13, ""label"": ""PER""}]"
Kemarin mobilnya Ahmad Dhani mogok di jalan tol.,"[{""start"": 17, ""end"": 28, ""label"": ""PER""}]"
Surat dari Conor O'Brien membahas rencana terkait London.,"[{""start"": 11, ""end"": 24, ""label"": ""PER""}]"
"KTP atas nama Andi Djemma beralamat di Jalan Flamboyan No. 76B, RT 08/RW 18, Kel. Gubeng, Balikpapan.","[{""start"": 14, ""end"": 25, ""label"": ""PER""}, {""start"": 39, ""end"": 100, ""label"": ""ADR""}]"
Keputusan final berada di tangan Taylor Swift selaku manajer proyek.,"[{""start"": 33, ""end"": 45, ""label"": ""PER""}]"
BUKU TERBARU ITU DITULIS OLEH HENDRA DAN DITERBITKAN BULAN LALU.,"[{""start"": 30, ""end"": 36, ""label"": ""PER""}]"
"""Brazil adalah prioritas kita,"" kata Prof. Ir. Bambang Permadi Soemantri Brodjonegoro, M.Sc..","[{""start"": 37, ""end"": 92, ""label"": ""PER""}]"
"Yang hadir dalam pertemuan itu adalah Eko, Scarlett Johansson, dan Wayan.","[{""start"": 38, ""end"": 41, ""label"": ""PER""}, {""start"": 43, ""end"": 61, ""label"": ""PER""}, {""start"": 67, ""end"": 72, ""label"": ""PER""}]"
Bernard Arnault menghadiri rapat mengenai COVID-19 pagi ini.,"[{""start"": 0, ""end"": 15, ""label"": ""PER""}]"
Kemarin saya bertemu dengan Dra. Kartini Rahayu di stasiun.,"[{""start"": 28, ""end"": 47, ""label"": ""PER""}]"
Pihak kepolisian masih memeriksa Beyoncé sebagai saksi utama.,"[{""start"": 33, ""end"": 40, ""label"": ""PER""}]"
"Nama Lengkap: Prof. Ir. Bambang Permadi Soemantri Brodjonegoro, M.Sc.
Alamat: Jalan Imam Bonjol No. 152B, Malang.","[{""start"": 14, ""end"": 69, ""label"": ""PER""}, {""start"": 78, ""end"": 112, ""label"": ""ADR""}]"
"Daftar penerima meliputi Komang, Habib Rizieq Shihab, dan Tubagus Hasanuddin dari divisi terkait.","[{""start"": 25, ""end"": 31, ""label"": ""PER""}, {""start"": 33, ""end"": 52, ""label"": ""PER""}, {""start"": 58, ""end"": 76, ""label"": ""PER""}]"
"Silakan kirim paket ke Gang Diponegoro No. 55A, Surabaya.","[{""start"": 23, ""end"": 56, ""label"": ""ADR""}]"
"Paket untuk Maria dikirim ke 648 Churchill Avenue, Kuala Lumpur, 42179, Malaysia.","[{""start"": 12, ""end"": 17, ""label"": ""PER""}, {""start"": 29, ""end"": 80, ""label"": ""ADR""}]"
"Kost berada di Jalan Cempaka Putih No. 61A, RT 15/RW 11, Desa Cibogo, Kec. Cimahi Utara, Bekasi, Sulawesi Selatan, 74822.","[{""start"": 15, ""end"": 120, ""label"": ""ADR""}]"
"""Saya akan segera berangkat,"" ujar Scarlett Johansson.","[{""start"": 35, ""end"": 53, ""label"": ""PER""}]"
"""Saya akan segera berangkat,"" ujar Joe Biden.","[{""start"": 35, ""end"": 44, ""label"": ""PER""}]"
"K.H. Ma'ruf Amin baru saja pindah ke Apartemen Kemang Village Tower Mawar Lantai 27, Tangerang.","[{""start"": 0, ""end"": 16, ""label"": ""PER""}, {""start"": 37, ""end"": 94, ""label"": ""ADR""}]"
Menteri Keuangan RI sebelumnya adalah LeBron James.,"[{""start"": 38, ""end"": 50, ""label"": ""PER""}]"
GEMPA BUMI GUNCANG WILAYAH SELATAN JAWA.,[]
"Silakan kirim paket ke Jl. Gatot Subroto No. 47B, RT 04/RW 11, Kel. Sukajadi, Kec. Tegalsari, Palembang, DI Yogyakarta, 65444.","[{""start"": 23, ""end"": 125, ""label"": ""ADR""}]"
Lengkap semua diundang untuk hadir dalam acara tersebut.,[]
"Sesuai catatan sipil, domisili tercatat di Dusun Sumber RT 09/RW 15, Kel. Menteng, Kec. Tegalsari, Kab. Cirebon.","[{""start"": 43, ""end"": 111, ""label"": ""ADR""}]"
Lengkap semua diundang untuk hadir dalam acara tersebut.,[]
Kami sedang menunggu tanda tangan dari Sandiaga Uno untuk mencairkan dana.,"[{""start"": 39, ""end"": 51, ""label"": ""PER""}]"
PEMERINTAH UMUMKAN KEBIJAKAN SUBSIDI BARU.,[]
"I Gusti Ngurah Rai baru saja pindah ke Jalan Cempaka Putih No. 92B, RT 11/RW 16, Kel. Antapani, Makassar.","[{""start"": 0, ""end"": 18, ""label"": ""PER""}, {""start"": 39, ""end"": 104, ""label"": ""ADR""}]"
"Kantor kami beralamat di Jl. Kenanga No. 155A, RT 07/RW 08, Desa Cibogo, Bogor.","[{""start"": 25, ""end"": 78, ""label"": ""ADR""}]"
"PAKET UNTUK SHAH RUKH KHAN DIKIRIM KE GANG BASUKI RAHMAT, MAKASSAR.","[{""start"": 12, ""end"": 26, ""label"": ""PER""}, {""start"": 38, ""end"": 66, ""label"": ""ADR""}]"
"Di antara peserta terdapat Rina Nose, Joko Widodo, Agnez Mo, dan Tio.","[{""start"": 27, ""end"": 36, ""label"": ""PER""}, {""start"": 38, ""end"": 49, ""label"": ""PER""}, {""start"": 51, ""end"": 59, ""label"": ""PER""}, {""start"": 65, ""end"": 68, ""label"": ""PER""}]"
"Perdana Menteri Inggris Rangga Pratama, S.Kom., M.Kom. meresmikan acara tersebut.","[{""start"": 24, ""end"": 54, ""label"": ""PER""}]"
Kantor cabang baru akan dibuka di DKI Jakarta.,[]
ELON MUSK MENGHADIRI RAPAT MENGENAI BEIJING PAGI INI.,"[{""start"": 0, ""end"": 9, ""label"": ""PER""}]"
CUACA EKSTREM DIPERKIRAKAN LANDA JAKARTA PEKAN INI.,[]
"Nama Lengkap: Jackie Chan
Alamat: 662 Bridge Street, Los Angeles, Amerika Serikat.","[{""start"": 14, ""end"": 25, ""label"": ""PER""}, {""start"": 34, ""end"": 81, ""label"": ""ADR""}]"
"Penerima: O'Brien, Tujuan: Jalan Mawar No. 25A, Makassar","[{""start"": 10, ""end"": 17, ""label"": ""PER""}, {""start"": 27, ""end"": 56, ""label"": ""ADR""}]"
"Alamat saya di Gang Gatot Subroto, RT 07/RW 08, Desa Cibogo, Tangerang.","[{""start"": 15, ""end"": 70, ""label"": ""ADR""}]"
François Hollande tinggal di PBB sejak tahun lalu.,"[{""start"": 0, ""end"": 17, ""label"": ""PER""}]"
"Ia baru saja pindah ke Jl. Anggrek, RT 20/RW 02, Kel. Menteng, Kec. Menteng, Depok, DKI Jakarta, 66039.","[{""start"": 23, ""end"": 102, ""label"": ""ADR""}]"
Jangan lupa follow @rmsaidprawirosoedirdjo untuk info terkini.,"[{""start"": 20, ""end"": 42, ""label"": ""PER""}]"
Cristiano Ronaldo bertemu dengan rekannya di Belanda.,"[{""start"": 0, ""end"": 17, ""label"": ""PER""}]"
"Silakan kirim paket ke Apartemen Taman Anggrek Residence Tower A Lantai 21, Malang.","[{""start"": 23, ""end"": 82, ""label"": ""ADR""}]"
Penghargaan Nobel tahun ini jatuh kepada Xi Jinping atas dedikasinya.,"[{""start"": 41, ""end"": 51, ""label"": ""PER""}]"
"KANTOR KAMI BERALAMAT DI APARTEMEN GADING NIAS RESIDENCES TOWER A LANTAI 20, DEPOK.","[{""start"": 25, ""end"": 82, ""label"": ""ADR""}]"
TEORI YANG DIUSULKAN OLEH ELON MUSK TELAH DIPATAHKAN OLEH PENEMUAN BARU.,"[{""start"": 26, ""end"": 35, ""label"": ""PER""}]"
BANJIR BESAR RENDAM RIBUAN RUMAH DI PESISIR.,[]
"Tim tersebut beranggotakan Susi Pudjiastuti, Agus Harimurti Yudhoyono, Raisa Andriana, dan Prof. Dr. dr. Zubairi Djoerban.","[{""start"": 27, ""end"": 43, ""label"": ""PER""}, {""start"": 45, ""end"": 69, ""label"": ""PER""}, {""start"": 71, ""end"": 85, ""label"": ""PER""}, {""start"": 91, ""end"": 121, ""label"": ""PER""}]"
Sergey Brin resmi menjabat sebagai Ketua DPR RI mulai bulan depan.,"[{""start"": 0, ""end"": 11, ""label"": ""PER""}]"
Retno Marsudi menghadiri rapat mengenai RS Siloam pagi ini.,"[{""start"": 0, ""end"": 13, ""label"": ""PER""}]"
"Menteri Keuangan RI Faisal Rahman, S.E., Ak., CA. meresmikan acara tersebut.","[{""start"": 20, ""end"": 49, ""label"": ""PER""}]"
Saya punya saudara di jakarta namanya Prof. Emil Salim.,"[{""start"": 38, ""end"": 54, ""label"": ""PER""}]"
"Menurut Menteri Luar Negeri Guillermo del Toro, kebijakan ini akan segera direvisi.","[{""start"": 28, ""end"": 46, ""label"": ""PER""}]"
"Penerima: Megawati Soekarnoputri, Tujuan: Jalan Melati No. 120B, Makassar","[{""start"": 10, ""end"": 32, ""label"": ""PER""}, {""start"": 42, ""end"": 73, ""label"": ""ADR""}]"
"Ia baru saja pindah ke Jalan Basuki Rahmat No. 35, RT 14/RW 16, Kel. Tegalsari, Malang.","[{""start"": 23, ""end"": 86, ""label"": ""ADR""}]"
Ahmad Dahlan dan Luhut Binsar Pandjaitan kompak hadir dalam acara itu.,"[{""start"": 0, ""end"": 12, ""label"": ""PER""}, {""start"": 17, ""end"": 40, ""label"": ""PER""}]"
"Alamat saya di Dusun Wonosari RT 12/RW 12, Kel. Tegalsari, Kec. Gubeng, Kab. Bandung.","[{""start"": 15, ""end"": 84, ""label"": ""ADR""}]"
"Menurut Eko Yuli Irawan, ""keputusan ini sudah final.""","[{""start"": 8, ""end"": 23, ""label"": ""PER""}]"
Kantor pusatnya berlokasi di Tangerang.,[]
Laporan tersebut telah dikirimkan langsung ke meja Prof. Dr. Ing. B.J. Habibie.,"[{""start"": 51, ""end"": 78, ""label"": ""PER""}]"
"Sesuai catatan sipil, domisili tercatat di Gg. Mangga Dua No. 129, RT 11/RW 10, Desa Sukamaju, Surabaya.","[{""start"": 43, ""end"": 103, ""label"": ""ADR""}]"
"KTP atas nama Yasonna Laoly beralamat di Jl. Basuki Rahmat, RT 11/RW 06, Kel. Antapani, Kec. Coblong, Tangerang, Sumatera Utara, 14068.","[{""start"": 14, ""end"": 27, ""label"": ""PER""}, {""start"": 41, ""end"": 134, ""label"": ""ADR""}]"
KEPUTUSAN FINAL BERADA DI TANGAN SUKARYO SELAKU MANAJER PROYEK.,"[{""start"": 33, ""end"": 40, ""label"": ""PER""}]"
Depok baru saja merilis laporan tahunan.,[]
Rapat dewan direksi besok akan dipimpin oleh Lestari.,"[{""start"": 45, ""end"": 52, ""label"": ""PER""}]"
"Silakan kirim paket ke Gang Kenanga No. 64B, RT 12/RW 07, Kel. Cihapit, Depok.","[{""start"": 23, ""end"": 77, ""label"": ""ADR""}]"
"Karya seni milik Boyke Dian Nugraha, Sp.OG berhasil terjual dengan harga fantastis.","[{""start"": 17, ""end"": 42, ""label"": ""PER""}]"
"Saya punya saudara di jakarta namanya Yusril Ihza Mahendra, S.H., M.Sc..","[{""start"": 38, ""end"": 71, ""label"": ""PER""}]"
"Scarlett Johansson, Ir. Djoko Kirmanto, Dipl.HE, serta Suharto kompak hadir dalam acara itu.","[{""start"": 0, ""end"": 18, ""label"": ""PER""}, {""start"": 20, ""end"": 47, ""label"": ""PER""}, {""start"": 55, ""end"": 62, ""label"": ""PER""}]"
"Surat untuk Prof. Emil Salim dialamatkan ke Jl. Cemara No. 83B, RT 04/RW 08, Desa Sukamaju, Manado.","[{""start"": 12, ""end"": 28, ""label"": ""PER""}, {""start"": 44, ""end"": 98, ""label"": ""ADR""}]"
"Sesuai catatan sipil, domisili tercatat di Apartemen Green Pramuka City Tower A Lantai 14, Palembang.","[{""start"": 43, ""end"": 100, ""label"": ""ADR""}]"
"Paket untuk Kyai Haji Hasyim Asy'ari dikirim ke Jalan Rajawali No. 192B, RT 07/RW 16, Kel. Sukajadi, Palembang.","[{""start"": 12, ""end"": 36, ""label"": ""PER""}, {""start"": 48, ""end"": 110, ""label"": ""ADR""}]"
"Ia baru saja pindah ke Jl. Cempaka Putih, Medan.","[{""start"": 23, ""end"": 47, ""label"": ""ADR""}]"
"Silakan kirim paket ke Jalan Cendrawasih No. 103B, Bogor.","[{""start"": 23, ""end"": 56, ""label"": ""ADR""}]"
"Rumah beliau berada di Jalan Cempaka Putih No. 21, Semarang.","[{""start"": 23, ""end"": 59, ""label"": ""ADR""}]"
"Rina tinggal di Gang Cendrawasih No. 23B, RT 13/RW 05, Kel. Gubeng, Kec. Gubeng, Manado, Sumatera Utara, 37195.","[{""start"": 0, ""end"": 4, ""label"": ""PER""}, {""start"": 16, ""end"": 110, ""label"": ""ADR""}]"
"Basuki Rahmat, selaku Perdana Menteri Inggris, hadir dalam konferensi pers.","[{""start"": 0, ""end"": 13, ""label"": ""PER""}]"
Buku terbaru itu ditulis oleh Pramoedya Ananta Toer dan diterbitkan bulan lalu.,"[{""start"": 30, ""end"": 51, ""label"": ""PER""}]"
"Alamat saya di Gg. Sudirman No. 87B, RT 01/RW 01, Kel. Gubeng, Yogyakarta.","[{""start"": 15, ""end"": 73, ""label"": ""ADR""}]"
"Sandiaga Uno tinggal di Jl. Basuki Rahmat No. 178A, RT 14/RW 10, Desa Cibogo, Surabaya.","[{""start"": 0, ""end"": 12, ""label"": ""PER""}, {""start"": 24, ""end"": 86, ""label"": ""ADR""}]"
"Panitia mengundang Hendra, Gusti Kanjeng Ratu Hemas, dan Agus sebagai narasumber.","[{""start"": 19, ""end"": 25, ""label"": ""PER""}, {""start"": 27, ""end"": 51, ""label"": ""PER""}, {""start"": 57, ""end"": 61, ""label"": ""PER""}]"
"MENURUT SERENA WILLIAMS, INDONESIA PERLU DIEVALUASI ULANG.","[{""start"": 8, ""end"": 23, ""label"": ""PER""}]"
"""Tangerang adalah prioritas kita,"" kata Diponegoro.","[{""start"": 40, ""end"": 50, ""label"": ""PER""}]"
"Dr. Andi Wijaya, Sp.PD berangkat ke kantor pagi ini.","[{""start"": 0, ""end"": 22, ""label"": ""PER""}]"
"Hartono, S.T., M.T. baru saja pindah ke Jalan Sudirman No. 33A, Makassar.","[{""start"": 0, ""end"": 19, ""label"": ""PER""}, {""start"": 40, ""end"": 72, ""label"": ""ADR""}]"
"Tim tersebut beranggotakan Ridwan Kamil, Anne-Marie Laurent, dan Ebiet G. Ade.","[{""start"": 27, ""end"": 39, ""label"": ""PER""}, {""start"": 41, ""end"": 59, ""label"": ""PER""}, {""start"": 65, ""end"": 77, ""label"": ""PER""}]"
"Menurut Simone Biles, kebijakan ini harus segera dievaluasi.","[{""start"": 8, ""end"": 20, ""label"": ""PER""}]"
Acara tersebut diselenggarakan di Tokyo.,[]
Kantor cabang baru akan dibuka di DI Yogyakarta.,[]
"SURAT UNTUK DR. TIRTA MANDIRA HUDHI, M.KED. DIALAMATKAN KE 523 QUEEN AVENUE, SEOUL, 34055, KOREA SELATAN.","[{""start"": 12, ""end"": 43, ""label"": ""PER""}, {""start"": 59, ""end"": 104, ""label"": ""ADR""}]"
"Silakan kirim paket ke Gg. Cempaka Putih No. 162A, RT 07/RW 17, Kel. Sukajadi, Malang.","[{""start"": 23, ""end"": 85, ""label"": ""ADR""}]"
Megawati Soekarnoputri bekerja di Denpasar.,"[{""start"": 0, ""end"": 22, ""label"": ""PER""}]"
"Sri Sultan Hamengkubuwono X, selaku Hakim Ketua, hadir dalam konferensi pers.","[{""start"": 0, ""end"": 27, ""label"": ""PER""}]"
Jangan lupa follow @ruudvannistelrooy untuk info terkini.,"[{""start"": 20, ""end"": 37, ""label"": ""PER""}]"
KEPUTUSAN FINAL BERADA DI TANGAN DRA. KARTINI RAHAYU SELAKU MANAJER PROYEK.,"[{""start"": 33, ""end"": 52, ""label"": ""PER""}]"
"Hakim Ketua, Sukaryo, menyampaikan pernyataan resmi kemarin.","[{""start"": 13, ""end"": 20, ""label"": ""PER""}]"
Baik Diego Maradona maupun Kennedy belum memberikan komentar.,"[{""start"": 5, ""end"": 19, ""label"": ""PER""}, {""start"": 27, ""end"": 34, ""label"": ""PER""}]"
Laporan tersebut telah dikirimkan langsung ke meja Bambang Pamungkas.,"[{""start"": 51, ""end"": 68, ""label"": ""PER""}]"
"Kapolri, Maria, menyampaikan pernyataan resmi kemarin.","[{""start"": 9, ""end"": 14, ""label"": ""PER""}]"
Apakah benar Shinzo Abe akan datang ke konferensi besok?,"[{""start"": 13, ""end"": 23, ""label"": ""PER""}]"
Volodymyr Zelenskyy adalah salah satu tokoh penting dalam sejarah.,"[{""start"": 0, ""end"": 19, ""label"": ""PER""}]"
Ia baru saja pindah ke Jakarta.,[]
"KTP ATAS NAMA RADEN MAS SOEWARDI SURYANINGRAT BERALAMAT DI GANG RAJAWALI NO. 59B, SURABAYA.","[{""start"": 14, ""end"": 45, ""label"": ""PER""}, {""start"": 59, ""end"": 90, ""label"": ""ADR""}]"
"Panitia mengundang Lestari, Wayan, dan Wati sebagai narasumber.","[{""start"": 19, ""end"": 26, ""label"": ""PER""}, {""start"": 28, ""end"": 33, ""label"": ""PER""}, {""start"": 39, ""end"": 43, ""label"": ""PER""}]"
PEMERINTAH UMUMKAN KEBIJAKAN SUBSIDI BARU.,[]
"Peserta pelatihan meliputi Kennedy, Justin Trudeau, dan Tio dari kantor cabang.","[{""start"": 27, ""end"": 34, ""label"": ""PER""}, {""start"": 36, ""end"": 50, ""label"": ""PER""}, {""start"": 56, ""end"": 59, ""label"": ""PER""}]"
Saya punya saudara di jakarta namanya Lincoln.,"[{""start"": 38, ""end"": 45, ""label"": ""PER""}]"
Tolong sampaikan pesan ini kepada Eko Yuli Irawan secepatnya.,"[{""start"": 34, ""end"": 49, ""label"": ""PER""}]"
Dokumen itu merujuk pada 17 Agustus 1945.,[]
Kevin Sanjaya Sukamuljo resmi menjabat sebagai Menteri Luar Negeri mulai bulan depan.,"[{""start"": 0, ""end"": 23, ""label"": ""PER""}]"
"Paket untuk Puan Maharani dikirim ke Gg. Rajawali, Palembang.","[{""start"": 12, ""end"": 25, ""label"": ""PER""}, {""start"": 37, ""end"": 60, ""label"": ""ADR""}]"
"Sesuai catatan sipil, domisili tercatat di Jalan Ahmad Yani No. 54B, Surabaya.","[{""start"": 43, ""end"": 77, ""label"": ""ADR""}]"
Panglima TNI Bambang Pamungkas meresmikan acara tersebut.,"[{""start"": 13, ""end"": 30, ""label"": ""PER""}]"
Buku terbaru itu ditulis oleh Budi Gunadi Sadikin dan diterbitkan bulan lalu.,"[{""start"": 30, ""end"": 49, ""label"": ""PER""}]"
"Rapat RT akan diadakan di Gang Cempaka Putih, RT 16/RW 11, Desa Sukamaju, Kec. Menteng, Jakarta, DKI Jakarta, 55325.","[{""start"": 26, ""end"": 115, ""label"": ""ADR""}]"
"Paket untuk Martin Luther King Jr. dikirim ke Jalan Kebon Jeruk No. 71B, RT 16/RW 15, Kel. Antapani, Kec. Buah Batu, Manado, Jawa Barat, 35905.","[{""start"": 12, ""end"": 34, ""label"": ""PER""}, {""start"": 46, ""end"": 142, ""label"": ""ADR""}]"
CEO TESLA SEBELUMNYA ADALAH DRG. MAYA KUSUMA.,"[{""start"": 28, ""end"": 44, ""label"": ""PER""}]"
"MEREKA, MENURUT LAPORAN ITU, AKAN SEGERA DIPERBARUI.",[]
BUKU TERBARU ITU DITULIS OLEH GATOT SUBROTO DAN DITERBITKAN BULAN LALU.,"[{""start"": 30, ""end"": 43, ""label"": ""PER""}]"
"Habib Rizieq Shihab menegaskan, ""kami akan terus berusaha.""","[{""start"": 0, ""end"": 19, ""label"": ""PER""}]"
Acara tersebut diselenggarakan di London.,[]
"Kantor kami beralamat di Dusun Krajan RT 09/RW 02, Desa Cibogo, Kec. Cimahi Utara, Kab. Bogor.","[{""start"": 25, ""end"": 93, ""label"": ""ADR""}]"
"Rumah kost berada di 945 King Avenue, Toronto, E6D 7B0, Kanada.","[{""start"": 21, ""end"": 62, ""label"": ""ADR""}]"
"""Ini adalah langkah yang tepat,"" tutur Siti Aminah kepada wartawan.","[{""start"": 39, ""end"": 50, ""label"": ""PER""}]"
"Menurut Brigjen Pol Listyo Sigit Prabowo, kebijakan ini harus segera dievaluasi.","[{""start"": 8, ""end"": 40, ""label"": ""PER""}]"
"""Terima kasih atas dukungannya,"" ucap Zinedine Zidane sambil tersenyum.","[{""start"": 38, ""end"": 53, ""label"": ""PER""}]"
Mereka berada di lokasi yang sudah ditentukan.,[]
"Proyek ini dipimpin langsung oleh Yusril Ihza Mahendra, S.H., M.Sc..","[{""start"": 34, ""end"": 67, ""label"": ""PER""}]"
"Tim tersebut beranggotakan Agus, Donald Trump, Greysia Polii, dan Conor O'Brien.","[{""start"": 27, ""end"": 31, ""label"": ""PER""}, {""start"": 33, ""end"": 45, ""label"": ""PER""}, {""start"": 47, ""end"": 60, ""label"": ""PER""}, {""start"": 66, ""end"": 79, ""label"": ""PER""}]"
Gubernur DKI Jakarta Beyoncé meresmikan acara tersebut.,"[{""start"": 21, ""end"": 28, ""label"": ""PER""}]"
"Kapolri, Anthony Albanese, menyampaikan pernyataan resmi kemarin.","[{""start"": 9, ""end"": 25, ""label"": ""PER""}]"
"Menurut Angela Merkel, Depok perlu dievaluasi ulang.","[{""start"": 8, ""end"": 21, ""label"": ""PER""}]"
"Surat untuk Washington dialamatkan ke Gang Imam Bonjol No. 54, Surabaya.","[{""start"": 12, ""end"": 22, ""label"": ""PER""}, {""start"": 38, ""end"": 71, ""label"": ""ADR""}]"
"SESUAI CATATAN SIPIL, DOMISILI TERCATAT DI 600 WALL STREET, TORONTO, KANADA.","[{""start"": 43, ""end"": 75, ""label"": ""ADR""}]"
BANJIR BESAR RENDAM RIBUAN RUMAH DI PESISIR.,[]
Surat itu dikirim oleh Shinzo Abe di RS Siloam minggu lalu.,"[{""start"": 23, ""end"": 33, ""label"": ""PER""}]"
"Surat untuk Sri Sultan Hamengkubuwono X dialamatkan ke 411 Jefferson Boulevard, Singapura, 90416, Singapura.","[{""start"": 12, ""end"": 39, ""label"": ""PER""}, {""start"": 55, ""end"": 107, ""label"": ""ADR""}]"
Apakah kamu sudah menghubungi Megawati Soekarnoputri hari ini?,"[{""start"": 30, ""end"": 52, ""label"": ""PER""}]"
"Silakan kirim paket ke Perumahan Griya Asri Blok E9 No. 17, Palembang.","[{""start"": 23, ""end"": 69, ""label"": ""ADR""}]"
Kami hadir dalam acara itu belum dikonfirmasi panitia.,[]
"Cak Lontong, selaku Kapolri, hadir dalam konferensi pers.","[{""start"": 0, ""end"": 11, ""label"": ""PER""}]"
"Menurut dr. Reisa Broto Asmoro, ""keputusan ini sudah final.""","[{""start"": 8, ""end"": 30, ""label"": ""PER""}]"
"Ia baru saja pindah ke Dusun Krajan RT 04/RW 04, Kel. Gubeng, Kec. Buah Batu, Kab. Malang.","[{""start"": 23, ""end"": 89, ""label"": ""ADR""}]"
BUYA HAMKA BEKERJA DI JAKARTA.,"[{""start"": 0, ""end"": 10, ""label"": ""PER""}]"
Jangan lupa follow @profirbambangpermadisoemantribrodjonegoromsc untuk info terkini.,"[{""start"": 20, ""end"": 64, ""label"": ""PER""}]"
"Direktur Utama, Larry Page, menyampaikan pernyataan resmi kemarin.","[{""start"": 16, ""end"": 26, ""label"": ""PER""}]"
Kemarin Nelson Mandela membahas Makassar bersama timnya.,"[{""start"": 8, ""end"": 22, ""label"": ""PER""}]"
@joetaslim baru saja mengunggah foto liburannya.,"[{""start"": 1, ""end"": 10, ""label"": ""PER""}]"
Kantor cabang baru akan dibuka di Jawa Barat.,[]
"Rumah kost berada di Gang Merdeka No. 101A, Balikpapan.","[{""start"": 21, ""end"": 54, ""label"": ""ADR""}]"
ATLET MEKAR DENGAN INDAH DI TAMAN SETIAP PAGI.,[]
"Keanu Reeves tinggal di PO Box 3331, Surabaya 32665.","[{""start"": 0, ""end"": 12, ""label"": ""PER""}, {""start"": 24, ""end"": 51, ""label"": ""ADR""}]"
"Alamat saya di Perumahan Bukit Indah Blok C18 No. 29, Bogor.","[{""start"": 15, ""end"": 59, ""label"": ""ADR""}]"
Banyak pihak yang setuju dengan analisis Made mengenai krisis ekonomi.,"[{""start"": 41, ""end"": 45, ""label"": ""PER""}]"
"Di antara peserta terdapat Rishi Sunak, Larry Page, René Descartes, dan Ahmad Yani.","[{""start"": 27, ""end"": 38, ""label"": ""PER""}, {""start"": 40, ""end"": 50, ""label"": ""PER""}, {""start"": 52, ""end"": 66, ""label"": ""PER""}, {""start"": 72, ""end"": 82, ""label"": ""PER""}]"
Cut Nyak Dien adalah gubernur jawa barat.,"[{""start"": 0, ""end"": 13, ""label"": ""PER""}]"
"Penerima: Abdurrahman Wahid, Tujuan: Perumahan Grand Wisata Blok B2 No. 12, Tangerang","[{""start"": 10, ""end"": 27, ""label"": ""PER""}, {""start"": 37, ""end"": 85, ""label"": ""ADR""}]"
"Ia baru saja pindah ke 380 Park Drive, Singapura, 54824, Singapura.","[{""start"": 23, ""end"": 66, ""label"": ""ADR""}]"
"Panitia mengundang Andi Djemma, Diponegoro, dan Vladimir Putin sebagai narasumber.","[{""start"": 19, ""end"": 30, ""label"": ""PER""}, {""start"": 32, ""end"": 42, ""label"": ""PER""}, {""start"": 48, ""end"": 62, ""label"": ""PER""}]"
"Di antara peserta terdapat Sukaryo, Hendra, Alif Santoso, dan Joe Taslim.","[{""start"": 27, ""end"": 34, ""label"": ""PER""}, {""start"": 36, ""end"": 42, ""label"": ""PER""}, {""start"": 44, ""end"": 56, ""label"": ""PER""}, {""start"": 62, ""end"": 72, ""label"": ""PER""}]"
"Menurut Menteri Keuangan RI Gatot Subroto, kebijakan ini akan segera direvisi.","[{""start"": 28, ""end"": 41, ""label"": ""PER""}]"
I Gusti Ngurah Rai dan Fajar Nugraha kompak hadir dalam acara itu.,"[{""start"": 0, ""end"": 18, ""label"": ""PER""}, {""start"": 23, ""end"": 36, ""label"": ""PER""}]"
Ia baru saja pindah ke Sydney.,[]
"Menurut Evry Pramudya dan Kobe Bryant, kebijakan ini perlu direvisi.","[{""start"": 8, ""end"": 21, ""label"": ""PER""}, {""start"": 26, ""end"": 37, ""label"": ""PER""}]"
Kemarin Washington membahas Indonesia bersama timnya.,"[{""start"": 8, ""end"": 18, ""label"": ""PER""}]"
Panglima TNI sebelumnya adalah LeBron James.,"[{""start"": 31, ""end"": 43, ""label"": ""PER""}]"
"Penerima: Yanti, Tujuan: PO Box 2225, Makassar 25353","[{""start"": 10, ""end"": 15, ""label"": ""PER""}, {""start"": 25, ""end"": 52, ""label"": ""ADR""}]"
GEMPA BUMI GUNCANG WILAYAH SELATAN JAWA.,[]
Fajar bukan bagian dari agenda rapat kali ini.,[]
Rapat dewan direksi besok akan dipimpin oleh Kennedy.,"[{""start"": 45, ""end"": 52, ""label"": ""PER""}]"
"Gubernur DKI Jakarta, Churchill, menyampaikan pernyataan resmi kemarin.","[{""start"": 22, ""end"": 31, ""label"": ""PER""}]"
"Menteri Luar Negeri, Ustadzah Oki Setiana Dewi, menyampaikan pernyataan resmi kemarin.","[{""start"": 21, ""end"": 46, ""label"": ""PER""}]"
Dokumen itu merujuk pada Prancis.,[]
"Michael Phelps tinggal di Jl. Kebon Jeruk, RT 05/RW 02, Kel. Menteng, Balikpapan.","[{""start"": 0, ""end"": 14, ""label"": ""PER""}, {""start"": 26, ""end"": 80, ""label"": ""ADR""}]"
"Rumah kost berada di 943 Sunset Road, Seoul, Korea Selatan.","[{""start"": 21, ""end"": 58, ""label"": ""ADR""}]"
"Rumah beliau berada di Jalan Flamboyan, RT 18/RW 03, Kel. Sukajadi, Kec. Cimahi Utara, Jakarta, Bali, 39747.","[{""start"": 23, ""end"": 107, ""label"": ""ADR""}]"
"Rumah kost berada di Jalan Diponegoro No. 113B, RT 10/RW 17, Kel. Menteng, Denpasar.","[{""start"": 21, ""end"": 83, ""label"": ""ADR""}]"
@ahmaddhani baru saja mengunggah foto liburannya.,"[{""start"": 1, ""end"": 11, ""label"": ""PER""}]"
"RINA NOSE TINGGAL DI JL. FLAMBOYAN, RT 10/RW 14, KEL. ANTAPANI, TANGERANG.","[{""start"": 0, ""end"": 9, ""label"": ""PER""}, {""start"": 21, ""end"": 73, ""label"": ""ADR""}]"
Fajar semua diundang untuk hadir dalam acara tersebut.,[]
"AKBP Ade Safri Simanjuntak, Ruud van Nistelrooy, serta Diego Maradona kompak hadir dalam acara itu.","[{""start"": 0, ""end"": 26, ""label"": ""PER""}, {""start"": 28, ""end"": 47, ""label"": ""PER""}, {""start"": 55, ""end"": 69, ""label"": ""PER""}]"
"Pembawa Acara, Reza Rahadian, meresmikan acara tersebut.","[{""start"": 15, ""end"": 28, ""label"": ""PER""}]"
"Menurut Ir. Djoko Kirmanto, Dipl.HE, kebijakan ini harus segera dievaluasi.","[{""start"": 8, ""end"": 35, ""label"": ""PER""}]"
"ALAMAT SAYA DI 792 BAKER ROAD, SINGAPURA, 60746, SINGAPURA.","[{""start"": 15, ""end"": 58, ""label"": ""ADR""}]"
Perdana Menteri Inggris Rishi Sunak meresmikan acara tersebut.,"[{""start"": 24, ""end"": 35, ""label"": ""PER""}]"
"""Universitas Indonesia adalah prioritas kita,"" kata Michael Jordan.","[{""start"": 52, ""end"": 66, ""label"": ""PER""}]"
Sinta tinggal di Bandung sejak tahun lalu.,"[{""start"": 0, ""end"": 5, ""label"": ""PER""}]"
Apakah kamu sudah menghubungi Dra. Kartini Rahayu hari ini?,"[{""start"": 30, ""end"": 49, ""label"": ""PER""}]"
"SURAT UNTUK K.H. MA'RUF AMIN DIALAMATKAN KE GANG RAJAWALI NO. 33A, RT 06/RW 06, KEL. GUBENG, KEC. COBLONG, MAKASSAR, JAWA TENGAH, 84625.","[{""start"": 12, ""end"": 28, ""label"": ""PER""}, {""start"": 44, ""end"": 135, ""label"": ""ADR""}]"
Fajar mulai terlihat sejak dini hari.,[]
"Kost berada di Jalan Cempaka Putih No. 119A, RT 07/RW 06, Kel. Cihapit, Yogyakarta.","[{""start"": 15, ""end"": 82, ""label"": ""ADR""}]"
I Gusti Ngurah Rai adalah gubernur jawa barat.,"[{""start"": 0, ""end"": 18, ""label"": ""PER""}]"
Kemarin saya bertemu dengan Michael Jordan di Indonesia.,"[{""start"": 28, ""end"": 42, ""label"": ""PER""}]"
"""Meta adalah prioritas kita,"" kata Ahmad Dhani.","[{""start"": 35, ""end"": 46, ""label"": ""PER""}]"
"Menurut François Hollande dan dr. Reisa Broto Asmoro, kebijakan ini perlu direvisi.","[{""start"": 8, ""end"": 25, ""label"": ""PER""}, {""start"": 30, ""end"": 52, ""label"": ""PER""}]"
Kami sedang menunggu tanda tangan dari Michael Phelps untuk mencairkan dana.,"[{""start"": 39, ""end"": 53, ""label"": ""PER""}]"
Acara tahunan itu selalu digelar di Jawa Timur.,[]
"Penerima: Tigor Silaban, Tujuan: Gg. Kebon Jeruk No. 44, RT 18/RW 17, Kel. Cihapit, Tangerang","[{""start"": 10, ""end"": 23, ""label"": ""PER""}, {""start"": 33, ""end"": 93, ""label"": ""ADR""}]"
"Rapat dihadiri oleh Sri Mulyani, Ruud van Nistelrooy, Made, dan Andi Djemma sore ini.","[{""start"": 20, ""end"": 31, ""label"": ""PER""}, {""start"": 33, ""end"": 52, ""label"": ""PER""}, {""start"": 54, ""end"": 58, ""label"": ""PER""}, {""start"": 64, ""end"": 75, ""label"": ""PER""}]"
Nomor kontak yang bisa dihubungi adalah Sekolah Dasar Kartini.,[]
Surat dari Greysia Polii membahas rencana terkait Surabaya.,"[{""start"": 11, ""end"": 24, ""label"": ""PER""}]"
"Paket untuk Wayan dikirim ke Jalan Kenanga No. 107A, Bogor.","[{""start"": 12, ""end"": 17, ""label"": ""PER""}, {""start"": 29, ""end"": 58, ""label"": ""ADR""}]"
@sitiaminah baru saja mengunggah foto liburannya.,"[{""start"": 1, ""end"": 11, ""label"": ""PER""}]"
"Penerima: Sinta, Tujuan: 87 Washington Boulevard, Dubai, Uni Emirat Arab","[{""start"": 10, ""end"": 15, ""label"": ""PER""}, {""start"": 25, ""end"": 72, ""label"": ""ADR""}]"
"Kost berada di 652 Kennedy Road, New York, 12967, Amerika Serikat.","[{""start"": 15, ""end"": 65, ""label"": ""ADR""}]"
"Imam Bonjol baru saja pindah ke Jalan Sudirman, Malang.","[{""start"": 0, ""end"": 11, ""label"": ""PER""}, {""start"": 32, ""end"": 54, ""label"": ""ADR""}]"
"Menurut Neymar Jr., 0812-3456-7890 perlu dievaluasi ulang.","[{""start"": 8, ""end"": 18, ""label"": ""PER""}]"
KEBAKARAN HUTAN MELUAS DI KALIMANTAN.,[]
"Ruud van Nistelrooy tinggal di Jalan Imam Bonjol No. 165, RT 02/RW 11, Kel. Menteng, Kec. Coblong, Manado, Jawa Tengah, 42407.","[{""start"": 0, ""end"": 19, ""label"": ""PER""}, {""start"": 31, ""end"": 125, ""label"": ""ADR""}]"
Ia baru saja pindah ke Dubai.,[]
"Di antara peserta terdapat Bernard Arnault, Budi Gunadi Sadikin, dan Jean-Pierre Dubois.","[{""start"": 27, ""end"": 42, ""label"": ""PER""}, {""start"": 44, ""end"": 63, ""label"": ""PER""}, {""start"": 69, ""end"": 87, ""label"": ""PER""}]"
Saya melihat Wahyu sedang makan siang di kantin.,"[{""start"": 13, ""end"": 18, ""label"": ""PER""}]"
"Rapat RT akan diadakan di Jalan Anggrek No. 4B, RT 14/RW 12, Kel. Antapani, Manado.","[{""start"": 26, ""end"": 82, ""label"": ""ADR""}]"
Menteri Keuangan RI Beyoncé meresmikan acara tersebut.,"[{""start"": 20, ""end"": 27, ""label"": ""PER""}]"
KANTOR CABANG BARU AKAN DIBUKA DI SINGAPURA.,[]
Mawar mekar dengan indah di taman setiap pagi.,[]
"MENURUT FRANKLIN D. ROOSEVELT, 17 AGUSTUS 1945 PERLU DIEVALUASI ULANG.","[{""start"": 8, ""end"": 29, ""label"": ""PER""}]"
Kantor cabang baru akan dibuka di Los Angeles.,[]
Joko Widodo bertemu dengan rekannya di Medan.,"[{""start"": 0, ""end"": 11, ""label"": ""PER""}]"
"Rapat RT akan diadakan di Jalan Cemara No. 154, Manado.","[{""start"": 26, ""end"": 54, ""label"": ""ADR""}]"
"RAPAT DIHADIRI OLEH AGUS HARIMURTI YUDHOYONO, MICHAEL PHELPS, DEDI MULYADI, DAN DR. ANDI WIJAYA, SP.PD SORE INI.","[{""start"": 20, ""end"": 44, ""label"": ""PER""}, {""start"": 46, ""end"": 60, ""label"": ""PER""}, {""start"": 62, ""end"": 74, ""label"": ""PER""}, {""start"": 80, ""end"": 102, ""label"": ""PER""}]"
@narendramodi membagikan update terbaru di akunnya.,"[{""start"": 1, ""end"": 13, ""label"": ""PER""}]"
"Kost berada di Gg. Kenanga No. 67B, RT 14/RW 11, Kel. Antapani, Kec. Sukasari, Bogor, Jawa Barat, 76476.","[{""start"": 15, ""end"": 103, ""label"": ""ADR""}]"
Apakah kamu sudah menghubungi Raisa Andriana hari ini?,"[{""start"": 30, ""end"": 44, ""label"": ""PER""}]"
"Halo semua, nama gue Lisa, salam kenal ya!","[{""start"": 21, ""end"": 25, ""label"": ""PER""}]"
Jackie Chan berangkat ke kantor pagi ini.,"[{""start"": 0, ""end"": 11, ""label"": ""PER""}]"
"Dewi Anggraini, S.Psi., Psikolog bertemu dengan rekannya di Sekolah Dasar Kartini.","[{""start"": 0, ""end"": 32, ""label"": ""PER""}]"
"Ia baru saja pindah ke 374 Kennedy Lane, Seoul, Korea Selatan.","[{""start"": 23, ""end"": 61, ""label"": ""ADR""}]"
"Jaksa Agung, Roger Federer, menyampaikan pernyataan resmi kemarin.","[{""start"": 13, ""end"": 26, ""label"": ""PER""}]"
Jangan lupa follow @dewianggrainispsipsikolog untuk info terkini.,"[{""start"": 20, ""end"": 45, ""label"": ""PER""}]"
"Surat untuk Volodymyr Zelenskyy dialamatkan ke Jl. Melati No. 138B, RT 14/RW 20, Kel. Menteng, Semarang.","[{""start"": 12, ""end"": 31, ""label"": ""PER""}, {""start"": 47, ""end"": 103, ""label"": ""ADR""}]"
"Menurut laporan, Yth. Bapak/Ibu mengalami peningkatan signifikan.",[]
Jangan lupa undang Prabowo Subianto ke acara ulang tahun minggu depan.,"[{""start"": 19, ""end"": 35, ""label"": ""PER""}]"
Banyak pihak yang setuju dengan analisis Michael McDonald mengenai krisis ekonomi.,"[{""start"": 41, ""end"": 57, ""label"": ""PER""}]"
Nomor kontak Nita bisa dihubungi melalui London.,"[{""start"": 13, ""end"": 17, ""label"": ""PER""}]"
"Di antara peserta terdapat Cristiano Ronaldo, Prof. Dr. Ing. B.J. Habibie, dan Franklin D. Roosevelt.","[{""start"": 27, ""end"": 44, ""label"": ""PER""}, {""start"": 46, ""end"": 73, ""label"": ""PER""}, {""start"": 79, ""end"": 100, ""label"": ""PER""}]"
Jangan lupa undang Fitri ke acara ulang tahun minggu depan.,"[{""start"": 19, ""end"": 24, ""label"": ""PER""}]"
"Silakan kirim paket ke Gang Ahmad Dahlan, RT 19/RW 15, Kel. Antapani, Bogor.","[{""start"": 23, ""end"": 75, ""label"": ""ADR""}]"
"Fajar tinggal di Jl. Anggrek, Bekasi.","[{""start"": 0, ""end"": 5, ""label"": ""PER""}, {""start"": 17, ""end"": 36, ""label"": ""ADR""}]"
Suharto adalah salah satu tokoh penting dalam sejarah.,"[{""start"": 0, ""end"": 7, ""label"": ""PER""}]"
"Menurut Lionel Messi dan Dr. Andi Wijaya, kebijakan ini perlu direvisi.","[{""start"": 8, ""end"": 20, ""label"": ""PER""}, {""start"": 25, ""end"": 40, ""label"": ""PER""}]"
KEBAKARAN HUTAN MELUAS DI KALIMANTAN.,[]
Tolong sampaikan pesan ini kepada Ebiet G. Ade secepatnya.,"[{""start"": 34, ""end"": 46, ""label"": ""PER""}]"
Proyek ini dipimpin langsung oleh Eko.,"[{""start"": 34, ""end"": 37, ""label"": ""PER""}]"
Surat dari Shah Rukh Khan membahas rencana terkait johndoe@example.com.,"[{""start"": 11, ""end"": 25, ""label"": ""PER""}]"
Jangan lupa follow @kyaihajihasyimasyari untuk info terkini.,"[{""start"": 20, ""end"": 40, ""label"": ""PER""}]"
"Dewi Anggraini, S.Psi., Psikolog baru saja pindah dari COVID-19.","[{""start"": 0, ""end"": 32, ""label"": ""PER""}]"
"Perdana Menteri Inggris, Letjen (Purn) Prabowo Subianto, meresmikan acara tersebut.","[{""start"": 25, ""end"": 55, ""label"": ""PER""}]"
"Kost berada di Perumahan Taman Sari Blok B19 No. 31, Manado.","[{""start"": 15, ""end"": 59, ""label"": ""ADR""}]"
"""Ini adalah langkah yang tepat,"" tutur Yoga kepada wartawan.","[{""start"": 39, ""end"": 43, ""label"": ""PER""}]"
"Rapat dihadiri oleh Sari, Kobe Bryant, Prof. Dr. Ing. B.J. Habibie, dan Michael Jordan sore ini.","[{""start"": 20, ""end"": 24, ""label"": ""PER""}, {""start"": 26, ""end"": 37, ""label"": ""PER""}, {""start"": 39, ""end"": 66, ""label"": ""PER""}, {""start"": 72, ""end"": 86, ""label"": ""PER""}]"
Aji Masaid bekerja di Bandung.,"[{""start"": 0, ""end"": 10, ""label"": ""PER""}]"
@fajarnugraha baru saja mengunggah foto liburannya.,"[{""start"": 1, ""end"": 13, ""label"": ""PER""}]"
@franklindroosevelt baru saja mengunggah foto liburannya.,"[{""start"": 1, ""end"": 19, ""label"": ""PER""}]"
"Menurut Donald Trump, ""keputusan ini sudah final.""","[{""start"": 8, ""end"": 20, ""label"": ""PER""}]"
@imambonjol baru saja mengunggah foto liburannya.,"[{""start"": 1, ""end"": 11, ""label"": ""PER""}]"
"Tolong sampaikan pesan ini kepada Made Wirawan, S.H., M.H. secepatnya.","[{""start"": 34, ""end"": 58, ""label"": ""PER""}]"
Reza Rahadian bertemu dengan rekannya di Kementerian Keuangan.,"[{""start"": 0, ""end"": 13, ""label"": ""PER""}]"
"Nama: Jackie Chan, Alamat: Jalan Cempaka Putih, Malang.","[{""start"": 6, ""end"": 17, ""label"": ""PER""}, {""start"": 27, ""end"": 54, ""label"": ""ADR""}]"
@diegomaradona membagikan update terbaru di akunnya.,"[{""start"": 1, ""end"": 14, ""label"": ""PER""}]"
Baik Alif Santoso maupun Ebiet G. Ade belum memberikan komentar.,"[{""start"": 5, ""end"": 17, ""label"": ""PER""}, {""start"": 25, ""end"": 37, ""label"": ""PER""}]"
EKONOMI NASIONAL TUMBUH 5 PERSEN KUARTAL INI.,[]
Kemarin mobilnya Susi Pudjiastuti mogok di jalan tol.,"[{""start"": 17, ""end"": 33, ""label"": ""PER""}]"
"Sesuai catatan sipil, domisili tercatat di Dusun Ngepoh RT 18/RW 17, Kel. Tegalsari, Kec. Menteng, Kab. Bandung.","[{""start"": 43, ""end"": 111, ""label"": ""ADR""}]"
"Alamat saya di Jl. Basuki Rahmat No. 122, RT 05/RW 03, Kel. Menteng, Kec. Menteng, Medan, Kalimantan Timur, 85466.","[{""start"": 15, ""end"": 113, ""label"": ""ADR""}]"
"Menurut Kanjeng Gusti Pangeran Adipati Arya Mangkunegara IX, ""keputusan ini sudah final.""","[{""start"": 8, ""end"": 59, ""label"": ""PER""}]"
Jangan lupa follow @akbpadesafrisimanjuntak untuk info terkini.,"[{""start"": 20, ""end"": 43, ""label"": ""PER""}]"
"Rapat dihadiri oleh B.J. Habibie, Wulan Sari, S.Pd., M.Pd., Scarlett Johansson, dan Mark Zuckerberg sore ini.","[{""start"": 20, ""end"": 32, ""label"": ""PER""}, {""start"": 34, ""end"": 58, ""label"": ""PER""}, {""start"": 60, ""end"": 78, ""label"": ""PER""}, {""start"": 84, ""end"": 99, ""label"": ""PER""}]"
Ahmad Dahlan baru saja pindah dari Jakarta.,"[{""start"": 0, ""end"": 12, ""label"": ""PER""}]"
"KTP ATAS NAMA K.H. MA'RUF AMIN BERALAMAT DI 339 LINCOLN LANE, SYDNEY, AUSTRALIA.","[{""start"": 14, ""end"": 30, ""label"": ""PER""}, {""start"": 44, ""end"": 79, ""label"": ""ADR""}]"
Halo bukan bagian dari agenda rapat kali ini.,[]
"Kantor kami beralamat di Dusun Krajan RT 20/RW 12, Kel. Tegalsari, Kec. Menteng, Kab. Bogor.","[{""start"": 25, ""end"": 91, ""label"": ""ADR""}]"
Saya melihat Buya Hamka sedang makan siang di kantin.,"[{""start"": 13, ""end"": 23, ""label"": ""PER""}]"
Halo semua diundang untuk hadir dalam acara tersebut.,[]
"Silakan kirim paket ke Jl. Melati No. 168B, RT 20/RW 05, Desa Sukamaju, Kec. Sukasari, Malang, DKI Jakarta, 84615.","[{""start"": 23, ""end"": 113, ""label"": ""ADR""}]"
"Di antara peserta terdapat Washington, Agnez Mo, Yasonna Laoly, dan Fajar.","[{""start"": 27, ""end"": 37, ""label"": ""PER""}, {""start"": 39, ""end"": 47, ""label"": ""PER""}, {""start"": 49, ""end"": 62, ""label"": ""PER""}, {""start"": 68, ""end"": 73, ""label"": ""PER""}]"
"""Saya akan segera berangkat,"" ujar Yoga.","[{""start"": 35, ""end"": 39, ""label"": ""PER""}]"
"Rumah kost berada di Gg. Cemara No. 12A, RT 16/RW 05, Desa Sukamaju, Kec. Buah Batu, Depok, Sulawesi Selatan, 51253.","[{""start"": 21, ""end"": 115, ""label"": ""ADR""}]"
"Rumah kost berada di Jalan Mawar, RT 17/RW 17, Desa Cibogo, Bekasi.","[{""start"": 21, ""end"": 66, ""label"": ""ADR""}]"
KARYA SENI MILIK KOBE BRYANT BERHASIL TERJUAL DENGAN HARGA FANTASTIS.,"[{""start"": 17, ""end"": 28, ""label"": ""PER""}]"
BANJIR BESAR RENDAM RIBUAN RUMAH DI PESISIR.,[]
"Wali Kota Surabaya Hartono, S.T., M.T. menyampaikan pernyataan resmi kemarin.","[{""start"": 19, ""end"": 38, ""label"": ""PER""}]"
"Surat untuk Dian Sastrowardoyo dialamatkan ke Gg. Gatot Subroto No. 39B, Malang.","[{""start"": 12, ""end"": 30, ""label"": ""PER""}, {""start"": 46, ""end"": 79, ""label"": ""ADR""}]"
"Kyai Haji Hasyim Asy'ari baru saja pindah ke Jalan Anggrek, RT 01/RW 14, Kel. Menteng, Kec. Cimahi Utara, Bogor, Sulawesi Selatan, 99066.","[{""start"": 0, ""end"": 24, ""label"": ""PER""}, {""start"": 45, ""end"": 136, ""label"": ""ADR""}]"
Surat itu dikirim oleh D'Angelo di Tokyo minggu lalu.,"[{""start"": 23, ""end"": 31, ""label"": ""PER""}]"
Saya tinggal di Jakarta sejak kecil.,[]
"KTP atas nama Marie Curie beralamat di 499 Bridge Lane, Dubai, 62049, Uni Emirat Arab.","[{""start"": 14, ""end"": 25, ""label"": ""PER""}, {""start"": 39, ""end"": 85, ""label"": ""ADR""}]"
Surat itu dikirim oleh Mark Zuckerberg di Bulog minggu lalu.,"[{""start"": 23, ""end"": 38, ""label"": ""PER""}]"
"Daftar penerima meliputi Megawati Soekarnoputri, Zinedine Zidane, dan Agnez Mo dari divisi terkait.","[{""start"": 25, ""end"": 47, ""label"": ""PER""}, {""start"": 49, ""end"": 64, ""label"": ""PER""}, {""start"": 70, ""end"": 78, ""label"": ""PER""}]"
"""Saya akan segera berangkat,"" ujar Jeff Bezos.","[{""start"": 35, ""end"": 45, ""label"": ""PER""}]"
"Menurut laporan, Universitas Indonesia mengalami peningkatan signifikan.",[]
Yang semua diundang untuk hadir dalam acara tersebut.,[]
"Kantor kami beralamat di Gang Melati No. 52, RT 04/RW 11, Kel. Sukajadi, Kec. Tegalsari, Bogor, DI Yogyakarta, 35236.","[{""start"": 25, ""end"": 116, ""label"": ""ADR""}]"
Jangan lupa follow @jeffbezos untuk info terkini.,"[{""start"": 20, ""end"": 29, ""label"": ""PER""}]"
"Sesuai catatan sipil, domisili tercatat di 590 Victoria Avenue, Dubai, 21205, Uni Emirat Arab.","[{""start"": 43, ""end"": 93, ""label"": ""ADR""}]"
"Surat untuk Diponegoro dialamatkan ke 769 Jefferson Lane, Kuala Lumpur, 95375, Malaysia.","[{""start"": 12, ""end"": 22, ""label"": ""PER""}, {""start"": 38, ""end"": 87, ""label"": ""ADR""}]"
Diego Maradona tinggal di 0812-3456-7890 sejak tahun lalu.,"[{""start"": 0, ""end"": 14, ""label"": ""PER""}]"
Penghargaan Nobel tahun ini jatuh kepada AKBP Ade Safri Simanjuntak atas dedikasinya.,"[{""start"": 41, ""end"": 67, ""label"": ""PER""}]"
Keputusan final berada di tangan Basuki Rahmat selaku manajer proyek.,"[{""start"": 33, ""end"": 46, ""label"": ""PER""}]"
Kanjeng Gusti Pangeran Adipati Arya Mangkunegara IX bekerja di johndoe@example.com.,"[{""start"": 0, ""end"": 51, ""label"": ""PER""}]"
"SURAT UNTUK KOLONEL INF. RIZKY RAMADHAN DIALAMATKAN KE GG. DIPONEGORO, RT 16/RW 13, DESA CIBOGO, KEC. BUAH BATU, JAKARTA, DI YOGYAKARTA, 29806.","[{""start"": 12, ""end"": 39, ""label"": ""PER""}, {""start"": 55, ""end"": 142, ""label"": ""ADR""}]"
Abdul Haris Nasution bekerja di DPR RI.,"[{""start"": 0, ""end"": 20, ""label"": ""PER""}]"
FAJAR MEKAR DENGAN INDAH DI TAMAN SETIAP PAGI.,[]
Jangan lupa follow @churchill untuk info terkini.,"[{""start"": 20, ""end"": 29, ""label"": ""PER""}]"
Mawar semua diundang untuk hadir dalam acara tersebut.,[]
"Boyke Dian Nugraha, Sp.OG baru saja pindah ke 769 Churchill Drive, Paris, 42749, Prancis.","[{""start"": 0, ""end"": 25, ""label"": ""PER""}, {""start"": 46, ""end"": 88, ""label"": ""ADR""}]"
Rapat tersebut dihadiri oleh Ustadzah Oki Setiana Dewi dan Anthony D'Angelo.,"[{""start"": 29, ""end"": 54, ""label"": ""PER""}, {""start"": 59, ""end"": 75, ""label"": ""PER""}]"
"Alamat saya di Dusun Tegalrejo RT 19/RW 07, Kel. Sukajadi, Kec. Coblong, Kab. Malang.","[{""start"": 15, ""end"": 84, ""label"": ""ADR""}]"
Nomor kontak yang bisa dihubungi adalah Semarang.,[]
Rp1.000.000 baru saja merilis laporan tahunan.,[]
Menteri Luar Negeri Rian meresmikan acara tersebut.,"[{""start"": 20, ""end"": 24, ""label"": ""PER""}]"
Kemarin Yudi membahas Yth. Bapak/Ibu bersama timnya.,"[{""start"": 8, ""end"": 12, ""label"": ""PER""}]"
"Di antara peserta terdapat Made, Apriyani Rahayu, Raden Mas Soewardi Suryaningrat, dan Fajar.","[{""start"": 27, ""end"": 31, ""label"": ""PER""}, {""start"": 33, ""end"": 48, ""label"": ""PER""}, {""start"": 50, ""end"": 81, ""label"": ""PER""}, {""start"": 87, ""end"": 92, ""label"": ""PER""}]"
I Gusti Ngurah Rai resmi menjabat sebagai Ketua DPR RI mulai bulan depan.,"[{""start"": 0, ""end"": 18, ""label"": ""PER""}]"
"Lengkap, menurut laporan itu, akan segera diperbarui.",[]
Saya tinggal di Jawa Tengah sejak kecil.,[]
CUACA EKSTREM DIPERKIRAKAN LANDA JAKARTA PEKAN INI.,[]
HARGA BBM RESMI NAIK MULAI BESOK.,[]
"Nama Lengkap: Anggun C. Sasmi
Alamat: 266 Kennedy Street, Tokyo, 67993, Jepang.","[{""start"": 14, ""end"": 29, ""label"": ""PER""}, {""start"": 38, ""end"": 78, ""label"": ""ADR""}]"
"Surat untuk Conor O'Brien dialamatkan ke 916 Bridge Street, Seoul, Korea Selatan.","[{""start"": 12, ""end"": 25, ""label"": ""PER""}, {""start"": 41, ""end"": 80, ""label"": ""ADR""}]"
"Paket untuk Brigjen Pol Listyo Sigit Prabowo dikirim ke Gg. Kebon Jeruk, Semarang.","[{""start"": 12, ""end"": 44, ""label"": ""PER""}, {""start"": 56, ""end"": 81, ""label"": ""ADR""}]"
Buku terbaru itu ditulis oleh Diponegoro dan diterbitkan bulan lalu.,"[{""start"": 30, ""end"": 40, ""label"": ""PER""}]"
Teori yang diusulkan oleh Dra. Kartini Rahayu telah dipatahkan oleh penemuan baru.,"[{""start"": 26, ""end"": 45, ""label"": ""PER""}]"
"Panitia mengundang Sri Mulyani, Tubagus Chasan Sochib, Kanjeng Gusti Pangeran Adipati Arya Mangkunegara IX, dan Basuki Rahmat sebagai narasumber.","[{""start"": 19, ""end"": 30, ""label"": ""PER""}, {""start"": 32, ""end"": 53, ""label"": ""PER""}, {""start"": 55, ""end"": 106, ""label"": ""PER""}, {""start"": 112, ""end"": 125, ""label"": ""PER""}]"
Apakah kamu sudah menghubungi Muhammad Hasan Sadikin hari ini?,"[{""start"": 30, ""end"": 52, ""label"": ""PER""}]"
"Menurut laporan, 19.00 WIB mengalami peningkatan signifikan.",[]
"Silakan kirim paket ke Gg. Rajawali No. 112B, Jakarta.","[{""start"": 23, ""end"": 53, ""label"": ""ADR""}]"
"Dalam konferensi persnya, Diego Maradona menolak memberikan komentar.","[{""start"": 26, ""end"": 40, ""label"": ""PER""}]"
"KTP atas nama Jean-Luc Picard beralamat di Jl. Mawar No. 193B, RT 18/RW 06, Kel. Gubeng, Palembang.","[{""start"": 14, ""end"": 29, ""label"": ""PER""}, {""start"": 43, ""end"": 98, ""label"": ""ADR""}]"
Surat itu dikirim oleh Iwan Fals di Prancis minggu lalu.,"[{""start"": 23, ""end"": 32, ""label"": ""PER""}]"
"Nama Lengkap: Basuki Rahmat
Alamat: 509 Orchard Boulevard, London, BT7 9CL, Inggris.","[{""start"": 14, ""end"": 27, ""label"": ""PER""}, {""start"": 36, ""end"": 83, ""label"": ""ADR""}]"
KEBAKARAN HUTAN MELUAS DI KALIMANTAN.,[]
"Ir. Soekarno, selaku Kepala Sekolah, hadir dalam konferensi pers.","[{""start"": 0, ""end"": 12, ""label"": ""PER""}]"
"Silakan kirim paket ke Gg. Rajawali No. 58A, Malang.","[{""start"": 23, ""end"": 51, ""label"": ""ADR""}]"
"MENURUT R.M. SAID PRAWIROSOEDIRDJO, KEBIJAKAN INI HARUS SEGERA DIEVALUASI.","[{""start"": 8, ""end"": 34, ""label"": ""PER""}]"
Jangan lupa follow @ahmad untuk info terkini.,"[{""start"": 20, ""end"": 25, ""label"": ""PER""}]"
Kemarin saya bertemu dengan Kim Jong-un di Bali.,"[{""start"": 28, ""end"": 39, ""label"": ""PER""}]"
Kost mulai terlihat sejak dini hari.,[]
"Ia baru saja pindah ke Gang Kebon Jeruk No. 185, RT 09/RW 08, Desa Cibogo, Malang.","[{""start"": 23, ""end"": 81, ""label"": ""ADR""}]"
JACKIE CHAN MENGHADIRI RAPAT MENGENAI PRANCIS PAGI INI.,"[{""start"": 0, ""end"": 11, ""label"": ""PER""}]"
Acara tersebut diselenggarakan di PT Astra International.,[]
Ia baru saja pindah ke Singapura.,[]
"Boyke Dian Nugraha, Sp.OG tinggal di Kompas sejak tahun lalu.","[{""start"": 0, ""end"": 25, ""label"": ""PER""}]"
"Abdurrahman Wahid, selaku Gubernur DKI Jakarta, hadir dalam konferensi pers.","[{""start"": 0, ""end"": 17, ""label"": ""PER""}]"
Bunga bukan bagian dari agenda rapat kali ini.,[]
"Fatima binti Muhammad, selaku Kapolri, hadir dalam konferensi pers.","[{""start"": 0, ""end"": 21, ""label"": ""PER""}]"
Penghargaan Nobel tahun ini jatuh kepada Nita atas dedikasinya.,"[{""start"": 41, ""end"": 45, ""label"": ""PER""}]"
Pramoedya Ananta Toer tinggal di Manado sejak tahun lalu.,"[{""start"": 0, ""end"": 21, ""label"": ""PER""}]"
SAYA MELIHAT CHURCHILL SEDANG MAKAN SIANG DI KANTIN.,"[{""start"": 13, ""end"": 22, ""label"": ""PER""}]"
"KTP menunjukkan alamat di Jl. Rajawali, RT 02/RW 01, Kel. Tegalsari, Kec. Gubeng, Manado, Sulawesi Selatan, 74592.","[{""start"": 26, ""end"": 113, ""label"": ""ADR""}]"
"""Saya akan segera berangkat,"" ujar Evry Pramudya.","[{""start"": 35, ""end"": 48, ""label"": ""PER""}]"
@lincoln baru saja mengunggah foto liburannya.,"[{""start"": 1, ""end"": 8, ""label"": ""PER""}]"
René Descartes dan Fitri kompak hadir dalam acara itu.,"[{""start"": 0, ""end"": 14, ""label"": ""PER""}, {""start"": 19, ""end"": 24, ""label"": ""PER""}]"
Nomor kontak yang bisa dihubungi adalah 17 Agustus 1945.,[]
"Jangan lupa undang Dr. Andi Wijaya, Sp.PD ke acara ulang tahun minggu depan.","[{""start"": 19, ""end"": 41, ""label"": ""PER""}]"
"Halo semua, nama gue Muhammad Hasan Sadikin, salam kenal ya!","[{""start"": 21, ""end"": 43, ""label"": ""PER""}]"
Proyek ini dipimpin langsung oleh Kennedy.,"[{""start"": 34, ""end"": 41, ""label"": ""PER""}]"
"Rumah beliau berada di Gg. Melati No. 64A, RT 10/RW 09, Kel. Sukajadi, Medan.","[{""start"": 23, ""end"": 76, ""label"": ""ADR""}]"
"Sari tinggal di Dusun Ngepoh RT 19/RW 19, Kel. Menteng, Kec. Buah Batu, Kab. Bandung.","[{""start"": 0, ""end"": 4, ""label"": ""PER""}, {""start"": 16, ""end"": 84, ""label"": ""ADR""}]"
"Saya melihat Boyke Dian Nugraha, Sp.OG sedang makan siang di kantin.","[{""start"": 13, ""end"": 38, ""label"": ""PER""}]"
GEMPA BUMI GUNCANG WILAYAH SELATAN JAWA.,[]
"Rapat RT akan diadakan di Gg. Melati, RT 05/RW 04, Desa Sukamaju, Kec. Coblong, Yogyakarta, DKI Jakarta, 33255.","[{""start"": 26, ""end"": 110, ""label"": ""ADR""}]"
DOKUMEN ITU MERUJUK PADA MANADO.,[]
"Jean-Luc Picard tinggal di Dusun Tegalrejo RT 19/RW 01, Desa Cibogo, Kec. Sukasari, Kab. Sidoarjo.","[{""start"": 0, ""end"": 15, ""label"": ""PER""}, {""start"": 27, ""end"": 97, ""label"": ""ADR""}]"
"Kost berada di Jl. Rajawali No. 19A, RT 18/RW 03, Kel. Gubeng, Kec. Coblong, Malang, Bali, 54038.","[{""start"": 15, ""end"": 96, ""label"": ""ADR""}]"
"Paket untuk Raden Adjeng Kartini dikirim ke Dusun Tegalrejo RT 03/RW 07, Kel. Tegalsari, Kec. Menteng, Kab. Sleman.","[{""start"": 12, ""end"": 32, ""label"": ""PER""}, {""start"": 44, ""end"": 114, ""label"": ""ADR""}]"
Kemarin saya bertemu dengan Lisa di Bali.,"[{""start"": 28, ""end"": 32, ""label"": ""PER""}]"
"Nama: Luhut Binsar Pandjaitan, Alamat: Jl. Diponegoro, RT 04/RW 09, Kel. Tegalsari, Kec. Tegalsari, Makassar, DKI Jakarta, 52258.","[{""start"": 6, ""end"": 29, ""label"": ""PER""}, {""start"": 39, ""end"": 128, ""label"": ""ADR""}]"
Pramoedya Ananta Toer menghadiri rapat mengenai Bali pagi ini.,"[{""start"": 0, ""end"": 21, ""label"": ""PER""}]"
Yang berada di lokasi yang sudah ditentukan.,[]
Abdurrahman Wahid resmi menjabat sebagai Kepala Sekolah mulai bulan depan.,"[{""start"": 0, ""end"": 17, ""label"": ""PER""}]"
@habibrizieqshihab membagikan update terbaru di akunnya.,"[{""start"": 1, ""end"": 18, ""label"": ""PER""}]"
Rapat dewan direksi besok akan dipimpin oleh D'Angelo.,"[{""start"": 45, ""end"": 53, ""label"": ""PER""}]"
Nomor kontak Kolonel Inf. Rizky Ramadhan bisa dihubungi melalui KPK.,"[{""start"": 13, ""end"": 40, ""label"": ""PER""}]"
"Alamat saya di Jalan Cemara No. 129A, RT 13/RW 05, Kel. Tegalsari, Kec. Cimahi Utara, Bandung, Kalimantan Timur, 89644.","[{""start"": 15, ""end"": 118, ""label"": ""ADR""}]"
Reza Rahadian adalah gubernur jawa barat.,"[{""start"": 0, ""end"": 13, ""label"": ""PER""}]"
Karya seni milik Larry Page berhasil terjual dengan harga fantastis.,"[{""start"": 17, ""end"": 27, ""label"": ""PER""}]"
KEBAKARAN HUTAN MELUAS DI KALIMANTAN.,[]
"John Doe menegaskan, ""kami akan terus berusaha.""","[{""start"": 0, ""end"": 8, ""label"": ""PER""}]"
Kantor cabang baru akan dibuka di Semarang.,[]
"KANTOR KAMI BERALAMAT DI GANG MAWAR NO. 147, RT 08/RW 03, KEL. SUKAJADI, MEDAN.","[{""start"": 25, ""end"": 78, ""label"": ""ADR""}]"
@mariecurie baru saja mengunggah foto liburannya.,"[{""start"": 1, ""end"": 11, ""label"": ""PER""}]"
"Daftar penerima meliputi Yudi, Xi Jinping, dan Suharto dari divisi terkait.","[{""start"": 25, ""end"": 29, ""label"": ""PER""}, {""start"": 31, ""end"": 41, ""label"": ""PER""}, {""start"": 47, ""end"": 54, ""label"": ""PER""}]"
Jangan lupa follow @khmarufamin untuk info terkini.,"[{""start"": 20, ""end"": 31, ""label"": ""PER""}]"
"Peserta pelatihan meliputi Keanu Reeves, Simone Biles, dan Jefferson dari kantor cabang.","[{""start"": 27, ""end"": 39, ""label"": ""PER""}, {""start"": 41, ""end"": 53, ""label"": ""PER""}, {""start"": 59, ""end"": 68, ""label"": ""PER""}]"
Saya tinggal di Jawa Barat sejak kecil.,[]
Kami sedang menunggu tanda tangan dari Muhammad Ikbal untuk mencairkan dana.,"[{""start"": 39, ""end"": 53, ""label"": ""PER""}]"
"Paket untuk Wulan Sari, S.Pd., M.Pd. dikirim ke Jl. Mawar No. 26, Tangerang.","[{""start"": 12, ""end"": 36, ""label"": ""PER""}, {""start"": 48, ""end"": 75, ""label"": ""ADR""}]"
Pihak kepolisian masih memeriksa Raisa Andriana sebagai saksi utama.,"[{""start"": 33, ""end"": 47, ""label"": ""PER""}]"
D'Angelo berangkat ke kantor pagi ini.,"[{""start"": 0, ""end"": 8, ""label"": ""PER""}]"
Kami sedang menunggu tanda tangan dari Yasonna Laoly untuk mencairkan dana.,"[{""start"": 39, ""end"": 52, ""label"": ""PER""}]"
"Ia baru saja pindah ke 451 Oxford Boulevard, Los Angeles, 12623, Amerika Serikat.","[{""start"": 23, ""end"": 80, ""label"": ""ADR""}]"
Penghargaan Nobel tahun ini jatuh kepada Fatima binti Muhammad atas dedikasinya.,"[{""start"": 41, ""end"": 62, ""label"": ""PER""}]"
"Kepala Sekolah, Sri Sultan Hamengkubuwono X, menyampaikan pernyataan resmi kemarin.","[{""start"": 16, ""end"": 43, ""label"": ""PER""}]"
"Ia baru saja pindah ke Gang Ahmad Dahlan, RT 18/RW 02, Kel. Sukajadi, Denpasar.","[{""start"": 23, ""end"": 78, ""label"": ""ADR""}]"
Surat itu dikirim oleh B.J. Habibie di Brazil minggu lalu.,"[{""start"": 23, ""end"": 35, ""label"": ""PER""}]"
"Silakan kirim paket ke Apartemen Green Pramuka City Tower Melati Lantai 15, Bekasi.","[{""start"": 23, ""end"": 82, ""label"": ""ADR""}]"
BANJIR BESAR RENDAM RIBUAN RUMAH DI PESISIR.,[]
"Rapat RT akan diadakan di Jl. Basuki Rahmat No. 138B, RT 19/RW 05, Kel. Tegalsari, Kec. Gubeng, Yogyakarta, Sulawesi Selatan, 21272.","[{""start"": 26, ""end"": 131, ""label"": ""ADR""}]"
"Panitia mengundang Doni, Serena Williams, Lincoln, dan Lisa sebagai narasumber.","[{""start"": 19, ""end"": 23, ""label"": ""PER""}, {""start"": 25, ""end"": 40, ""label"": ""PER""}, {""start"": 42, ""end"": 49, ""label"": ""PER""}, {""start"": 55, ""end"": 59, ""label"": ""PER""}]"
Buku terbaru itu ditulis oleh Boediono dan diterbitkan bulan lalu.,"[{""start"": 30, ""end"": 38, ""label"": ""PER""}]"
Laporan tersebut telah dikirimkan langsung ke meja Iwan Fals.,"[{""start"": 51, ""end"": 60, ""label"": ""PER""}]"
Kami sedang menunggu tanda tangan dari Tuan Guru Bajang untuk mencairkan dana.,"[{""start"": 39, ""end"": 55, ""label"": ""PER""}]"
Manado baru saja merilis laporan tahunan.,[]
KEBAKARAN HUTAN MELUAS DI KALIMANTAN.,[]
"Ridwan Kamil tinggal di Gg. Sudirman No. 144, RT 01/RW 11, Desa Cibogo, Kec. Tegalsari, Makassar, Jawa Barat, 41210.","[{""start"": 0, ""end"": 12, ""label"": ""PER""}, {""start"": 24, ""end"": 115, ""label"": ""ADR""}]"
Proyek ini dipimpin langsung oleh Alif Santoso.,"[{""start"": 34, ""end"": 46, ""label"": ""PER""}]"
"Ia baru saja pindah ke Gg. Mangga Dua, Makassar.","[{""start"": 23, ""end"": 47, ""label"": ""ADR""}]"
@ajimasaid baru saja mengunggah foto liburannya.,"[{""start"": 1, ""end"": 10, ""label"": ""PER""}]"
Laporan tersebut telah dikirimkan langsung ke meja Ahmad Yani.,"[{""start"": 51, ""end"": 61, ""label"": ""PER""}]"
INFLASI TAHUNAN TURUN KE LEVEL TERENDAH.,[]
Nomor kontak Ganjar Pranowo bisa dihubungi melalui Paris.,"[{""start"": 13, ""end"": 27, ""label"": ""PER""}]"
Apakah kamu sudah menghubungi John Doe hari ini?,"[{""start"": 30, ""end"": 38, ""label"": ""PER""}]"
"Penerima: Bambang Permadi Soemantri Brodjonegoro, M.Sc., Tujuan: Gang Diponegoro No. 74B, RT 19/RW 01, Kel. Antapani, Depok","[{""start"": 10, ""end"": 55, ""label"": ""PER""}, {""start"": 65, ""end"": 123, ""label"": ""ADR""}]"
@kartikasarispkg membagikan update terbaru di akunnya.,"[{""start"": 1, ""end"": 16, ""label"": ""PER""}]"
"Diego Maradona tinggal di Dusun Krajan RT 08/RW 05, Kel. Sukajadi, Kec. Menteng, Kab. Malang.","[{""start"": 0, ""end"": 14, ""label"": ""PER""}, {""start"": 26, ""end"": 92, ""label"": ""ADR""}]"
"Nama: Keanu Reeves, Alamat: Perumahan Griya Asri Blok E8 No. 15, Bandung.","[{""start"": 6, ""end"": 18, ""label"": ""PER""}, {""start"": 28, ""end"": 72, ""label"": ""ADR""}]"
JANGAN LUPA UNDANG MICHAEL MCDONALD KE ACARA ULANG TAHUN MINGGU DEPAN.,"[{""start"": 19, ""end"": 35, ""label"": ""PER""}]"
"MENURUT MUHAMMAD HASAN SADIKIN, KEBIJAKAN INI HARUS SEGERA DIEVALUASI.","[{""start"": 8, ""end"": 30, ""label"": ""PER""}]"
"Panitia mengundang Nita, Bambang Permadi Soemantri Brodjonegoro, M.Sc., Jefferson, dan Ebiet G. Ade sebagai narasumber.","[{""start"": 19, ""end"": 23, ""label"": ""PER""}, {""start"": 25, ""end"": 70, ""label"": ""PER""}, {""start"": 72, ""end"": 81, ""label"": ""PER""}, {""start"": 87, ""end"": 99, ""label"": ""PER""}]"
Buku terbaru itu ditulis oleh Rishi Sunak dan diterbitkan bulan lalu.,"[{""start"": 30, ""end"": 41, ""label"": ""PER""}]"
Dr. Andi Wijaya baru saja pindah dari Kuala Lumpur.,"[{""start"": 0, ""end"": 15, ""label"": ""PER""}]"
"Rumah beliau berada di Perumahan Bukit Indah Blok D20 No. 26, Semarang.","[{""start"": 23, ""end"": 70, ""label"": ""ADR""}]"
"""Terima kasih atas dukungannya,"" ucap Pramoedya Ananta Toer sambil tersenyum.","[{""start"": 38, ""end"": 59, ""label"": ""PER""}]"
"Erick Thohir tinggal di Jl. Imam Bonjol No. 5B, RT 09/RW 05, Kel. Menteng, Bogor.","[{""start"": 0, ""end"": 12, ""label"": ""PER""}, {""start"": 24, ""end"": 80, ""label"": ""ADR""}]"
Jangan lupa follow @profdringbjhabibie untuk info terkini.,"[{""start"": 20, ""end"": 38, ""label"": ""PER""}]"
"Kantor kami beralamat di Jalan Kenanga No. 70, Semarang.","[{""start"": 25, ""end"": 55, ""label"": ""ADR""}]"
Yang semua diundang untuk hadir dalam acara tersebut.,[]
Teori yang diusulkan oleh Shah Rukh Khan telah dipatahkan oleh penemuan baru.,"[{""start"": 26, ""end"": 40, ""label"": ""PER""}]"
"Ruud van Nistelrooy tinggal di Gg. Imam Bonjol, RT 19/RW 09, Kel. Cihapit, Kec. Coblong, Jakarta, Bali, 63402.","[{""start"": 0, ""end"": 19, ""label"": ""PER""}, {""start"": 31, ""end"": 109, ""label"": ""ADR""}]"
GEMPA BUMI GUNCANG WILAYAH SELATAN JAWA.,[]
"Dewi Anggraini, S.Psi., Psikolog adalah salah satu tokoh penting dalam sejarah.","[{""start"": 0, ""end"": 32, ""label"": ""PER""}]"
Surat itu dikirim oleh Jackie Chan di Jakarta minggu lalu.,"[{""start"": 23, ""end"": 34, ""label"": ""PER""}]"
John Doe resmi menjabat sebagai Wali Kota Surabaya mulai bulan depan.,"[{""start"": 0, ""end"": 8, ""label"": ""PER""}]"
"Alamat saya di Gang Merdeka No. 172, Malang.","[{""start"": 15, ""end"": 43, ""label"": ""ADR""}]"
"Rapat RT akan diadakan di 6 Kennedy Street, Dubai, Uni Emirat Arab.","[{""start"": 26, ""end"": 66, ""label"": ""ADR""}]"
Kami sedang menunggu tanda tangan dari Taufik Hidayat untuk mencairkan dana.,"[{""start"": 39, ""end"": 53, ""label"": ""PER""}]"
"Nama Lengkap: Letjen (Purn) Prabowo Subianto
Alamat: Dusun Ngepoh RT 13/RW 15, Kel. Tegalsari, Kec. Cimahi Utara, Kab. Bogor.","[{""start"": 14, ""end"": 44, ""label"": ""PER""}, {""start"": 53, ""end"": 124, ""label"": ""ADR""}]"
"Jefferson baru saja pindah ke Jl. Basuki Rahmat No. 167, RT 15/RW 17, Kel. Menteng, Yogyakarta.","[{""start"": 0, ""end"": 9, ""label"": ""PER""}, {""start"": 30, ""end"": 94, ""label"": ""ADR""}]"
Lengkap mulai terlihat sejak dini hari.,[]
"Nama: Lestari, Alamat: Perumahan Puri Nirwana Blok A6 No. 31, Balikpapan.","[{""start"": 6, ""end"": 13, ""label"": ""PER""}, {""start"": 23, ""end"": 72, ""label"": ""ADR""}]"
"Fajar, menurut laporan itu, akan segera diperbarui.",[]
"KTP menunjukkan alamat di PO Box 9484, Denpasar 85824.","[{""start"": 26, ""end"": 53, ""label"": ""ADR""}]"
Kantor cabang baru akan dibuka di Malang.,[]
"Menurut laporan, Tokyo mengalami peningkatan signifikan.",[]
@faisalrahmanseakca baru saja mengunggah foto liburannya.,"[{""start"": 1, ""end"": 19, ""label"": ""PER""}]"
HARGA BBM RESMI NAIK MULAI BESOK.,[]
Kapolri Franklin D. Roosevelt menyampaikan pernyataan resmi kemarin.,"[{""start"": 8, ""end"": 29, ""label"": ""PER""}]"
"Kemarin Bambang Permadi Soemantri Brodjonegoro, M.Sc. membahas Belanda bersama timnya.","[{""start"": 8, ""end"": 53, ""label"": ""PER""}]"
"Nama: Kamala Harris, Alamat: Gang Rajawali, Malang.","[{""start"": 6, ""end"": 19, ""label"": ""PER""}, {""start"": 29, ""end"": 50, ""label"": ""ADR""}]"
Nomor kontak Fatima binti Muhammad bisa dihubungi melalui Universitas Diponegoro.,"[{""start"": 13, ""end"": 34, ""label"": ""PER""}]"
Banyak pihak yang setuju dengan analisis Neymar Jr. mengenai krisis ekonomi.,"[{""start"": 41, ""end"": 51, ""label"": ""PER""}]"
Apakah benar Diponegoro akan datang ke konferensi besok?,"[{""start"": 13, ""end"": 23, ""label"": ""PER""}]"
Jangan lupa follow @drtirtamandirahudhimked untuk info terkini.,"[{""start"": 20, ""end"": 43, ""label"": ""PER""}]"
Halo semua diundang untuk hadir dalam acara tersebut.,[]
"Rapat dihadiri oleh Rudi, Ustadzah Oki Setiana Dewi, Lincoln, dan Michael McDonald sore ini.","[{""start"": 20, ""end"": 24, ""label"": ""PER""}, {""start"": 26, ""end"": 51, ""label"": ""PER""}, {""start"": 53, ""end"": 60, ""label"": ""PER""}, {""start"": 66, ""end"": 82, ""label"": ""PER""}]"
"Dalam konferensi persnya, Eko menolak memberikan komentar.","[{""start"": 26, ""end"": 29, ""label"": ""PER""}]"
Maria bertemu dengan rekannya di Bogor.,"[{""start"": 0, ""end"": 5, ""label"": ""PER""}]"
Retno Marsudi bekerja di 17 Agustus 1945.,"[{""start"": 0, ""end"": 13, ""label"": ""PER""}]"
Usain Bolt bertemu dengan rekannya di Rumah Sakit Bunda.,"[{""start"": 0, ""end"": 10, ""label"": ""PER""}]"
"Nama Lengkap: Anies Baswedan
Alamat: Jalan Kenanga No. 136A, RT 02/RW 03, Kel. Antapani, Kec. Cimahi Utara, Malang, Jawa Timur, 41434.","[{""start"": 14, ""end"": 28, ""label"": ""PER""}, {""start"": 37, ""end"": 133, ""label"": ""ADR""}]"
Pihak kepolisian masih memeriksa Hj. Siti Fatimah sebagai saksi utama.,"[{""start"": 33, ""end"": 49, ""label"": ""PER""}]"
@sari baru saja mengunggah foto liburannya.,"[{""start"": 1, ""end"": 5, ""label"": ""PER""}]"
@wayan baru saja mengunggah foto liburannya.,"[{""start"": 1, ""end"": 6, ""label"": ""PER""}]"
"CEO TESLA, TIO, MENYAMPAIKAN PERNYATAAN RESMI KEMARIN.","[{""start"": 11, ""end"": 14, ""label"": ""PER""}]"
PUTRI ADALAH GUBERNUR JAWA BARAT.,"[{""start"": 0, ""end"": 5, ""label"": ""PER""}]"
Evry Pramudya bertemu dengan rekannya di Beijing.,"[{""start"": 0, ""end"": 13, ""label"": ""PER""}]"
"Penerima: I Gusti Ngurah Rai, Tujuan: Jalan Cempaka Putih, RT 02/RW 01, Desa Sukamaju, Kec. Sukasari, Yogyakarta, Bali, 89585","[{""start"": 10, ""end"": 28, ""label"": ""PER""}, {""start"": 38, ""end"": 125, ""label"": ""ADR""}]"
@yanti baru saja mengunggah foto liburannya.,"[{""start"": 1, ""end"": 6, ""label"": ""PER""}]"
Buku terbaru itu ditulis oleh Kyai Haji Hasyim Asy'ari dan diterbitkan bulan lalu.,"[{""start"": 30, ""end"": 54, ""label"": ""PER""}]"
"Kami, menurut laporan itu, akan segera diperbarui.",[]
Acara tahunan itu selalu digelar di Medan.,[]
Sari resmi menjabat sebagai Menteri Luar Negeri mulai bulan depan.,"[{""start"": 0, ""end"": 4, ""label"": ""PER""}]"
Kemarin mobilnya Andi Djemma mogok di jalan tol.,"[{""start"": 17, ""end"": 28, ""label"": ""PER""}]"
"Rumah kost berada di Gang Merdeka No. 122, Tangerang.","[{""start"": 21, ""end"": 52, ""label"": ""ADR""}]"
Ebiet G. Ade dan Anthony Albanese kompak hadir dalam acara itu.,"[{""start"": 0, ""end"": 12, ""label"": ""PER""}, {""start"": 17, ""end"": 33, ""label"": ""PER""}]"
PEMERINTAH UMUMKAN KEBIJAKAN SUBSIDI BARU.,[]
"Narendra Modi baru saja pindah ke Gang Mangga Dua No. 149B, Yogyakarta.","[{""start"": 0, ""end"": 13, ""label"": ""PER""}, {""start"": 34, ""end"": 70, ""label"": ""ADR""}]"
Ruud van Nistelrooy resmi menjabat sebagai Ketua DPR RI mulai bulan depan.,"[{""start"": 0, ""end"": 19, ""label"": ""PER""}]"
"Ia baru saja pindah ke Gang Rajawali, RT 05/RW 04, Kel. Menteng, Kec. Gubeng, Medan, Jawa Timur, 27273.","[{""start"": 23, ""end"": 102, ""label"": ""ADR""}]"
"Daftar penerima meliputi Elon Musk, Lisa, dan Komang dari divisi terkait.","[{""start"": 25, ""end"": 34, ""label"": ""PER""}, {""start"": 36, ""end"": 40, ""label"": ""PER""}, {""start"": 46, ""end"": 52, ""label"": ""PER""}]"
O'Brien bertemu dengan rekannya di Bogor.,"[{""start"": 0, ""end"": 7, ""label"": ""PER""}]"
"Peserta pelatihan meliputi Nadiem Makarim, Michael Phelps, dan Kamala Harris dari kantor cabang.","[{""start"": 27, ""end"": 41, ""label"": ""PER""}, {""start"": 43, ""end"": 57, ""label"": ""PER""}, {""start"": 63, ""end"": 76, ""label"": ""PER""}]"
Kantor cabang baru akan dibuka di Kuala Lumpur.,[]
"Alamat saya di Apartemen Taman Anggrek Residence Tower C Lantai 20, Depok.","[{""start"": 15, ""end"": 73, ""label"": ""ADR""}]"
"Michael Jordan tinggal di Perumahan Griya Asri Blok C17 No. 20, Jakarta.","[{""start"": 0, ""end"": 14, ""label"": ""PER""}, {""start"": 26, ""end"": 71, ""label"": ""ADR""}]"
Kami sudah lama menetap di New York.,[]
"Rumah beliau berada di 809 Oxford Drive, Dubai, 51728, Uni Emirat Arab.","[{""start"": 23, ""end"": 70, ""label"": ""ADR""}]"
"Rishi Sunak tinggal di 386 Kennedy Road, Amsterdam, Belanda.","[{""start"": 0, ""end"": 11, ""label"": ""PER""}, {""start"": 23, ""end"": 59, ""label"": ""ADR""}]"
KEMARIN SAYA PERGI KE BEIJING UNTUK URUSAN PEKERJAAN.,[]
"Michael McDonald baru saja pindah ke Gg. Kenanga, RT 11/RW 14, Kel. Tegalsari, Medan.","[{""start"": 0, ""end"": 16, ""label"": ""PER""}, {""start"": 37, ""end"": 84, ""label"": ""ADR""}]"
drg. Maya Kusuma bekerja di Semarang.,"[{""start"": 0, ""end"": 16, ""label"": ""PER""}]"
"Rumah kost berada di Dusun Sumber RT 04/RW 20, Kel. Menteng, Kec. Tegalsari, Kab. Bandung.","[{""start"": 21, ""end"": 89, ""label"": ""ADR""}]"
"TEORI YANG DIUSULKAN OLEH YUSRIL IHZA MAHENDRA, S.H., M.SC. TELAH DIPATAHKAN OLEH PENEMUAN BARU.","[{""start"": 26, ""end"": 59, ""label"": ""PER""}]"
Saya melihat Nadiem Makarim sedang makan siang di kantin.,"[{""start"": 13, ""end"": 27, ""label"": ""PER""}]"
Kantor pusatnya berlokasi di PBB.,[]
@profdraniesbaswedanmpp baru saja mengunggah foto liburannya.,"[{""start"": 1, ""end"": 23, ""label"": ""PER""}]"
"Paket untuk Agnez Mo dikirim ke Dusun Wonosari RT 15/RW 01, Kel. Tegalsari, Kec. Gubeng, Kab. Sleman.","[{""start"": 12, ""end"": 20, ""label"": ""PER""}, {""start"": 32, ""end"": 100, ""label"": ""ADR""}]"
"Hartono, S.T., M.T. menghadiri rapat mengenai Bandung pagi ini.","[{""start"": 0, ""end"": 19, ""label"": ""PER""}]"
"Menurut Susi Susanti dan Wawan, kebijakan ini perlu direvisi.","[{""start"": 8, ""end"": 20, ""label"": ""PER""}, {""start"": 25, ""end"": 30, ""label"": ""PER""}]"
@ahmaddhani membagikan update terbaru di akunnya.,"[{""start"": 1, ""end"": 11, ""label"": ""PER""}]"
Rudi adalah gubernur jawa barat.,"[{""start"": 0, ""end"": 4, ""label"": ""PER""}]"
"Gubernur DKI Jakarta, Rian, menyampaikan pernyataan resmi kemarin.","[{""start"": 22, ""end"": 26, ""label"": ""PER""}]"
Tuan Guru Bajang menghadiri rapat mengenai Palembang pagi ini.,"[{""start"": 0, ""end"": 16, ""label"": ""PER""}]"
"BOYKE DIAN NUGRAHA, SP.OG MENGHADIRI RAPAT MENGENAI 0812-3456-7890 PAGI INI.","[{""start"": 0, ""end"": 25, ""label"": ""PER""}]"
Jangan lupa follow @jefferson untuk info terkini.,"[{""start"": 20, ""end"": 29, ""label"": ""PER""}]"
Penghargaan Nobel tahun ini jatuh kepada Barack Obama atas dedikasinya.,"[{""start"": 41, ""end"": 53, ""label"": ""PER""}]"
Budi Gunadi Sadikin bertemu dengan rekannya di Bali.,"[{""start"": 0, ""end"": 19, ""label"": ""PER""}]"
R.M. Said Prawirosoedirdjo resmi menjabat sebagai Rektor Universitas Indonesia mulai bulan depan.,"[{""start"": 0, ""end"": 26, ""label"": ""PER""}]"
"Nama Lengkap: Tuan Guru Bajang
Alamat: 428 Queen Drive, Singapura, 67815, Singapura.","[{""start"": 14, ""end"": 30, ""label"": ""PER""}, {""start"": 39, ""end"": 83, ""label"": ""ADR""}]"
"Ketua DPR RI, Sri Mulyani, menyampaikan pernyataan resmi kemarin.","[{""start"": 14, ""end"": 25, ""label"": ""PER""}]"
"Direktur Utama, Budi Gunadi Sadikin, meresmikan acara tersebut.","[{""start"": 16, ""end"": 35, ""label"": ""PER""}]"
Churchill resmi menjabat sebagai Rektor Universitas Indonesia mulai bulan depan.,"[{""start"": 0, ""end"": 9, ""label"": ""PER""}]"
"Penerima: Angela Merkel, Tujuan: PO Box 8201, Bandung 66469","[{""start"": 10, ""end"": 23, ""label"": ""PER""}, {""start"": 33, ""end"": 59, ""label"": ""ADR""}]"
@andidjemma baru saja mengunggah foto liburannya.,"[{""start"": 1, ""end"": 11, ""label"": ""PER""}]"
"Yang hadir dalam pertemuan itu adalah Mark Zuckerberg, Gatot Subroto, dan Jean-Pierre Dubois.","[{""start"": 38, ""end"": 53, ""label"": ""PER""}, {""start"": 55, ""end"": 68, ""label"": ""PER""}, {""start"": 74, ""end"": 92, ""label"": ""PER""}]"
Kami sedang menunggu tanda tangan dari François Hollande untuk mencairkan dana.,"[{""start"": 39, ""end"": 56, ""label"": ""PER""}]"
"Tim tersebut beranggotakan Cak Lontong, Ahmad Yani, Ganjar Pranowo, dan Anthony D'Angelo.","[{""start"": 27, ""end"": 38, ""label"": ""PER""}, {""start"": 40, ""end"": 50, ""label"": ""PER""}, {""start"": 52, ""end"": 66, ""label"": ""PER""}, {""start"": 72, ""end"": 88, ""label"": ""PER""}]"
Laporan tersebut telah dikirimkan langsung ke meja Wawan.,"[{""start"": 51, ""end"": 56, ""label"": ""PER""}]"
Laporan tersebut telah dikirimkan langsung ke meja Ida Bagus Oka.,"[{""start"": 51, ""end"": 64, ""label"": ""PER""}]"
KEBAKARAN HUTAN MELUAS DI KALIMANTAN.,[]
@komang membagikan update terbaru di akunnya.,"[{""start"": 1, ""end"": 7, ""label"": ""PER""}]"
Kemarin Prof. Dr. Ing. B.J. Habibie membahas PBB bersama timnya.,"[{""start"": 8, ""end"": 35, ""label"": ""PER""}]"
Acara tahunan itu selalu digelar di Tokyo.,[]
Banyak pihak yang setuju dengan analisis H. Rhoma Irama mengenai krisis ekonomi.,"[{""start"": 41, ""end"": 55, ""label"": ""PER""}]"
Anggun C. Sasmi tinggal di APBN 2025 sejak tahun lalu.,"[{""start"": 0, ""end"": 15, ""label"": ""PER""}]"
"Panitia mengundang Taufik Hidayat, Nelson Mandela, dan Dewi sebagai narasumber.","[{""start"": 19, ""end"": 33, ""label"": ""PER""}, {""start"": 35, ""end"": 49, ""label"": ""PER""}, {""start"": 55, ""end"": 59, ""label"": ""PER""}]"
Jangan lupa undang Rina ke acara ulang tahun minggu depan.,"[{""start"": 19, ""end"": 23, ""label"": ""PER""}]"
"Alamat saya di Jl. Mawar No. 77A, RT 13/RW 02, Kel. Menteng, Depok.","[{""start"": 15, ""end"": 66, ""label"": ""ADR""}]"
"Rapat dewan direksi besok akan dipimpin oleh Dr. Andi Wijaya, Sp.PD.","[{""start"": 45, ""end"": 67, ""label"": ""PER""}]"
"Rapat RT akan diadakan di Perumahan Griya Asri Blok E7 No. 2, Makassar.","[{""start"": 26, ""end"": 70, ""label"": ""ADR""}]"
"YANG, MENURUT LAPORAN ITU, AKAN SEGERA DIPERBARUI.",[]
Surat itu dikirim oleh Sri Sultan Hamengkubuwono X di Semarang minggu lalu.,"[{""start"": 23, ""end"": 50, ""label"": ""PER""}]"
"Kost berada di Dusun Krajan RT 12/RW 05, Kel. Sukajadi, Kec. Sukasari, Kab. Bogor.","[{""start"": 15, ""end"": 81, ""label"": ""ADR""}]"
"Gubernur DKI Jakarta, Brigjen Pol Listyo Sigit Prabowo, menyampaikan pernyataan resmi kemarin.","[{""start"": 22, ""end"": 54, ""label"": ""PER""}]"
"Surat untuk Xi Jinping dialamatkan ke Jl. Ahmad Yani No. 139A, RT 09/RW 19, Kel. Cihapit, Manado.","[{""start"": 12, ""end"": 22, ""label"": ""PER""}, {""start"": 38, ""end"": 96, ""label"": ""ADR""}]"
"Menurut Pembawa Acara Conor O'Brien, kebijakan ini akan segera direvisi.","[{""start"": 22, ""end"": 35, ""label"": ""PER""}]"
"Boyke Dian Nugraha, Sp.OG resmi menjabat sebagai Direktur Utama mulai bulan depan.","[{""start"": 0, ""end"": 25, ""label"": ""PER""}]"
"Direktur Utama, LeBron James, menyampaikan pernyataan resmi kemarin.","[{""start"": 16, ""end"": 28, ""label"": ""PER""}]"
JANGAN LUPA FOLLOW @JOEBIDEN UNTUK INFO TERKINI.,"[{""start"": 20, ""end"": 28, ""label"": ""PER""}]"
Nomor kontak Kennedy bisa dihubungi melalui Korea.,"[{""start"": 13, ""end"": 20, ""label"": ""PER""}]"
"Tim tersebut beranggotakan Emmanuel Macron, Suharto, R.A. Kartini, dan Susi Pudjiastuti.","[{""start"": 27, ""end"": 42, ""label"": ""PER""}, {""start"": 44, ""end"": 51, ""label"": ""PER""}, {""start"": 53, ""end"": 65, ""label"": ""PER""}, {""start"": 71, ""end"": 87, ""label"": ""PER""}]"
"Presiden AS ke-46, Franklin D. Roosevelt, meresmikan acara tersebut.","[{""start"": 19, ""end"": 40, ""label"": ""PER""}]"
Kantor pusatnya berlokasi di Medan.,[]
Acara tahunan itu selalu digelar di Sulawesi Selatan.,[]
Nomor kontak Gatot Subroto bisa dihubungi melalui Brazil.,"[{""start"": 13, ""end"": 26, ""label"": ""PER""}]"
PBB baru saja merilis laporan tahunan.,[]
"Hakim Ketua, Suharto, menyampaikan pernyataan resmi kemarin.","[{""start"": 13, ""end"": 20, ""label"": ""PER""}]"
"Silakan kirim paket ke Gg. Cempaka Putih No. 178A, RT 10/RW 15, Kel. Tegalsari, Surabaya.","[{""start"": 23, ""end"": 88, ""label"": ""ADR""}]"
"KTP atas nama Sandiaga Uno beralamat di Dusun Sumber RT 04/RW 01, Desa Sukamaju, Kec. Coblong, Kab. Bandung.","[{""start"": 14, ""end"": 26, ""label"": ""PER""}, {""start"": 40, ""end"": 107, ""label"": ""ADR""}]"
Kami sedang menunggu tanda tangan dari Neymar Jr. untuk mencairkan dana.,"[{""start"": 39, ""end"": 49, ""label"": ""PER""}]"
Kantor cabang baru akan dibuka di Toronto.,[]
"Kost berada di Gg. Diponegoro No. 11A, RT 08/RW 06, Kel. Cihapit, Kec. Tegalsari, Palembang, Sulawesi Selatan, 32275.","[{""start"": 15, ""end"": 116, ""label"": ""ADR""}]"
Rapat tersebut dihadiri oleh Fatima binti Muhammad dan Dra. Kartini Rahayu.,"[{""start"": 29, ""end"": 50, ""label"": ""PER""}, {""start"": 55, ""end"": 74, ""label"": ""PER""}]"
GEMPA BUMI GUNCANG WILAYAH SELATAN JAWA.,[]
Nelson Mandela tinggal di Inggris sejak tahun lalu.,"[{""start"": 0, ""end"": 14, ""label"": ""PER""}]"
Mereka mulai terlihat sejak dini hari.,[]
"Bill Gates baru saja pindah ke Apartemen Gading Nias Residences Tower Melati Lantai 4, Depok.","[{""start"": 0, ""end"": 10, ""label"": ""PER""}, {""start"": 31, ""end"": 92, ""label"": ""ADR""}]"
@gustikanjengratuhemas baru saja mengunggah foto liburannya.,"[{""start"": 1, ""end"": 22, ""label"": ""PER""}]"
"Di antara peserta terdapat Taufik Hidayat, Churchill, dan Dr. Andi Wijaya.","[{""start"": 27, ""end"": 41, ""label"": ""PER""}, {""start"": 43, ""end"": 52, ""label"": ""PER""}, {""start"": 58, ""end"": 73, ""label"": ""PER""}]"
Kepala Sekolah sebelumnya adalah Ahmad Yani.,"[{""start"": 33, ""end"": 43, ""label"": ""PER""}]"
Kemarin saya bertemu dengan AKBP Ade Safri Simanjuntak di stasiun.,"[{""start"": 28, ""end"": 54, ""label"": ""PER""}]"
"KTP atas nama Greysia Polii beralamat di Jl. Cempaka Putih No. 192, Malang.","[{""start"": 14, ""end"": 27, ""label"": ""PER""}, {""start"": 41, ""end"": 74, ""label"": ""ADR""}]"
"Rapat dihadiri oleh drg. Maya Kusuma, Drs. Muhammad Yamin, Greysia Polii, dan Gusti Kanjeng Ratu Hemas sore ini.","[{""start"": 20, ""end"": 36, ""label"": ""PER""}, {""start"": 38, ""end"": 57, ""label"": ""PER""}, {""start"": 59, ""end"": 72, ""label"": ""PER""}, {""start"": 78, ""end"": 102, ""label"": ""PER""}]"
"Nama: Ahmad Yani, Alamat: Apartemen Kemang Village Tower D Lantai 23, Medan.","[{""start"": 6, ""end"": 16, ""label"": ""PER""}, {""start"": 26, ""end"": 75, ""label"": ""ADR""}]"
"Rumah kost berada di Dusun Sumber RT 12/RW 11, Desa Cibogo, Kec. Menteng, Kab. Malang.","[{""start"": 21, ""end"": 85, ""label"": ""ADR""}]"
@buyahamka membagikan update terbaru di akunnya.,"[{""start"": 1, ""end"": 10, ""label"": ""PER""}]"
"Penyanyi, Faisal Rahman, S.E., Ak., CA., meresmikan acara tersebut.","[{""start"": 10, ""end"": 39, ""label"": ""PER""}]"
Acara tahunan itu selalu digelar di DI Yogyakarta.,[]
"Sesuai catatan sipil, domisili tercatat di Perumahan Bukit Indah Blok B14 No. 5, Jakarta.","[{""start"": 43, ""end"": 88, ""label"": ""ADR""}]"
Shah Rukh Khan baru saja pindah dari Yogyakarta.,"[{""start"": 0, ""end"": 14, ""label"": ""PER""}]"
Kami sudah lama menetap di New York.,[]
@alberteinstein membagikan update terbaru di akunnya.,"[{""start"": 1, ""end"": 15, ""label"": ""PER""}]"
"Pelukis, Apriyani Rahayu, meresmikan acara tersebut.","[{""start"": 9, ""end"": 24, ""label"": ""PER""}]"
INFLASI TAHUNAN TURUN KE LEVEL TERENDAH.,[]
"Silakan kirim paket ke 110 Lincoln Street, Singapura, Singapura.","[{""start"": 23, ""end"": 63, ""label"": ""ADR""}]"
Halo mulai terlihat sejak dini hari.,[]
Kemarin saya bertemu dengan Nadiem Makarim di PT Astra International.,"[{""start"": 28, ""end"": 42, ""label"": ""PER""}]"
"Alamat saya di Apartemen Taman Anggrek Residence Tower Melati Lantai 10, Denpasar.","[{""start"": 15, ""end"": 81, ""label"": ""ADR""}]"
"Menurut Wali Kota Surabaya Kennedy, kebijakan ini akan segera direvisi.","[{""start"": 27, ""end"": 34, ""label"": ""PER""}]"
Puan Maharani berangkat ke kantor pagi ini.,"[{""start"": 0, ""end"": 13, ""label"": ""PER""}]"
"Nama: Lisa, Alamat: Gg. Ahmad Yani No. 93, RT 10/RW 11, Kel. Sukajadi, Semarang.","[{""start"": 6, ""end"": 10, ""label"": ""PER""}, {""start"": 20, ""end"": 79, ""label"": ""ADR""}]"
Ia baru saja pindah ke Toronto.,[]
Surat dari Beyoncé membahas rencana terkait johndoe@example.com.,"[{""start"": 11, ""end"": 18, ""label"": ""PER""}]"
"Kantor kami beralamat di 336 Victoria Road, Singapura, Singapura.","[{""start"": 25, ""end"": 64, ""label"": ""ADR""}]"
Keputusan final berada di tangan Gatot Subroto selaku manajer proyek.,"[{""start"": 33, ""end"": 46, ""label"": ""PER""}]"
Jangan lupa follow @bambangpamungkas untuk info terkini.,"[{""start"": 20, ""end"": 36, ""label"": ""PER""}]"
BASUKI RAHMAT BERANGKAT KE KANTOR PAGI INI.,"[{""start"": 0, ""end"": 13, ""label"": ""PER""}]"
"Nama Lengkap: Anggun C. Sasmi
Alamat: 480 King Road, London, Inggris.","[{""start"": 14, ""end"": 29, ""label"": ""PER""}, {""start"": 38, ""end"": 68, ""label"": ""ADR""}]"
"Menurut Hendra, kebijakan ini harus segera dievaluasi.","[{""start"": 8, ""end"": 14, ""label"": ""PER""}]"
"Budi, selaku Panglima TNI, hadir dalam konferensi pers.","[{""start"": 0, ""end"": 4, ""label"": ""PER""}]"
"Pelukis, Siti Aminah, menyampaikan pernyataan resmi kemarin.","[{""start"": 9, ""end"": 20, ""label"": ""PER""}]"
EKONOMI NASIONAL TUMBUH 5 PERSEN KUARTAL INI.,[]
Proyek ini dipimpin langsung oleh Wayan.,"[{""start"": 34, ""end"": 39, ""label"": ""PER""}]"
Surat dari Muhammad Ikbal membahas rencana terkait Kompas.,"[{""start"": 11, ""end"": 25, ""label"": ""PER""}]"
"Penyanyi, Tubagus Hasanuddin, meresmikan acara tersebut.","[{""start"": 10, ""end"": 28, ""label"": ""PER""}]"
Acara tersebut diselenggarakan di Yth. Bapak/Ibu.,[]
"Panitia mengundang Jenderal Gatot Nurmantyo, Agus, LeBron James, dan Ridwan Kamil sebagai narasumber.","[{""start"": 19, ""end"": 43, ""label"": ""PER""}, {""start"": 45, ""end"": 49, ""label"": ""PER""}, {""start"": 51, ""end"": 63, ""label"": ""PER""}, {""start"": 69, ""end"": 81, ""label"": ""PER""}]"
"KTP menunjukkan alamat di Jl. Ahmad Yani No. 189, RT 08/RW 07, Kel. Sukajadi, Kec. Tegalsari, Malang, Bali, 48009.","[{""start"": 26, ""end"": 113, ""label"": ""ADR""}]"
Kami sudah lama menetap di Los Angeles.,[]
"Ia baru saja pindah ke Perumahan Puri Nirwana Blok F16 No. 34, Semarang.","[{""start"": 23, ""end"": 71, ""label"": ""ADR""}]"
"KTP atas nama Komang beralamat di 674 Baker Road, Sydney, 36132, Australia.","[{""start"": 14, ""end"": 20, ""label"": ""PER""}, {""start"": 34, ""end"": 74, ""label"": ""ADR""}]"
"Alamat saya di Gg. Basuki Rahmat No. 81B, RT 06/RW 16, Desa Sukamaju, Kec. Gubeng, Makassar, Jawa Barat, 12466.","[{""start"": 15, ""end"": 110, ""label"": ""ADR""}]"
Ia baru saja pindah ke DI Yogyakarta.,[]
Nomor kontak Rishi Sunak bisa dihubungi melalui Bali.,"[{""start"": 13, ""end"": 24, ""label"": ""PER""}]"
"Surat untuk Andi Mallarangeng dialamatkan ke 31 Queen Lane, Kuala Lumpur, Malaysia.","[{""start"": 12, ""end"": 29, ""label"": ""PER""}, {""start"": 45, ""end"": 82, ""label"": ""ADR""}]"
"Barack Obama baru saja pindah ke Gang Imam Bonjol No. 60A, RT 07/RW 11, Desa Cibogo, Kec. Buah Batu, Bogor, Bali, 92600.","[{""start"": 0, ""end"": 12, ""label"": ""PER""}, {""start"": 33, ""end"": 119, ""label"": ""ADR""}]"
"Sesuai catatan sipil, domisili tercatat di Jalan Imam Bonjol No. 45A, RT 06/RW 20, Kel. Antapani, Kec. Menteng, Makassar, Bali, 76563.","[{""start"": 43, ""end"": 133, ""label"": ""ADR""}]"
"Rapat RT akan diadakan di Jalan Rajawali No. 164, RT 11/RW 11, Desa Sukamaju, Tangerang.","[{""start"": 26, ""end"": 87, ""label"": ""ADR""}]"
"Rumah beliau berada di 262 Churchill Street, Amsterdam, 85376, Belanda.","[{""start"": 23, ""end"": 70, ""label"": ""ADR""}]"
Kami sudah lama menetap di Dubai.,[]
Direktur Utama Sandiaga Uno meresmikan acara tersebut.,"[{""start"": 15, ""end"": 27, ""label"": ""PER""}]"
Letjen (Purn) Prabowo Subianto adalah salah satu tokoh penting dalam sejarah.,"[{""start"": 0, ""end"": 30, ""label"": ""PER""}]"
Teori yang diusulkan oleh Franklin D. Roosevelt telah dipatahkan oleh penemuan baru.,"[{""start"": 26, ""end"": 47, ""label"": ""PER""}]"
"Taufik Hidayat, François Hollande, serta Jacinda Ardern kompak hadir dalam acara itu.","[{""start"": 0, ""end"": 14, ""label"": ""PER""}, {""start"": 16, ""end"": 33, ""label"": ""PER""}, {""start"": 41, ""end"": 55, ""label"": ""PER""}]"
"Paket untuk Bambang Permadi Soemantri Brodjonegoro, M.Sc. dikirim ke Gg. Cempaka Putih No. 180, Surabaya.","[{""start"": 12, ""end"": 57, ""label"": ""PER""}, {""start"": 69, ""end"": 104, ""label"": ""ADR""}]"
Churchill dan Scarlett Johansson kompak hadir dalam acara itu.,"[{""start"": 0, ""end"": 9, ""label"": ""PER""}, {""start"": 14, ""end"": 32, ""label"": ""PER""}]"
"Surat untuk Bambang Pamungkas dialamatkan ke 735 Orchard Street, Sydney, Australia.","[{""start"": 12, ""end"": 29, ""label"": ""PER""}, {""start"": 45, ""end"": 82, ""label"": ""ADR""}]"
"Daftar penerima meliputi Sari, Michael Phelps, dan Joko Widodo dari divisi terkait.","[{""start"": 25, ""end"": 29, ""label"": ""PER""}, {""start"": 31, ""end"": 45, ""label"": ""PER""}, {""start"": 51, ""end"": 62, ""label"": ""PER""}]"
"Rektor Universitas Indonesia, Jenderal Gatot Nurmantyo, meresmikan acara tersebut.","[{""start"": 30, ""end"": 54, ""label"": ""PER""}]"
"Paket untuk Gatot Subroto dikirim ke Dusun Ngepoh RT 09/RW 01, Kel. Menteng, Kec. Gubeng, Kab. Bandung.","[{""start"": 12, ""end"": 25, ""label"": ""PER""}, {""start"": 37, ""end"": 102, ""label"": ""ADR""}]"
"Paket untuk Dewi Anggraini, S.Psi., Psikolog dikirim ke Gang Cempaka Putih, Bekasi.","[{""start"": 12, ""end"": 44, ""label"": ""PER""}, {""start"": 56, ""end"": 82, ""label"": ""ADR""}]"
Buku terbaru itu ditulis oleh Ida Bagus Oka dan diterbitkan bulan lalu.,"[{""start"": 30, ""end"": 43, ""label"": ""PER""}]"
"Surat untuk Yasonna Laoly dialamatkan ke Gang Gatot Subroto No. 83B, RT 03/RW 16, Kel. Menteng, Bogor.","[{""start"": 12, ""end"": 25, ""label"": ""PER""}, {""start"": 41, ""end"": 101, ""label"": ""ADR""}]"
Jangan lupa follow @rina untuk info terkini.,"[{""start"": 20, ""end"": 24, ""label"": ""PER""}]"
"KTP atas nama Anggun C. Sasmi beralamat di Dusun Tegalrejo RT 04/RW 14, Kel. Antapani, Kec. Buah Batu, Kab. Malang.","[{""start"": 14, ""end"": 29, ""label"": ""PER""}, {""start"": 43, ""end"": 114, ""label"": ""ADR""}]"
Puan Maharani berangkat ke kantor pagi ini.,"[{""start"": 0, ""end"": 13, ""label"": ""PER""}]"
Proyek ini dipimpin langsung oleh Anne-Marie Laurent.,"[{""start"": 34, ""end"": 52, ""label"": ""PER""}]"
"Rapat RT akan diadakan di Gang Mawar, Bandung.","[{""start"": 26, ""end"": 45, ""label"": ""ADR""}]"
"Rapat RT akan diadakan di Gg. Kebon Jeruk, Bandung.","[{""start"": 26, ""end"": 50, ""label"": ""ADR""}]"
"""Surabaya adalah prioritas kita,"" kata Buya Hamka.","[{""start"": 39, ""end"": 49, ""label"": ""PER""}]"
Jangan lupa follow @neymarjr untuk info terkini.,"[{""start"": 20, ""end"": 28, ""label"": ""PER""}]"
"Menurut laporan, New York mengalami peningkatan signifikan.",[]
CEO Tesla sebelumnya adalah Rina Nose.,"[{""start"": 28, ""end"": 37, ""label"": ""PER""}]"
"Rumah kost berada di Jl. Imam Bonjol No. 72B, RT 19/RW 15, Kel. Tegalsari, Kec. Menteng, Yogyakarta, Bali, 36621.","[{""start"": 21, ""end"": 112, ""label"": ""ADR""}]"
"Tim tersebut beranggotakan Evry Pramudya, Abdurrahman Wahid, Kamala Harris, dan Ahmad Yani.","[{""start"": 27, ""end"": 40, ""label"": ""PER""}, {""start"": 42, ""end"": 59, ""label"": ""PER""}, {""start"": 61, ""end"": 74, ""label"": ""PER""}, {""start"": 80, ""end"": 90, ""label"": ""PER""}]"
"Kost berada di Gang Mawar, RT 03/RW 07, Desa Cibogo, Makassar.","[{""start"": 15, ""end"": 61, ""label"": ""ADR""}]"
Penghargaan Nobel tahun ini jatuh kepada Warren Buffett atas dedikasinya.,"[{""start"": 41, ""end"": 55, ""label"": ""PER""}]"
ATLET MEKAR DENGAN INDAH DI TAMAN SETIAP PAGI.,[]
Abdul Haris Nasution bertemu dengan rekannya di DPR RI.,"[{""start"": 0, ""end"": 20, ""label"": ""PER""}]"
"Penerima: Megawati Soekarnoputri, Tujuan: Gg. Mangga Dua, RT 02/RW 03, Desa Cibogo, Kec. Buah Batu, Makassar, Jawa Tengah, 53171","[{""start"": 10, ""end"": 32, ""label"": ""PER""}, {""start"": 42, ""end"": 128, ""label"": ""ADR""}]"
"Rishi Sunak baru saja pindah ke 254 Sunset Street, Sydney, Australia.","[{""start"": 0, ""end"": 11, ""label"": ""PER""}, {""start"": 32, ""end"": 68, ""label"": ""ADR""}]"
"""Terima kasih atas dukungannya,"" ucap Sergey Brin sambil tersenyum.","[{""start"": 38, ""end"": 49, ""label"": ""PER""}]"
"Aji Masaid tinggal di Perumahan Villa Melati Blok B5 No. 23, Surabaya.","[{""start"": 0, ""end"": 10, ""label"": ""PER""}, {""start"": 22, ""end"": 69, ""label"": ""ADR""}]"
Keputusan final berada di tangan Franklin D. Roosevelt selaku manajer proyek.,"[{""start"": 33, ""end"": 54, ""label"": ""PER""}]"
"Rapat tersebut dihadiri oleh Tubagus Hasanuddin dan Hartono, S.T., M.T..","[{""start"": 29, ""end"": 47, ""label"": ""PER""}, {""start"": 52, ""end"": 71, ""label"": ""PER""}]"
"Menurut Sukaryo, Bogor perlu dievaluasi ulang.","[{""start"": 8, ""end"": 15, ""label"": ""PER""}]"
"Kost berada di 902 Jefferson Avenue, Seoul, 95000, Korea Selatan.","[{""start"": 15, ""end"": 64, ""label"": ""ADR""}]"
"Bruce Lee tinggal di 730 Churchill Lane, Toronto, Kanada.","[{""start"": 0, ""end"": 9, ""label"": ""PER""}, {""start"": 21, ""end"": 56, ""label"": ""ADR""}]"
@rogerfederer membagikan update terbaru di akunnya.,"[{""start"": 1, ""end"": 13, ""label"": ""PER""}]"
Acara tersebut diselenggarakan di Belitung.,[]
"Rumah kost berada di Gang Ahmad Yani No. 125A, RT 05/RW 06, Kel. Antapani, Kec. Sukasari, Balikpapan, Sumatera Utara, 46450.","[{""start"": 21, ""end"": 123, ""label"": ""ADR""}]"
Gagasan yang dikemukakan oleh Fajar Nugraha memicu perdebatan panjang.,"[{""start"": 30, ""end"": 43, ""label"": ""PER""}]"
Mereka hadir dalam acara itu belum dikonfirmasi panitia.,[]
CEO Tesla Emmanuel Macron menyampaikan pernyataan resmi kemarin.,"[{""start"": 10, ""end"": 25, ""label"": ""PER""}]"
Kost mulai terlihat sejak dini hari.,[]
"Rumah kost berada di 423 Churchill Boulevard, Tokyo, Jepang.","[{""start"": 21, ""end"": 59, ""label"": ""ADR""}]"
Menteri Keuangan RI sebelumnya adalah Gatot Subroto.,"[{""start"": 38, ""end"": 51, ""label"": ""PER""}]"
"Ia baru saja pindah ke 341 Wall Drive, Amsterdam, 51025, Belanda.","[{""start"": 23, ""end"": 64, ""label"": ""ADR""}]"
Perdana Menteri Inggris Priyanka Chopra menyampaikan pernyataan resmi kemarin.,"[{""start"": 24, ""end"": 39, ""label"": ""PER""}]"
"Menurut Wali Kota Surabaya Wulan Sari, S.Pd., M.Pd., kebijakan ini akan segera direvisi.","[{""start"": 27, ""end"": 51, ""label"": ""PER""}]"
Buya Hamka resmi menjabat sebagai Penyanyi mulai bulan depan.,"[{""start"": 0, ""end"": 10, ""label"": ""PER""}]"
Bernard Arnault baru saja pindah dari Bekasi.,"[{""start"": 0, ""end"": 15, ""label"": ""PER""}]"
@yoga baru saja mengunggah foto liburannya.,"[{""start"": 1, ""end"": 5, ""label"": ""PER""}]"
"RAPAT DIHADIRI OLEH IMAM BONJOL, B.J. HABIBIE, AHMAD DAHLAN, DAN MCDONALD SORE INI.","[{""start"": 20, ""end"": 31, ""label"": ""PER""}, {""start"": 33, ""end"": 45, ""label"": ""PER""}, {""start"": 47, ""end"": 59, ""label"": ""PER""}, {""start"": 65, ""end"": 73, ""label"": ""PER""}]"
Halo berada di lokasi yang sudah ditentukan.,[]
"Halo semua, nama gue Elon Musk, salam kenal ya!","[{""start"": 21, ""end"": 30, ""label"": ""PER""}]"
Nomor kontak Fajar bisa dihubungi melalui Bogor.,"[{""start"": 13, ""end"": 18, ""label"": ""PER""}]"
"Menurut Tubagus Hasanuddin, Bulog perlu dievaluasi ulang.","[{""start"": 8, ""end"": 26, ""label"": ""PER""}]"
"MENURUT D'ANGELO, BALI PERLU DIEVALUASI ULANG.","[{""start"": 8, ""end"": 16, ""label"": ""PER""}]"
Penghargaan Nobel tahun ini jatuh kepada Sudirman atas dedikasinya.,"[{""start"": 41, ""end"": 49, ""label"": ""PER""}]"
"Alamat saya di Gg. Basuki Rahmat No. 199A, Malang.","[{""start"": 15, ""end"": 49, ""label"": ""ADR""}]"
"""Universitas Diponegoro adalah prioritas kita,"" kata Diponegoro.","[{""start"": 13, ""end"": 23, ""label"": ""PER""}]"
"Rapat dihadiri oleh Imam Bonjol, Anies Baswedan, Dini Imaniar, dan Laksamana Muda TNI Sinar Adi sore ini.","[{""start"": 20, ""end"": 31, ""label"": ""PER""}, {""start"": 33, ""end"": 47, ""label"": ""PER""}, {""start"": 49, ""end"": 61, ""label"": ""PER""}, {""start"": 67, ""end"": 95, ""label"": ""PER""}]"
"Nama: Nita, Alamat: Jl. Merdeka No. 107, RT 16/RW 15, Kel. Tegalsari, Kec. Gubeng, Palembang, DKI Jakarta, 50373.","[{""start"": 6, ""end"": 10, ""label"": ""PER""}, {""start"": 20, ""end"": 112, ""label"": ""ADR""}]"
"Paket untuk Isyana Sarasvati dikirim ke Dusun Krajan RT 09/RW 14, Kel. Tegalsari, Kec. Buah Batu, Kab. Sidoarjo.","[{""start"": 12, ""end"": 28, ""label"": ""PER""}, {""start"": 40, ""end"": 111, ""label"": ""ADR""}]"
Teori yang diusulkan oleh Putri telah dipatahkan oleh penemuan baru.,"[{""start"": 26, ""end"": 31, ""label"": ""PER""}]"
Rapat dewan direksi besok akan dipimpin oleh Isyana Sarasvati.,"[{""start"": 45, ""end"": 61, ""label"": ""PER""}]"
Surat dari Joe Taslim membahas rencana terkait Google.,"[{""start"": 11, ""end"": 21, ""label"": ""PER""}]"
Surat dari Imam Bonjol membahas rencana terkait johndoe@example.com.,"[{""start"": 11, ""end"": 22, ""label"": ""PER""}]"
RUDI TINGGAL DI SEKOLAH DASAR KARTINI SEJAK TAHUN LALU.,"[{""start"": 0, ""end"": 4, ""label"": ""PER""}]"
"Dr. Andi Wijaya, Sp.PD resmi menjabat sebagai Hakim Ketua mulai bulan depan.","[{""start"": 0, ""end"": 22, ""label"": ""PER""}]"
"Alamat saya di 508 Kennedy Road, Toronto, L0X 5W5, Kanada.","[{""start"": 15, ""end"": 57, ""label"": ""ADR""}]"
"Rumah kost berada di Gang Cempaka Putih No. 107B, Yogyakarta.","[{""start"": 21, ""end"": 60, ""label"": ""ADR""}]"
Menteri Keuangan RI Prof. Dr. Ing. B.J. Habibie meresmikan acara tersebut.,"[{""start"": 20, ""end"": 47, ""label"": ""PER""}]"
"Menurut Megawati Soekarnoputri dan Rudi, kebijakan ini perlu direvisi.","[{""start"": 8, ""end"": 30, ""label"": ""PER""}, {""start"": 35, ""end"": 39, ""label"": ""PER""}]"
Tolong sampaikan pesan ini kepada Fitri secepatnya.,"[{""start"": 34, ""end"": 39, ""label"": ""PER""}]"
"Presiden AS ke-46, Irfan Hakim, meresmikan acara tersebut.","[{""start"": 19, ""end"": 30, ""label"": ""PER""}]"
"Menurut CEO Tesla Ustadz Abdul Somad, kebijakan ini akan segera direvisi.","[{""start"": 18, ""end"": 36, ""label"": ""PER""}]"
@ahmad membagikan update terbaru di akunnya.,"[{""start"": 1, ""end"": 6, ""label"": ""PER""}]"
Nomor kontak yang bisa dihubungi adalah DPR RI.,[]
"Penerima: Gatot Subroto, Tujuan: Jl. Imam Bonjol, Balikpapan","[{""start"": 10, ""end"": 23, ""label"": ""PER""}, {""start"": 33, ""end"": 60, ""label"": ""ADR""}]"
Pramoedya Ananta Toer resmi menjabat sebagai Presiden AS ke-46 mulai bulan depan.,"[{""start"": 0, ""end"": 21, ""label"": ""PER""}]"
"R.A. Kartini menegaskan, ""kami akan terus berusaha.""","[{""start"": 0, ""end"": 12, ""label"": ""PER""}]"
"Tuan Guru Bajang menegaskan, ""kami akan terus berusaha.""","[{""start"": 0, ""end"": 16, ""label"": ""PER""}]"
"Alamat saya di Gg. Ahmad Yani No. 182B, Manado.","[{""start"": 15, ""end"": 46, ""label"": ""ADR""}]"
"Di antara peserta terdapat Mark Zuckerberg, Yusril Ihza Mahendra, S.H., M.Sc., Sri Sultan Hamengkubuwono X, dan Dra. Kartini Rahayu.","[{""start"": 27, ""end"": 42, ""label"": ""PER""}, {""start"": 44, ""end"": 77, ""label"": ""PER""}, {""start"": 79, ""end"": 106, ""label"": ""PER""}, {""start"": 112, ""end"": 131, ""label"": ""PER""}]"
EKONOMI NASIONAL TUMBUH 5 PERSEN KUARTAL INI.,[]
"Apakah kamu sudah menghubungi Faisal Rahman, S.E., Ak., CA. hari ini?","[{""start"": 30, ""end"": 59, ""label"": ""PER""}]"
Kami bukan bagian dari agenda rapat kali ini.,[]
Penghargaan Nobel tahun ini jatuh kepada Joko Widodo atas dedikasinya.,"[{""start"": 41, ""end"": 52, ""label"": ""PER""}]"
"Nama Lengkap: H. Rhoma Irama
Alamat: Jl. Ahmad Dahlan, RT 15/RW 05, Kel. Antapani, Kec. Cimahi Utara, Makassar, DKI Jakarta, 55147.","[{""start"": 14, ""end"": 28, ""label"": ""PER""}, {""start"": 37, ""end"": 130, ""label"": ""ADR""}]"
"Nama: Dian Sastrowardoyo, Alamat: Perumahan Puri Nirwana Blok E7 No. 16, Yogyakarta.","[{""start"": 6, ""end"": 24, ""label"": ""PER""}, {""start"": 34, ""end"": 83, ""label"": ""ADR""}]"
"Dalam konferensi persnya, Eko Yuli Irawan menolak memberikan komentar.","[{""start"": 26, ""end"": 41, ""label"": ""PER""}]"
"Alamat saya di Jalan Cemara No. 124B, RT 20/RW 07, Kel. Antapani, Kec. Menteng, Bogor, Jawa Tengah, 94112.","[{""start"": 15, ""end"": 105, ""label"": ""ADR""}]"
"Kami sedang menunggu tanda tangan dari Ir. Djoko Kirmanto, Dipl.HE untuk mencairkan dana.","[{""start"": 39, ""end"": 66, ""label"": ""PER""}]"
"Rina tinggal di 289 Baker Drive, Tokyo, 98801, Jepang.","[{""start"": 0, ""end"": 4, ""label"": ""PER""}, {""start"": 16, ""end"": 53, ""label"": ""ADR""}]"
Fitri resmi menjabat sebagai Panglima TNI mulai bulan depan.,"[{""start"": 0, ""end"": 5, ""label"": ""PER""}]"
Penghargaan Nobel tahun ini jatuh kepada Evry Pramudya atas dedikasinya.,"[{""start"": 41, ""end"": 54, ""label"": ""PER""}]"
JOE TASLIM RESMI MENJABAT SEBAGAI KEPALA SEKOLAH MULAI BULAN DEPAN.,"[{""start"": 0, ""end"": 10, ""label"": ""PER""}]"
"Kantor kami beralamat di Gg. Flamboyan No. 132A, RT 18/RW 11, Kel. Menteng, Kec. Menteng, Palembang, DKI Jakarta, 23898.","[{""start"": 25, ""end"": 119, ""label"": ""ADR""}]"
"Rumah beliau berada di Jalan Diponegoro No. 29B, Bandung.","[{""start"": 23, ""end"": 56, ""label"": ""ADR""}]"
Kepala Sekolah Kolonel Inf. Rizky Ramadhan meresmikan acara tersebut.,"[{""start"": 15, ""end"": 42, ""label"": ""PER""}]"
Pihak kepolisian masih memeriksa drh. Bimo Prakoso sebagai saksi utama.,"[{""start"": 33, ""end"": 50, ""label"": ""PER""}]"
"Surat untuk Volodymyr Zelenskyy dialamatkan ke Gg. Imam Bonjol No. 18, RT 11/RW 14, Kel. Tegalsari, Kec. Sukasari, Bogor, Jawa Timur, 83862.","[{""start"": 12, ""end"": 31, ""label"": ""PER""}, {""start"": 47, ""end"": 139, ""label"": ""ADR""}]"
"Tim tersebut beranggotakan Boyke Dian Nugraha, Sp.OG, Puan Maharani, Tio, dan Narendra Modi.","[{""start"": 27, ""end"": 52, ""label"": ""PER""}, {""start"": 54, ""end"": 67, ""label"": ""PER""}, {""start"": 69, ""end"": 72, ""label"": ""PER""}, {""start"": 78, ""end"": 91, ""label"": ""PER""}]"
Rapat tersebut dihadiri oleh Vladimir Putin dan Jackie Chan.,"[{""start"": 29, ""end"": 43, ""label"": ""PER""}, {""start"": 48, ""end"": 59, ""label"": ""PER""}]"
Saya tinggal di Dubai sejak kecil.,[]
"Peserta pelatihan meliputi Nyoman, Alif Santoso, dan Xi Jinping dari kantor cabang.","[{""start"": 27, ""end"": 33, ""label"": ""PER""}, {""start"": 35, ""end"": 47, ""label"": ""PER""}, {""start"": 53, ""end"": 63, ""label"": ""PER""}]"
Rapat tersebut dihadiri oleh Imam Bonjol dan Bruce Lee.,"[{""start"": 29, ""end"": 40, ""label"": ""PER""}, {""start"": 45, ""end"": 54, ""label"": ""PER""}]"
@andimallarangeng baru saja mengunggah foto liburannya.,"[{""start"": 1, ""end"": 17, ""label"": ""PER""}]"
Karya seni milik Bambang Pamungkas berhasil terjual dengan harga fantastis.,"[{""start"": 17, ""end"": 34, ""label"": ""PER""}]"
"Ia baru saja pindah ke 35 Sunset Boulevard, Kuala Lumpur, 54262, Malaysia.","[{""start"": 23, ""end"": 73, ""label"": ""ADR""}]"
"Perdana Menteri Inggris, Ridwan Kamil, menyampaikan pernyataan resmi kemarin.","[{""start"": 25, ""end"": 37, ""label"": ""PER""}]"
"Menurut Gatot Subroto, kebijakan ini harus segera dievaluasi.","[{""start"": 8, ""end"": 21, ""label"": ""PER""}]"
"HALO SEMUA, NAMA GUE JACKIE CHAN, SALAM KENAL YA!","[{""start"": 21, ""end"": 32, ""label"": ""PER""}]"
"Surat untuk Karni Ilyas dialamatkan ke 960 Baker Drive, London, Inggris.","[{""start"": 12, ""end"": 23, ""label"": ""PER""}, {""start"": 39, ""end"": 71, ""label"": ""ADR""}]"
Kemarin saya bertemu dengan Zinedine Zidane di stasiun.,"[{""start"": 28, ""end"": 43, ""label"": ""PER""}]"
"Serena Williams, Jenderal Gatot Nurmantyo, serta Rina Nose kompak hadir dalam acara itu.","[{""start"": 0, ""end"": 15, ""label"": ""PER""}, {""start"": 17, ""end"": 41, ""label"": ""PER""}, {""start"": 49, ""end"": 58, ""label"": ""PER""}]"
@caklontong membagikan update terbaru di akunnya.,"[{""start"": 1, ""end"": 11, ""label"": ""PER""}]"
"Pembawa Acara, Raisa Andriana, meresmikan acara tersebut.","[{""start"": 15, ""end"": 29, ""label"": ""PER""}]"
"Halo semua, nama gue Ir. Soekarno, salam kenal ya!","[{""start"": 21, ""end"": 33, ""label"": ""PER""}]"
"Sesuai catatan sipil, domisili tercatat di Perumahan Bukit Indah Blok B17 No. 3, Surabaya.","[{""start"": 43, ""end"": 89, ""label"": ""ADR""}]"
"Nama: Ahmad Dhani, Alamat: Gang Sudirman No. 22, RT 01/RW 20, Desa Cibogo, Yogyakarta.","[{""start"": 6, ""end"": 17, ""label"": ""PER""}, {""start"": 27, ""end"": 85, ""label"": ""ADR""}]"
"Nama Lengkap: dr. Tirta Mandira Hudhi, M.Ked.
Alamat: Gang Flamboyan No. 173, Bekasi.","[{""start"": 14, ""end"": 45, ""label"": ""PER""}, {""start"": 54, ""end"": 84, ""label"": ""ADR""}]"
Kemarin saya bertemu dengan Barack Obama di PBB.,"[{""start"": 28, ""end"": 40, ""label"": ""PER""}]"
"Panitia mengundang Tubagus Hasanuddin, Apriyani Rahayu, Lisa, dan Kyai Haji Hasyim Asy'ari sebagai narasumber.","[{""start"": 19, ""end"": 37, ""label"": ""PER""}, {""start"": 39, ""end"": 54, ""label"": ""PER""}, {""start"": 56, ""end"": 60, ""label"": ""PER""}, {""start"": 66, ""end"": 90, ""label"": ""PER""}]"
"KTP menunjukkan alamat di Gang Basuki Rahmat, RT 07/RW 02, Desa Cibogo, Palembang.","[{""start"": 26, ""end"": 81, ""label"": ""ADR""}]"
ACARA TAHUNAN ITU SELALU DIGELAR DI TANGERANG.,[]
"Rapat dihadiri oleh Letjen (Purn) Prabowo Subianto, Habib Rizieq Shihab, Roger Federer, dan Wawan sore ini.","[{""start"": 20, ""end"": 50, ""label"": ""PER""}, {""start"": 52, ""end"": 71, ""label"": ""PER""}, {""start"": 73, ""end"": 86, ""label"": ""PER""}, {""start"": 92, ""end"": 97, ""label"": ""PER""}]"
Agnez Mo resmi menjabat sebagai Kepala Sekolah mulai bulan depan.,"[{""start"": 0, ""end"": 8, ""label"": ""PER""}]"
Direktur Utama sebelumnya adalah Shinzo Abe.,"[{""start"": 33, ""end"": 43, ""label"": ""PER""}]"
"Kapolri, Raisa Andriana, menyampaikan pernyataan resmi kemarin.","[{""start"": 9, ""end"": 23, ""label"": ""PER""}]"
Kami sudah lama menetap di Los Angeles.,[]
Penghargaan Nobel tahun ini jatuh kepada Emmanuel Macron atas dedikasinya.,"[{""start"": 41, ""end"": 56, ""label"": ""PER""}]"
Saya melihat Martin Luther King Jr. sedang makan siang di kantin.,"[{""start"": 13, ""end"": 35, ""label"": ""PER""}]"
Acara tahunan itu selalu digelar di Sumatera Utara.,[]
Direktur Utama Taylor Swift menyampaikan pernyataan resmi kemarin.,"[{""start"": 15, ""end"": 27, ""label"": ""PER""}]"
@iwanfals baru saja mengunggah foto liburannya.,"[{""start"": 1, ""end"": 9, ""label"": ""PER""}]"
Kemarin mobilnya Vladimir Putin mogok di jalan tol.,"[{""start"": 17, ""end"": 31, ""label"": ""PER""}]"
"""Saya akan segera berangkat,"" ujar Ahmad Dahlan.","[{""start"": 35, ""end"": 47, ""label"": ""PER""}]"
"""Terima kasih atas dukungannya,"" ucap Bernard Arnault sambil tersenyum.","[{""start"": 38, ""end"": 53, ""label"": ""PER""}]"
"Yanti baru saja pindah ke 262 Kennedy Road, London, YR8 8XT, Inggris.","[{""start"": 0, ""end"": 5, ""label"": ""PER""}, {""start"": 26, ""end"": 68, ""label"": ""ADR""}]"
"Kost berada di Gg. Diponegoro, RT 05/RW 18, Kel. Gubeng, Kec. Cimahi Utara, Denpasar, DI Yogyakarta, 27867.","[{""start"": 15, ""end"": 106, ""label"": ""ADR""}]"
"Rapat RT akan diadakan di Jl. Merdeka No. 94A, RT 15/RW 06, Kel. Menteng, Balikpapan.","[{""start"": 26, ""end"": 84, ""label"": ""ADR""}]"
"Ia baru saja pindah ke Dusun Wonosari RT 10/RW 12, Kel. Tegalsari, Kec. Coblong, Kab. Cirebon.","[{""start"": 23, ""end"": 93, ""label"": ""ADR""}]"
"DI ANTARA PESERTA TERDAPAT SUKARYO, GUSTI KANJENG RATU HEMAS, USAIN BOLT, DAN DIAN SASTROWARDOYO.","[{""start"": 27, ""end"": 34, ""label"": ""PER""}, {""start"": 36, ""end"": 60, ""label"": ""PER""}, {""start"": 62, ""end"": 72, ""label"": ""PER""}, {""start"": 78, ""end"": 96, ""label"": ""PER""}]"
Rektor Universitas Indonesia Bill Gates meresmikan acara tersebut.,"[{""start"": 29, ""end"": 39, ""label"": ""PER""}]"
Jangan lupa follow @shahrukhkhan untuk info terkini.,"[{""start"": 20, ""end"": 32, ""label"": ""PER""}]"
Ida Bagus Oka dan Rishi Sunak kompak hadir dalam acara itu.,"[{""start"": 0, ""end"": 13, ""label"": ""PER""}, {""start"": 18, ""end"": 29, ""label"": ""PER""}]"
"Saya punya saudara di jakarta namanya Yusril Ihza Mahendra, S.H., M.Sc..","[{""start"": 38, ""end"": 71, ""label"": ""PER""}]"
Kami sudah lama menetap di Kalimantan Timur.,[]
"Nama Lengkap: Joe Biden
Alamat: Gg. Basuki Rahmat No. 8B, RT 11/RW 04, Kel. Cihapit, Depok.","[{""start"": 14, ""end"": 23, ""label"": ""PER""}, {""start"": 32, ""end"": 90, ""label"": ""ADR""}]"
"Menurut Yasonna Laoly, ""keputusan ini sudah final.""","[{""start"": 8, ""end"": 21, ""label"": ""PER""}]"
Kantor cabang baru akan dibuka di New York.,[]
Atlet berada di lokasi yang sudah ditentukan.,[]
Fajar semua diundang untuk hadir dalam acara tersebut.,[]
"Alamat saya di Gg. Ahmad Yani No. 52B, RT 06/RW 12, Desa Sukamaju, Semarang.","[{""start"": 15, ""end"": 75, ""label"": ""ADR""}]"
PBB baru saja merilis laporan tahunan.,[]
"Rumah beliau berada di Perumahan Grand Wisata Blok D4 No. 30, Surabaya.","[{""start"": 23, ""end"": 70, ""label"": ""ADR""}]"
BANDUNG BARU SAJA MERILIS LAPORAN TAHUNAN.,[]
"Paket untuk Jean-Pierre Dubois dikirim ke Gang Sudirman No. 132B, RT 09/RW 06, Desa Sukamaju, Manado.","[{""start"": 12, ""end"": 30, ""label"": ""PER""}, {""start"": 42, ""end"": 100, ""label"": ""ADR""}]"
PEMERINTAH UMUMKAN KEBIJAKAN SUBSIDI BARU.,[]
"KTP menunjukkan alamat di Gg. Mawar No. 123, RT 18/RW 06, Desa Sukamaju, Kec. Sukasari, Bekasi, Jawa Timur, 57072.","[{""start"": 26, ""end"": 113, ""label"": ""ADR""}]"
"Tim tersebut beranggotakan Shah Rukh Khan, Kanjeng Gusti Pangeran Adipati Arya Mangkunegara IX, dan Vladimir Putin.","[{""start"": 27, ""end"": 41, ""label"": ""PER""}, {""start"": 43, ""end"": 94, ""label"": ""PER""}, {""start"": 100, ""end"": 114, ""label"": ""PER""}]"
Dokumen itu merujuk pada Kuala Lumpur.,[]
Nomor kontak yang bisa dihubungi adalah Tesla.,[]
"Kami, menurut laporan itu, akan segera diperbarui.",[]
"Silakan kirim paket ke Perumahan Villa Melati Blok C9 No. 33, Yogyakarta.","[{""start"": 23, ""end"": 72, ""label"": ""ADR""}]"
"Panitia mengundang Sergey Brin, Kim Jong-un, Tio, dan Hartono, S.T., M.T. sebagai narasumber.","[{""start"": 19, ""end"": 30, ""label"": ""PER""}, {""start"": 32, ""end"": 43, ""label"": ""PER""}, {""start"": 45, ""end"": 48, ""label"": ""PER""}, {""start"": 54, ""end"": 73, ""label"": ""PER""}]"
Banyak pihak yang setuju dengan analisis Luhut Binsar Pandjaitan mengenai krisis ekonomi.,"[{""start"": 41, ""end"": 64, ""label"": ""PER""}]"
Roger Federer resmi menjabat sebagai Presiden AS ke-46 mulai bulan depan.,"[{""start"": 0, ""end"": 13, ""label"": ""PER""}]"
"Nama Lengkap: Reza Rahadian
Alamat: 593 Wall Street, Paris, Prancis.","[{""start"": 14, ""end"": 27, ""label"": ""PER""}, {""start"": 36, ""end"": 67, ""label"": ""ADR""}]"
Kantor cabang baru akan dibuka di Berlin.,[]
Made baru saja pindah dari 19.00 WIB.,"[{""start"": 0, ""end"": 4, ""label"": ""PER""}]"
Yth. Bapak/Ibu baru saja merilis laporan tahunan.,[]
"Sesuai catatan sipil, domisili tercatat di Gg. Merdeka, RT 05/RW 12, Kel. Antapani, Kec. Menteng, Bandung, Sulawesi Selatan, 19931.","[{""start"": 43, ""end"": 130, ""label"": ""ADR""}]"
SAYA TINGGAL DI KALIMANTAN TIMUR SEJAK KECIL.,[]
Jeff Bezos baru saja pindah dari Balikpapan.,"[{""start"": 0, ""end"": 10, ""label"": ""PER""}]"
Penghargaan Nobel tahun ini jatuh kepada Sudirman atas dedikasinya.,"[{""start"": 41, ""end"": 49, ""label"": ""PER""}]"
"Panglima TNI, Sinta, meresmikan acara tersebut.","[{""start"": 14, ""end"": 19, ""label"": ""PER""}]"
Michael Phelps resmi menjabat sebagai Perdana Menteri Inggris mulai bulan depan.,"[{""start"": 0, ""end"": 14, ""label"": ""PER""}]"
"Kost berada di Dusun Wonosari RT 09/RW 15, Kel. Cihapit, Kec. Tegalsari, Kab. Bandung.","[{""start"": 15, ""end"": 85, ""label"": ""ADR""}]"
"Rapat dihadiri oleh Sri Mulyani, Raden Adjeng Kartini, Fajar Nugraha, dan Yoga sore ini.","[{""start"": 20, ""end"": 31, ""label"": ""PER""}, {""start"": 33, ""end"": 53, ""label"": ""PER""}, {""start"": 55, ""end"": 68, ""label"": ""PER""}, {""start"": 74, ""end"": 78, ""label"": ""PER""}]"
Jangan lupa undang Lisa ke acara ulang tahun minggu depan.,"[{""start"": 19, ""end"": 23, ""label"": ""PER""}]"
Brigjen Pol Listyo Sigit Prabowo tinggal di Sekolah Dasar Kartini sejak tahun lalu.,"[{""start"": 0, ""end"": 32, ""label"": ""PER""}]"
Proyek ini dipimpin langsung oleh Michael Phelps.,"[{""start"": 34, ""end"": 48, ""label"": ""PER""}]"
"Peserta pelatihan meliputi Ir. Soekarno, Nadiem Makarim, dan Joe Biden dari kantor cabang.","[{""start"": 27, ""end"": 39, ""label"": ""PER""}, {""start"": 41, ""end"": 55, ""label"": ""PER""}, {""start"": 61, ""end"": 70, ""label"": ""PER""}]"
Penyanyi Boris Johnson menyampaikan pernyataan resmi kemarin.,"[{""start"": 9, ""end"": 22, ""label"": ""PER""}]"
GEMPA BUMI GUNCANG WILAYAH SELATAN JAWA.,[]
"Menurut Shah Rukh Khan, kebijakan ini harus segera dievaluasi.","[{""start"": 8, ""end"": 22, ""label"": ""PER""}]"
"Nama: Retno Marsudi, Alamat: Jl. Sudirman No. 141B, Semarang.","[{""start"": 6, ""end"": 19, ""label"": ""PER""}, {""start"": 29, ""end"": 60, ""label"": ""ADR""}]"
Tolong sampaikan pesan ini kepada Tubagus Hasanuddin secepatnya.,"[{""start"": 34, ""end"": 52, ""label"": ""PER""}]"
"Rapat RT akan diadakan di Perumahan Taman Sari Blok C9 No. 31, Depok.","[{""start"": 26, ""end"": 68, ""label"": ""ADR""}]"
"Kantor kami beralamat di Jalan Ahmad Dahlan No. 155A, RT 17/RW 15, Kel. Menteng, Kec. Coblong, Tangerang, Bali, 77932.","[{""start"": 25, ""end"": 117, ""label"": ""ADR""}]"
INFLASI TAHUNAN TURUN KE LEVEL TERENDAH.,[]
Surat dari drh. Bimo Prakoso membahas rencana terkait APBN 2025.,"[{""start"": 11, ""end"": 28, ""label"": ""PER""}]"
"Menurut Scarlett Johansson, PBB perlu dievaluasi ulang.","[{""start"": 8, ""end"": 26, ""label"": ""PER""}]"
"Kost berada di Jalan Ahmad Yani, Palembang.","[{""start"": 15, ""end"": 42, ""label"": ""ADR""}]"
Mereka mulai terlihat sejak dini hari.,[]
Laporan tersebut telah dikirimkan langsung ke meja Isyana Sarasvati.,"[{""start"": 51, ""end"": 67, ""label"": ""PER""}]"
JEAN-PIERRE DUBOIS TINGGAL DI YTH. BAPAK/IBU SEJAK TAHUN LALU.,"[{""start"": 0, ""end"": 18, ""label"": ""PER""}]"
Proyek ini dipimpin langsung oleh Leonardo DiCaprio.,"[{""start"": 34, ""end"": 51, ""label"": ""PER""}]"
B.J. HABIBIE RESMI MENJABAT SEBAGAI GUBERNUR DKI JAKARTA MULAI BULAN DEPAN.,"[{""start"": 0, ""end"": 12, ""label"": ""PER""}]"
"Kapolri, Gatot Subroto, meresmikan acara tersebut.","[{""start"": 9, ""end"": 22, ""label"": ""PER""}]"
"Silakan kirim paket ke Gg. Cendrawasih No. 175B, RT 09/RW 17, Kel. Antapani, Semarang.","[{""start"": 23, ""end"": 85, ""label"": ""ADR""}]"
"EKO, SELAKU KEPALA SEKOLAH, HADIR DALAM KONFERENSI PERS.","[{""start"": 0, ""end"": 3, ""label"": ""PER""}]"
Nomor kontak yang bisa dihubungi adalah Depok.,[]
"Menurut Kim Jong-un dan Kolonel Inf. Rizky Ramadhan, kebijakan ini perlu direvisi.","[{""start"": 8, ""end"": 19, ""label"": ""PER""}, {""start"": 24, ""end"": 51, ""label"": ""PER""}]"
Kami sudah lama menetap di Denpasar.,[]
"Alamat saya di 387 Sunset Road, London, YF9 1FD, Inggris.","[{""start"": 15, ""end"": 56, ""label"": ""ADR""}]"
"Penerima: Jefferson, Tujuan: 375 Jefferson Drive, Singapura, 14590, Singapura","[{""start"": 10, ""end"": 19, ""label"": ""PER""}, {""start"": 29, ""end"": 77, ""label"": ""ADR""}]"
@tuangurubajang baru saja mengunggah foto liburannya.,"[{""start"": 1, ""end"": 15, ""label"": ""PER""}]"
Yang mulai terlihat sejak dini hari.,[]
"Rumah kost berada di 984 Victoria Boulevard, Toronto, Z5O 0S7, Kanada.","[{""start"": 21, ""end"": 69, ""label"": ""ADR""}]"
Banyak pihak yang setuju dengan analisis Winston Churchill mengenai krisis ekonomi.,"[{""start"": 41, ""end"": 58, ""label"": ""PER""}]"
Pihak kepolisian masih memeriksa Eko sebagai saksi utama.,"[{""start"": 33, ""end"": 36, ""label"": ""PER""}]"
Jangan lupa undang Sukaryo ke acara ulang tahun minggu depan.,"[{""start"": 19, ""end"": 26, ""label"": ""PER""}]"
Cut Nyak Dien bertemu dengan rekannya di Balikpapan.,"[{""start"": 0, ""end"": 13, ""label"": ""PER""}]"
"Ia baru saja pindah ke 419 King Road, Kuala Lumpur, Malaysia.","[{""start"": 23, ""end"": 60, ""label"": ""ADR""}]"
Pihak kepolisian masih memeriksa Tuan Guru Bajang sebagai saksi utama.,"[{""start"": 33, ""end"": 49, ""label"": ""PER""}]"
"Ia baru saja pindah ke Gg. Kebon Jeruk No. 61B, RT 17/RW 19, Kel. Sukajadi, Kec. Tegalsari, Tangerang, DI Yogyakarta, 29572.","[{""start"": 23, ""end"": 123, ""label"": ""ADR""}]"
"Paket untuk Diego Maradona dikirim ke Dusun Tegalrejo RT 08/RW 14, Desa Cibogo, Kec. Sukasari, Kab. Bogor.","[{""start"": 12, ""end"": 26, ""label"": ""PER""}, {""start"": 38, ""end"": 105, ""label"": ""ADR""}]"
Buku terbaru itu ditulis oleh Washington dan diterbitkan bulan lalu.,"[{""start"": 30, ""end"": 40, ""label"": ""PER""}]"
"Surat untuk Taylor Swift dialamatkan ke Gg. Anggrek No. 24B, RT 16/RW 10, Kel. Gubeng, Bekasi.","[{""start"": 12, ""end"": 24, ""label"": ""PER""}, {""start"": 40, ""end"": 93, ""label"": ""ADR""}]"
"Alif Santoso baru saja pindah ke Jalan Cempaka Putih, RT 08/RW 15, Kel. Cihapit, Bekasi.","[{""start"": 0, ""end"": 12, ""label"": ""PER""}, {""start"": 33, ""end"": 87, ""label"": ""ADR""}]"
"Menurut I Gusti Ngurah Rai, Semarang perlu dievaluasi ulang.","[{""start"": 8, ""end"": 26, ""label"": ""PER""}]"
"Di antara peserta terdapat Fitri, Bill Gates, Maria, dan McDonald.","[{""start"": 27, ""end"": 32, ""label"": ""PER""}, {""start"": 34, ""end"": 44, ""label"": ""PER""}, {""start"": 46, ""end"": 51, ""label"": ""PER""}, {""start"": 57, ""end"": 65, ""label"": ""PER""}]"
"Menurut Cristiano Ronaldo dan Agus, kebijakan ini perlu direvisi.","[{""start"": 8, ""end"": 25, ""label"": ""PER""}, {""start"": 30, ""end"": 34, ""label"": ""PER""}]"
"PROF. IR. BAMBANG PERMADI SOEMANTRI BRODJONEGORO, M.SC. RESMI MENJABAT SEBAGAI PERDANA MENTERI INGGRIS MULAI BULAN DEPAN.","[{""start"": 0, ""end"": 55, ""label"": ""PER""}]"
"Prof. Dr. Ing. B.J. Habibie, selaku Pembawa Acara, hadir dalam konferensi pers.","[{""start"": 0, ""end"": 27, ""label"": ""PER""}]"
Bunga semua diundang untuk hadir dalam acara tersebut.,[]
EKONOMI NASIONAL TUMBUH 5 PERSEN KUARTAL INI.,[]
Baik Prof. Emil Salim maupun Churchill belum memberikan komentar.,"[{""start"": 5, ""end"": 21, ""label"": ""PER""}, {""start"": 29, ""end"": 38, ""label"": ""PER""}]"
"Menurut Iwan Fals, ""keputusan ini sudah final.""","[{""start"": 8, ""end"": 17, ""label"": ""PER""}]"
Basuki Rahmat bertemu dengan rekannya di Meta.,"[{""start"": 0, ""end"": 13, ""label"": ""PER""}]"
"Rumah beliau berada di Gang Diponegoro No. 184, RT 12/RW 09, Kel. Sukajadi, Kec. Gubeng, Medan, Kalimantan Timur, 18680.","[{""start"": 23, ""end"": 119, ""label"": ""ADR""}]"
Menteri Luar Negeri sebelumnya adalah Nadiem Makarim.,"[{""start"": 38, ""end"": 52, ""label"": ""PER""}]"
@profirbambangpermadisoemantribrodjonegoromsc membagikan update terbaru di akunnya.,"[{""start"": 1, ""end"": 45, ""label"": ""PER""}]"
"Nama: Diponegoro, Alamat: Gang Merdeka No. 135, Semarang.","[{""start"": 6, ""end"": 16, ""label"": ""PER""}, {""start"": 26, ""end"": 56, ""label"": ""ADR""}]"
Acara tahunan itu selalu digelar di Tangerang.,[]
"Surat untuk Ahmad Dahlan dialamatkan ke 54 Baker Street, Tokyo, Jepang.","[{""start"": 12, ""end"": 24, ""label"": ""PER""}, {""start"": 40, ""end"": 70, ""label"": ""ADR""}]"
"Ia baru saja pindah ke Dusun Krajan RT 13/RW 02, Kel. Cihapit, Kec. Tegalsari, Kab. Bandung.","[{""start"": 23, ""end"": 91, ""label"": ""ADR""}]"
Jangan lupa undang Prabowo Subianto ke acara ulang tahun minggu depan.,"[{""start"": 19, ""end"": 35, ""label"": ""PER""}]"
Sergey Brin dan Prof. Emil Salim kompak hadir dalam acara itu.,"[{""start"": 0, ""end"": 11, ""label"": ""PER""}, {""start"": 16, ""end"": 32, ""label"": ""PER""}]"
Tuan Guru Bajang resmi menjabat sebagai Jaksa Agung mulai bulan depan.,"[{""start"": 0, ""end"": 16, ""label"": ""PER""}]"
Kemarin saya bertemu dengan Lisa di Jakarta.,"[{""start"": 28, ""end"": 32, ""label"": ""PER""}]"
Nomor kontak Jacinda Ardern bisa dihubungi melalui Kuala Lumpur.,"[{""start"": 13, ""end"": 27, ""label"": ""PER""}]"
Hakim Ketua Laksamana Muda TNI Sinar Adi menyampaikan pernyataan resmi kemarin.,"[{""start"": 12, ""end"": 40, ""label"": ""PER""}]"
Basuki Rahmat menghadiri rapat mengenai Universitas Indonesia pagi ini.,"[{""start"": 0, ""end"": 13, ""label"": ""PER""}]"
Pihak kepolisian masih memeriksa Kolonel Inf. Rizky Ramadhan sebagai saksi utama.,"[{""start"": 33, ""end"": 60, ""label"": ""PER""}]"
Ketua DPR RI Abdurrahman Wahid meresmikan acara tersebut.,"[{""start"": 13, ""end"": 30, ""label"": ""PER""}]"
Apakah benar Ebiet G. Ade akan datang ke konferensi besok?,"[{""start"": 13, ""end"": 25, ""label"": ""PER""}]"
John Doe adalah gubernur jawa barat.,"[{""start"": 0, ""end"": 8, ""label"": ""PER""}]"
Surat dari Diego Maradona membahas rencana terkait Semarang.,"[{""start"": 11, ""end"": 25, ""label"": ""PER""}]"
Roger Federer tinggal di Google sejak tahun lalu.,"[{""start"": 0, ""end"": 13, ""label"": ""PER""}]"
Imam Bonjol baru saja pindah dari Meta.,"[{""start"": 0, ""end"": 11, ""label"": ""PER""}]"
Gagasan yang dikemukakan oleh Rishi Sunak memicu perdebatan panjang.,"[{""start"": 30, ""end"": 41, ""label"": ""PER""}]"
"Kost berada di 570 Bridge Road, Toronto, Kanada.","[{""start"": 15, ""end"": 47, ""label"": ""ADR""}]"
"Nama Lengkap: Joe Taslim
Alamat: Jalan Kebon Jeruk No. 183, Malang.","[{""start"": 14, ""end"": 24, ""label"": ""PER""}, {""start"": 33, ""end"": 66, ""label"": ""ADR""}]"
"KEPALA SEKOLAH, SHAH RUKH KHAN, MERESMIKAN ACARA TERSEBUT.","[{""start"": 16, ""end"": 30, ""label"": ""PER""}]"
"NAMA: JEAN-LUC PICARD, ALAMAT: JALAN DIPONEGORO, RT 08/RW 13, KEL. GUBENG, SURABAYA.","[{""start"": 6, ""end"": 21, ""label"": ""PER""}, {""start"": 31, ""end"": 83, ""label"": ""ADR""}]"
"Menurut Kapolri Made Wirawan, S.H., M.H., kebijakan ini akan segera direvisi.","[{""start"": 16, ""end"": 40, ""label"": ""PER""}]"
"Penerima: Rudi, Tujuan: Jalan Mawar, RT 16/RW 05, Kel. Cihapit, Medan","[{""start"": 10, ""end"": 14, ""label"": ""PER""}, {""start"": 24, ""end"": 69, ""label"": ""ADR""}]"
"Menurut Made Wirawan, S.H., M.H., Yogyakarta perlu dievaluasi ulang.","[{""start"": 8, ""end"": 32, ""label"": ""PER""}]"
Surat itu dikirim oleh Sandiaga Uno di Tesla minggu lalu.,"[{""start"": 23, ""end"": 35, ""label"": ""PER""}]"
"KTP atas nama Raden Adjeng Kartini beralamat di Jalan Gatot Subroto No. 89A, RT 18/RW 05, Kel. Tegalsari, Kec. Coblong, Surabaya, DI Yogyakarta, 64377.","[{""start"": 14, ""end"": 34, ""label"": ""PER""}, {""start"": 48, ""end"": 150, ""label"": ""ADR""}]"
@andidjemma baru saja mengunggah foto liburannya.,"[{""start"": 1, ""end"": 11, ""label"": ""PER""}]"
BAIK KANJENG GUSTI PANGERAN ADIPATI ARYA MANGKUNEGARA IX MAUPUN ANNE-MARIE LAURENT BELUM MEMBERIKAN KOMENTAR.,"[{""start"": 5, ""end"": 56, ""label"": ""PER""}, {""start"": 64, ""end"": 82, ""label"": ""PER""}]"
Kemarin saya bertemu dengan Eko di Belitung.,"[{""start"": 28, ""end"": 31, ""label"": ""PER""}]"
"Penerima: I Gusti Ngurah Rai, Tujuan: Jl. Mangga Dua, RT 04/RW 09, Desa Cibogo, Kec. Buah Batu, Balikpapan, Kalimantan Timur, 91525","[{""start"": 10, ""end"": 28, ""label"": ""PER""}, {""start"": 38, ""end"": 131, ""label"": ""ADR""}]"
Rapat tersebut dihadiri oleh Kennedy dan Siti Aminah.,"[{""start"": 29, ""end"": 36, ""label"": ""PER""}, {""start"": 41, ""end"": 52, ""label"": ""PER""}]"
"KTP menunjukkan alamat di Gg. Mawar No. 64, Palembang.","[{""start"": 26, ""end"": 53, ""label"": ""ADR""}]"
Rapat tersebut dihadiri oleh Cak Lontong dan Ruud van Nistelrooy.,"[{""start"": 29, ""end"": 40, ""label"": ""PER""}, {""start"": 45, ""end"": 64, ""label"": ""PER""}]"
Apakah benar Ahmad Dhani akan datang ke konferensi besok?,"[{""start"": 13, ""end"": 24, ""label"": ""PER""}]"
"Mahatma Gandhi baru saja pindah ke Jalan Sudirman No. 146A, RT 16/RW 14, Kel. Antapani, Tangerang.","[{""start"": 0, ""end"": 14, ""label"": ""PER""}, {""start"": 35, ""end"": 97, ""label"": ""ADR""}]"
"""Terima kasih atas dukungannya,"" ucap Prof. Dr. Ing. B.J. Habibie sambil tersenyum.","[{""start"": 38, ""end"": 65, ""label"": ""PER""}]"
"Rapat dihadiri oleh Siti Aminah, Tuan Guru Bajang, Nyoman, dan Michael Jordan sore ini.","[{""start"": 20, ""end"": 31, ""label"": ""PER""}, {""start"": 33, ""end"": 49, ""label"": ""PER""}, {""start"": 51, ""end"": 57, ""label"": ""PER""}, {""start"": 63, ""end"": 77, ""label"": ""PER""}]"
Karya seni milik Kim Jong-un berhasil terjual dengan harga fantastis.,"[{""start"": 17, ""end"": 28, ""label"": ""PER""}]"
"Kantor kami beralamat di Jl. Flamboyan No. 178B, RT 01/RW 14, Kel. Gubeng, Kec. Buah Batu, Manado, DKI Jakarta, 69005.","[{""start"": 25, ""end"": 117, ""label"": ""ADR""}]"
"Jean-Luc Picard, selaku Menteri Luar Negeri, hadir dalam konferensi pers.","[{""start"": 0, ""end"": 15, ""label"": ""PER""}]"
Saya tinggal di Singapura sejak kecil.,[]
"Ia baru saja pindah ke Dusun Ngepoh RT 03/RW 19, Kel. Tegalsari, Kec. Tegalsari, Kab. Sleman.","[{""start"": 23, ""end"": 92, ""label"": ""ADR""}]"
"Hakim Ketua, Muhammad Ikbal, menyampaikan pernyataan resmi kemarin.","[{""start"": 13, ""end"": 27, ""label"": ""PER""}]"
Pihak kepolisian masih memeriksa Luhut Binsar Pandjaitan sebagai saksi utama.,"[{""start"": 33, ""end"": 56, ""label"": ""PER""}]"
"KTP atas nama Dedi Mulyadi beralamat di Gg. Imam Bonjol No. 29B, RT 11/RW 15, Kel. Menteng, Kec. Menteng, Malang, Sumatera Utara, 87991.","[{""start"": 14, ""end"": 26, ""label"": ""PER""}, {""start"": 40, ""end"": 135, ""label"": ""ADR""}]"
"Menurut Neymar Jr., Manado perlu dievaluasi ulang.","[{""start"": 8, ""end"": 18, ""label"": ""PER""}]"
"Rapat RT akan diadakan di Dusun Karangasem RT 08/RW 15, Kel. Menteng, Kec. Tegalsari, Kab. Sidoarjo.","[{""start"": 26, ""end"": 99, ""label"": ""ADR""}]"
Surat itu dikirim oleh Washington di 0812-3456-7890 minggu lalu.,"[{""start"": 23, ""end"": 33, ""label"": ""PER""}]"
Acara tersebut diselenggarakan di johndoe@example.com.,[]
"Paket untuk Yusril Ihza Mahendra, S.H., M.Sc. dikirim ke Gang Cemara No. 164B, Bogor.","[{""start"": 12, ""end"": 45, ""label"": ""PER""}, {""start"": 57, ""end"": 84, ""label"": ""ADR""}]"
"Ia baru saja pindah ke 953 Bridge Boulevard, Tokyo, Jepang.","[{""start"": 23, ""end"": 58, ""label"": ""ADR""}]"
Acara tersebut diselenggarakan di Indonesia.,[]
Saya tinggal di Toronto sejak kecil.,[]
François Hollande tinggal di 0812-3456-7890 sejak tahun lalu.,"[{""start"": 0, ""end"": 17, ""label"": ""PER""}]"
Saya tinggal di Balikpapan sejak kecil.,[]
"Menurut Wati, ""keputusan ini sudah final.""","[{""start"": 8, ""end"": 12, ""label"": ""PER""}]"
"Rumah kost berada di Gg. Cempaka Putih No. 16, Malang.","[{""start"": 21, ""end"": 53, ""label"": ""ADR""}]"
"Di antara peserta terdapat Sri Mulyani, Emmanuel Macron, Neymar Jr., dan Nyoman.","[{""start"": 27, ""end"": 38, ""label"": ""PER""}, {""start"": 40, ""end"": 55, ""label"": ""PER""}, {""start"": 57, ""end"": 67, ""label"": ""PER""}, {""start"": 73, ""end"": 79, ""label"": ""PER""}]"
@jacindaardern membagikan update terbaru di akunnya.,"[{""start"": 1, ""end"": 14, ""label"": ""PER""}]"
Kami hadir dalam acara itu belum dikonfirmasi panitia.,[]
"Kapolri, Boediono, menyampaikan pernyataan resmi kemarin.","[{""start"": 9, ""end"": 17, ""label"": ""PER""}]"
Mereka bukan bagian dari agenda rapat kali ini.,[]
Buku terbaru itu ditulis oleh Ustadzah Oki Setiana Dewi dan diterbitkan bulan lalu.,"[{""start"": 30, ""end"": 55, ""label"": ""PER""}]"
"Menurut Drs. Muhammad Yamin, Belanda perlu dievaluasi ulang.","[{""start"": 8, ""end"": 27, ""label"": ""PER""}]"
"Rumah kost berada di Gg. Merdeka, RT 18/RW 07, Kel. Menteng, Kec. Sukasari, Balikpapan, Kalimantan Timur, 97968.","[{""start"": 21, ""end"": 111, ""label"": ""ADR""}]"
Erick Thohir dan Boris Johnson kompak hadir dalam acara itu.,"[{""start"": 0, ""end"": 12, ""label"": ""PER""}, {""start"": 17, ""end"": 30, ""label"": ""PER""}]"
"Rina menegaskan, ""kami akan terus berusaha.""","[{""start"": 0, ""end"": 4, ""label"": ""PER""}]"
KEMARIN BILL GATES MEMBAHAS UNIVERSITAS INDONESIA BERSAMA TIMNYA.,"[{""start"": 8, ""end"": 18, ""label"": ""PER""}]"
"Peserta pelatihan meliputi Martin Luther King Jr., Elon Musk, dan Dewi Anggraini, S.Psi., Psikolog dari kantor cabang.","[{""start"": 27, ""end"": 49, ""label"": ""PER""}, {""start"": 51, ""end"": 60, ""label"": ""PER""}, {""start"": 66, ""end"": 98, ""label"": ""PER""}]"
"""Ini adalah langkah yang tepat,"" tutur Boris Johnson kepada wartawan.","[{""start"": 39, ""end"": 52, ""label"": ""PER""}]"
Rapat tersebut dihadiri oleh Aji Masaid dan Kyai Haji Hasyim Asy'ari.,"[{""start"": 29, ""end"": 39, ""label"": ""PER""}, {""start"": 44, ""end"": 68, ""label"": ""PER""}]"
"Franklin D. Roosevelt, Shinzo Abe, serta Laksamana Muda TNI Sinar Adi kompak hadir dalam acara itu.","[{""start"": 0, ""end"": 21, ""label"": ""PER""}, {""start"": 23, ""end"": 33, ""label"": ""PER""}, {""start"": 41, ""end"": 69, ""label"": ""PER""}]"
"Penerima: Rudi, Tujuan: 962 Sunset Street, Tokyo, 23781, Jepang","[{""start"": 10, ""end"": 14, ""label"": ""PER""}, {""start"": 24, ""end"": 63, ""label"": ""ADR""}]"
"Rapat RT akan diadakan di Jl. Diponegoro No. 199, RT 03/RW 11, Kel. Sukajadi, Kec. Coblong, Manado, Bali, 72523.","[{""start"": 26, ""end"": 111, ""label"": ""ADR""}]"
"Dalam konferensi persnya, Cristiano Ronaldo menolak memberikan komentar.","[{""start"": 26, ""end"": 43, ""label"": ""PER""}]"
"Kapolri, Prabowo Subianto, meresmikan acara tersebut.","[{""start"": 9, ""end"": 25, ""label"": ""PER""}]"
"Yang hadir dalam pertemuan itu adalah Andi Djemma, Iko Uwais, dan Eko.","[{""start"": 38, ""end"": 49, ""label"": ""PER""}, {""start"": 51, ""end"": 60, ""label"": ""PER""}, {""start"": 66, ""end"": 69, ""label"": ""PER""}]"
Justin Trudeau bertemu dengan rekannya di Universitas Diponegoro.,"[{""start"": 0, ""end"": 14, ""label"": ""PER""}]"
BANJIR BESAR RENDAM RIBUAN RUMAH DI PESISIR.,[]
"Volodymyr Zelenskyy menegaskan, ""kami akan terus berusaha.""","[{""start"": 0, ""end"": 19, ""label"": ""PER""}]"
Pramoedya Ananta Toer baru saja pindah dari Yogyakarta.,"[{""start"": 0, ""end"": 21, ""label"": ""PER""}]"
"Menurut Vladimir Putin, ""keputusan ini sudah final.""","[{""start"": 8, ""end"": 22, ""label"": ""PER""}]"
Penyanyi Lincoln meresmikan acara tersebut.,"[{""start"": 9, ""end"": 16, ""label"": ""PER""}]"
"Ia baru saja pindah ke 37 Bridge Road, Tokyo, Jepang.","[{""start"": 23, ""end"": 52, ""label"": ""ADR""}]"
Jangan lupa follow @yasonnalaoly untuk info terkini.,"[{""start"": 20, ""end"": 32, ""label"": ""PER""}]"
"Mereka, menurut laporan itu, akan segera diperbarui.",[]
Budi bekerja di Belanda.,"[{""start"": 0, ""end"": 4, ""label"": ""PER""}]"
Pihak kepolisian masih memeriksa Greysia Polii sebagai saksi utama.,"[{""start"": 33, ""end"": 46, ""label"": ""PER""}]"
"Rumah beliau berada di Gang Sudirman No. 57A, RT 16/RW 14, Kel. Gubeng, Malang.","[{""start"": 23, ""end"": 78, ""label"": ""ADR""}]"
Saya tinggal di Manado sejak kecil.,[]
"Rapat dihadiri oleh Tigor Silaban, Made, Ahmad, dan Dini Imaniar sore ini.","[{""start"": 20, ""end"": 33, ""label"": ""PER""}, {""start"": 35, ""end"": 39, ""label"": ""PER""}, {""start"": 41, ""end"": 46, ""label"": ""PER""}, {""start"": 52, ""end"": 64, ""label"": ""PER""}]"
Mawar berada di lokasi yang sudah ditentukan.,[]
Dokumen itu merujuk pada COVID-19.,[]
Baik Anthony Albanese maupun Emmanuel Macron belum memberikan komentar.,"[{""start"": 5, ""end"": 21, ""label"": ""PER""}, {""start"": 29, ""end"": 44, ""label"": ""PER""}]"
"Rumah beliau berada di Jl. Imam Bonjol No. 89A, RT 13/RW 15, Kel. Sukajadi, Malang.","[{""start"": 23, ""end"": 82, ""label"": ""ADR""}]"
@SRISULTANHAMENGKUBUWONOX BARU SAJA MENGUNGGAH FOTO LIBURANNYA.,"[{""start"": 1, ""end"": 25, ""label"": ""PER""}]"
Banyak pihak yang setuju dengan analisis Wahyu mengenai krisis ekonomi.,"[{""start"": 41, ""end"": 46, ""label"": ""PER""}]"
@beyonc baru saja mengunggah foto liburannya.,"[{""start"": 1, ""end"": 7, ""label"": ""PER""}]"
"""Saya akan segera berangkat,"" ujar Fajar Nugraha.","[{""start"": 35, ""end"": 48, ""label"": ""PER""}]"
WAHYU MENGHADIRI RAPAT MENGENAI PT ASTRA INTERNATIONAL PAGI INI.,"[{""start"": 0, ""end"": 5, ""label"": ""PER""}]"
Yang mulai terlihat sejak dini hari.,[]
Pembawa Acara Raden Mas Soewardi Suryaningrat meresmikan acara tersebut.,"[{""start"": 14, ""end"": 45, ""label"": ""PER""}]"
Mawar bukan bagian dari agenda rapat kali ini.,[]
Nomor kontak yang bisa dihubungi adalah Brazil.,[]
"Dini Imaniar baru saja pindah ke Jl. Rajawali, RT 08/RW 08, Kel. Gubeng, Medan.","[{""start"": 0, ""end"": 12, ""label"": ""PER""}, {""start"": 33, ""end"": 78, ""label"": ""ADR""}]"
Jangan lupa follow @tuangurubajang untuk info terkini.,"[{""start"": 20, ""end"": 34, ""label"": ""PER""}]"
Proyek ini dipimpin langsung oleh Budi.,"[{""start"": 34, ""end"": 38, ""label"": ""PER""}]"
Marie Curie berangkat ke kantor pagi ini.,"[{""start"": 0, ""end"": 11, ""label"": ""PER""}]"
Karya seni milik Iko Uwais berhasil terjual dengan harga fantastis.,"[{""start"": 17, ""end"": 26, ""label"": ""PER""}]"
Kobe Bryant dan Albert Einstein kompak hadir dalam acara itu.,"[{""start"": 0, ""end"": 11, ""label"": ""PER""}, {""start"": 16, ""end"": 31, ""label"": ""PER""}]"
"""Ini adalah langkah yang tepat,"" tutur Lestari kepada wartawan.","[{""start"": 39, ""end"": 46, ""label"": ""PER""}]"
Surat itu dikirim oleh Letjen (Purn) Prabowo Subianto di Paris minggu lalu.,"[{""start"": 23, ""end"": 53, ""label"": ""PER""}]"
"Cristiano Ronaldo tinggal di Gg. Sudirman No. 186, RT 13/RW 16, Kel. Antapani, Balikpapan.","[{""start"": 0, ""end"": 17, ""label"": ""PER""}, {""start"": 29, ""end"": 89, ""label"": ""ADR""}]"
"Nama: Kennedy, Alamat: 950 Orchard Drive, Seoul, 57324, Korea Selatan.","[{""start"": 6, ""end"": 13, ""label"": ""PER""}, {""start"": 23, ""end"": 69, ""label"": ""ADR""}]"
"Rumah beliau berada di Gang Rajawali, Semarang.","[{""start"": 23, ""end"": 46, ""label"": ""ADR""}]"
Penghargaan Nobel tahun ini jatuh kepada Dini Imaniar atas dedikasinya.,"[{""start"": 41, ""end"": 53, ""label"": ""PER""}]"
"Ia baru saja pindah ke Perumahan Bukit Indah Blok B7 No. 20, Jakarta.","[{""start"": 23, ""end"": 68, ""label"": ""ADR""}]"
Laporan tersebut telah dikirimkan langsung ke meja Ebiet G. Ade.,"[{""start"": 51, ""end"": 63, ""label"": ""PER""}]"
"Sukaryo, Siti Aminah, serta Joko Widodo kompak hadir dalam acara itu.","[{""start"": 0, ""end"": 7, ""label"": ""PER""}, {""start"": 9, ""end"": 20, ""label"": ""PER""}, {""start"": 28, ""end"": 39, ""label"": ""PER""}]"
Gusti Kanjeng Ratu Hemas resmi menjabat sebagai Penyanyi mulai bulan depan.,"[{""start"": 0, ""end"": 24, ""label"": ""PER""}]"
"Sesuai catatan sipil, domisili tercatat di 54 Bridge Road, Los Angeles, Amerika Serikat.","[{""start"": 43, ""end"": 87, ""label"": ""ADR""}]"
"Rumah beliau berada di 304 Park Lane, Tokyo, Jepang.","[{""start"": 23, ""end"": 51, ""label"": ""ADR""}]"
"Rumah beliau berada di Jalan Mangga Dua No. 182A, RT 20/RW 03, Kel. Tegalsari, Kec. Sukasari, Semarang, Jawa Barat, 25007.","[{""start"": 23, ""end"": 121, ""label"": ""ADR""}]"
MEREKA MULAI TERLIHAT SEJAK DINI HARI.,[]
New York baru saja merilis laporan tahunan.,[]
Tolong sampaikan pesan ini kepada Angela Merkel secepatnya.,"[{""start"": 34, ""end"": 47, ""label"": ""PER""}]"
LONDON BARU SAJA MERILIS LAPORAN TAHUNAN.,[]
"Panitia mengundang Diego Maradona, Prof. Dr. Anies Baswedan, M.P.P., Lincoln, dan Beyoncé sebagai narasumber.","[{""start"": 19, ""end"": 33, ""label"": ""PER""}, {""start"": 35, ""end"": 67, ""label"": ""PER""}, {""start"": 69, ""end"": 76, ""label"": ""PER""}, {""start"": 82, ""end"": 89, ""label"": ""PER""}]"
"Sesuai catatan sipil, domisili tercatat di 77 Churchill Street, Toronto, Kanada.","[{""start"": 43, ""end"": 79, ""label"": ""ADR""}]"
"Paket untuk Joe Biden dikirim ke Gang Basuki Rahmat No. 80B, RT 08/RW 06, Desa Sukamaju, Kec. Cimahi Utara, Bekasi, Sulawesi Selatan, 64399.","[{""start"": 12, ""end"": 21, ""label"": ""PER""}, {""start"": 33, ""end"": 139, ""label"": ""ADR""}]"
Fajar semua diundang untuk hadir dalam acara tersebut.,[]
"Kost berada di Gg. Diponegoro No. 162A, Depok.","[{""start"": 15, ""end"": 45, ""label"": ""ADR""}]"
Proyek ini dipimpin langsung oleh Imam Bonjol.,"[{""start"": 34, ""end"": 45, ""label"": ""PER""}]"
"Nama: Xi Jinping, Alamat: Apartemen Gading Nias Residences Tower Mawar Lantai 15, Yogyakarta.","[{""start"": 6, ""end"": 16, ""label"": ""PER""}, {""start"": 26, ""end"": 92, ""label"": ""ADR""}]"
Proyek ini dipimpin langsung oleh B.J. Habibie.,"[{""start"": 34, ""end"": 46, ""label"": ""PER""}]"
"Sesuai catatan sipil, domisili tercatat di Dusun Tegalrejo RT 17/RW 02, Kel. Tegalsari, Kec. Gubeng, Kab. Sleman.","[{""start"": 43, ""end"": 112, ""label"": ""ADR""}]"
"Rektor Universitas Indonesia, Anggun C. Sasmi, menyampaikan pernyataan resmi kemarin.","[{""start"": 30, ""end"": 45, ""label"": ""PER""}]"
"Menurut Warren Buffett dan Muhammad Ikbal, kebijakan ini perlu direvisi.","[{""start"": 8, ""end"": 22, ""label"": ""PER""}, {""start"": 27, ""end"": 41, ""label"": ""PER""}]"
"Rumah kost berada di 215 Bridge Drive, Singapura, 82486, Singapura.","[{""start"": 21, ""end"": 66, ""label"": ""ADR""}]"
Pihak kepolisian masih memeriksa K.H. Ma'ruf Amin sebagai saksi utama.,"[{""start"": 33, ""end"": 49, ""label"": ""PER""}]"
KAMI SUDAH LAMA MENETAP DI TOKYO.,[]
Halo semua diundang untuk hadir dalam acara tersebut.,[]
SAYA PUNYA SAUDARA DI JAKARTA NAMANYA CUT NYAK DIEN.,"[{""start"": 38, ""end"": 51, ""label"": ""PER""}]"
Rapat tersebut dihadiri oleh Wayan dan Andi Djemma.,"[{""start"": 29, ""end"": 34, ""label"": ""PER""}, {""start"": 39, ""end"": 50, ""label"": ""PER""}]"
"Elon Musk menegaskan, ""kami akan terus berusaha.""","[{""start"": 0, ""end"": 9, ""label"": ""PER""}]"
"Perdana Menteri Inggris, Dian, menyampaikan pernyataan resmi kemarin.","[{""start"": 25, ""end"": 29, ""label"": ""PER""}]"
PROYEK INI DIPIMPIN LANGSUNG OLEH R.M. SAID PRAWIROSOEDIRDJO.,"[{""start"": 34, ""end"": 60, ""label"": ""PER""}]"
"Ia baru saja pindah ke Gang Gatot Subroto, RT 19/RW 07, Desa Sukamaju, Bekasi.","[{""start"": 23, ""end"": 77, ""label"": ""ADR""}]"
CEO Tesla Diponegoro menyampaikan pernyataan resmi kemarin.,"[{""start"": 10, ""end"": 20, ""label"": ""PER""}]"
"Yang, menurut laporan itu, akan segera diperbarui.",[]
"""Belanda adalah prioritas kita,"" kata Gatot Subroto.","[{""start"": 38, ""end"": 51, ""label"": ""PER""}]"
Yang bukan bagian dari agenda rapat kali ini.,[]
Kami mulai terlihat sejak dini hari.,[]
Kapolri Xi Jinping menyampaikan pernyataan resmi kemarin.,"[{""start"": 8, ""end"": 18, ""label"": ""PER""}]"
"Rapat RT akan diadakan di Dusun Krajan RT 09/RW 04, Kel. Tegalsari, Kec. Buah Batu, Kab. Sidoarjo.","[{""start"": 26, ""end"": 97, ""label"": ""ADR""}]"
"Menurut Alif Santoso, Malang perlu dievaluasi ulang.","[{""start"": 8, ""end"": 20, ""label"": ""PER""}]"
"Menurut Pembawa Acara Eko, kebijakan ini akan segera direvisi.","[{""start"": 22, ""end"": 25, ""label"": ""PER""}]"
Hakim Ketua Jacinda Ardern menyampaikan pernyataan resmi kemarin.,"[{""start"": 12, ""end"": 26, ""label"": ""PER""}]"
Vladimir Putin baru saja pindah dari Semarang.,"[{""start"": 0, ""end"": 14, ""label"": ""PER""}]"
"Menteri Luar Negeri, Imam Bonjol, meresmikan acara tersebut.","[{""start"": 21, ""end"": 32, ""label"": ""PER""}]"
"Menurut Lincoln, ""keputusan ini sudah final.""","[{""start"": 8, ""end"": 15, ""label"": ""PER""}]"
Wayan bertemu dengan rekannya di New York.,"[{""start"": 0, ""end"": 5, ""label"": ""PER""}]"
Jangan lupa follow @johndoe untuk info terkini.,"[{""start"": 20, ""end"": 27, ""label"": ""PER""}]"
"Surat untuk Diponegoro dialamatkan ke Dusun Karangasem RT 14/RW 06, Kel. Menteng, Kec. Sukasari, Kab. Cirebon.","[{""start"": 12, ""end"": 22, ""label"": ""PER""}, {""start"": 38, ""end"": 109, ""label"": ""ADR""}]"
"Panitia mengundang Muhammad Hasan Sadikin, Shah Rukh Khan, Sri Mulyani, dan Abdurrahman Wahid sebagai narasumber.","[{""start"": 19, ""end"": 41, ""label"": ""PER""}, {""start"": 43, ""end"": 57, ""label"": ""PER""}, {""start"": 59, ""end"": 70, ""label"": ""PER""}, {""start"": 76, ""end"": 93, ""label"": ""PER""}]"
MAWAR BERADA DI LOKASI YANG SUDAH DITENTUKAN.,[]
Halo mekar dengan indah di taman setiap pagi.,[]
"Rumah kost berada di Gang Ahmad Yani, RT 01/RW 20, Desa Sukamaju, Medan.","[{""start"": 21, ""end"": 71, ""label"": ""ADR""}]"
Proyek ini dipimpin langsung oleh Vladimir Putin.,"[{""start"": 34, ""end"": 48, ""label"": ""PER""}]"
"KTP menunjukkan alamat di Perumahan Griya Asri Blok C12 No. 22, Yogyakarta.","[{""start"": 26, ""end"": 74, ""label"": ""ADR""}]"
"Tim tersebut beranggotakan Fatima binti Muhammad, Drs. Muhammad Yamin, Wati, dan Anies Baswedan.","[{""start"": 27, ""end"": 48, ""label"": ""PER""}, {""start"": 50, ""end"": 69, ""label"": ""PER""}, {""start"": 71, ""end"": 75, ""label"": ""PER""}, {""start"": 81, ""end"": 95, ""label"": ""PER""}]"
"Rumah kost berada di Gang Melati No. 82, RT 20/RW 03, Kel. Sukajadi, Kec. Gubeng, Bogor, Jawa Barat, 76145.","[{""start"": 21, ""end"": 106, ""label"": ""ADR""}]"
"""Saya akan segera berangkat,"" ujar Dr. Andi Wijaya, Sp.PD.","[{""start"": 35, ""end"": 57, ""label"": ""PER""}]"
Kami sudah lama menetap di Bandung.,[]
"Nama: Cristiano Ronaldo, Alamat: Dusun Ngepoh RT 16/RW 15, Kel. Cihapit, Kec. Buah Batu, Kab. Bandung.","[{""start"": 6, ""end"": 23, ""label"": ""PER""}, {""start"": 33, ""end"": 101, ""label"": ""ADR""}]"
"Silakan kirim paket ke Dusun Tegalrejo RT 20/RW 03, Desa Cibogo, Kec. Sukasari, Kab. Malang.","[{""start"": 23, ""end"": 91, ""label"": ""ADR""}]"
"RUMAH KOST BERADA DI DUSUN TEGALREJO RT 09/RW 20, KEL. SUKAJADI, KEC. TEGALSARI, KAB. BOGOR.","[{""start"": 21, ""end"": 91, ""label"": ""ADR""}]"
"Bambang Permadi Soemantri Brodjonegoro, M.Sc. baru saja pindah dari UU No. 8 Tahun 1999.","[{""start"": 0, ""end"": 45, ""label"": ""PER""}]"
"McDonald menegaskan, ""kami akan terus berusaha.""","[{""start"": 0, ""end"": 8, ""label"": ""PER""}]"
Acara tahunan itu selalu digelar di Bogor.,[]
@AHMADDHANI MEMBAGIKAN UPDATE TERBARU DI AKUNNYA.,"[{""start"": 1, ""end"": 11, ""label"": ""PER""}]"
Kantor cabang baru akan dibuka di Paris.,[]
Gagasan yang dikemukakan oleh Basuki Rahmat memicu perdebatan panjang.,"[{""start"": 30, ""end"": 43, ""label"": ""PER""}]"
"""Ini adalah langkah yang tepat,"" tutur Muhammad Ikbal kepada wartawan.","[{""start"": 39, ""end"": 53, ""label"": ""PER""}]"
"PENERIMA: HJ. SITI FATIMAH, TUJUAN: GG. MELATI NO. 7, RT 18/RW 04, KEL. SUKAJADI, KEC. SUKASARI, PALEMBANG, SULAWESI SELATAN, 11235","[{""start"": 10, ""end"": 26, ""label"": ""PER""}, {""start"": 36, ""end"": 131, ""label"": ""ADR""}]"
Jean-Luc Picard adalah salah satu tokoh penting dalam sejarah.,"[{""start"": 0, ""end"": 15, ""label"": ""PER""}]"
"Nama Lengkap: Kanjeng Gusti Pangeran Adipati Arya Mangkunegara IX
Alamat: Gg. Cendrawasih No. 54B, Denpasar.","[{""start"": 14, ""end"": 65, ""label"": ""PER""}, {""start"": 74, ""end"": 107, ""label"": ""ADR""}]"
"Di antara peserta terdapat Ahmad Dahlan, Martin Luther King Jr., Usain Bolt, dan Raisa Andriana.","[{""start"": 27, ""end"": 39, ""label"": ""PER""}, {""start"": 41, ""end"": 63, ""label"": ""PER""}, {""start"": 65, ""end"": 75, ""label"": ""PER""}, {""start"": 81, ""end"": 95, ""label"": ""PER""}]"
Banyak pihak yang setuju dengan analisis R.A. Kartini mengenai krisis ekonomi.,"[{""start"": 41, ""end"": 53, ""label"": ""PER""}]"
"Bambang Pamungkas tinggal di Perumahan Bukit Indah Blok E9 No. 3, Semarang.","[{""start"": 0, ""end"": 17, ""label"": ""PER""}, {""start"": 29, ""end"": 74, ""label"": ""ADR""}]"
"Rumah beliau berada di Gang Rajawali, Palembang.","[{""start"": 23, ""end"": 47, ""label"": ""ADR""}]"
"Silakan kirim paket ke Jalan Cendrawasih No. 126A, RT 20/RW 03, Desa Cibogo, Kec. Coblong, Bogor, Bali, 15066.","[{""start"": 23, ""end"": 109, ""label"": ""ADR""}]"
CUACA EKSTREM DIPERKIRAKAN LANDA JAKARTA PEKAN INI.,[]
"Rumah kost berada di Dusun Wonosari RT 11/RW 15, Kel. Gubeng, Kec. Tegalsari, Kab. Malang.","[{""start"": 21, ""end"": 89, ""label"": ""ADR""}]"
Kemarin mobilnya Nita mogok di jalan tol.,"[{""start"": 17, ""end"": 21, ""label"": ""PER""}]"
"Menteri Keuangan RI, Shah Rukh Khan, meresmikan acara tersebut.","[{""start"": 21, ""end"": 35, ""label"": ""PER""}]"
"KANTOR KAMI BERALAMAT DI GANG CEMARA, RT 11/RW 11, KEL. TEGALSARI, KEC. TEGALSARI, PALEMBANG, BALI, 66889.","[{""start"": 25, ""end"": 105, ""label"": ""ADR""}]"
Rapat dewan direksi besok akan dipimpin oleh Michael Phelps.,"[{""start"": 45, ""end"": 59, ""label"": ""PER""}]"
Pramoedya Ananta Toer dan Joe Taslim kompak hadir dalam acara itu.,"[{""start"": 0, ""end"": 21, ""label"": ""PER""}, {""start"": 26, ""end"": 36, ""label"": ""PER""}]"
Kantor pusatnya berlokasi di PBB.,[]
"Nama: Yasonna Laoly, Alamat: Gang Basuki Rahmat, Depok.","[{""start"": 6, ""end"": 19, ""label"": ""PER""}, {""start"": 29, ""end"": 54, ""label"": ""ADR""}]"
"Rumah kost berada di Dusun Krajan RT 05/RW 15, Kel. Antapani, Kec. Sukasari, Kab. Cirebon.","[{""start"": 21, ""end"": 89, ""label"": ""ADR""}]"
Atlet hadir dalam acara itu belum dikonfirmasi panitia.,[]
Surat dari Michael McDonald membahas rencana terkait Korea.,"[{""start"": 11, ""end"": 27, ""label"": ""PER""}]"
Ahmad Dahlan bekerja di Surabaya.,"[{""start"": 0, ""end"": 12, ""label"": ""PER""}]"
Kemarin Cristiano Ronaldo membahas Yayasan Ahmad Dahlan bersama timnya.,"[{""start"": 8, ""end"": 25, ""label"": ""PER""}]"
"Menurut Steve Jobs dan Dian Sastrowardoyo, kebijakan ini perlu direvisi.","[{""start"": 8, ""end"": 18, ""label"": ""PER""}, {""start"": 23, ""end"": 41, ""label"": ""PER""}]"
"Nama: Sari, Alamat: Jalan Ahmad Dahlan No. 143A, RT 04/RW 15, Kel. Cihapit, Kec. Sukasari, Denpasar, Jawa Tengah, 78149.","[{""start"": 6, ""end"": 10, ""label"": ""PER""}, {""start"": 20, ""end"": 119, ""label"": ""ADR""}]"
"Panitia mengundang Rangga Pratama, S.Kom., M.Kom., Gus Miftah, dan Priyanka Chopra sebagai narasumber.","[{""start"": 19, ""end"": 49, ""label"": ""PER""}, {""start"": 51, ""end"": 61, ""label"": ""PER""}, {""start"": 67, ""end"": 82, ""label"": ""PER""}]"
Acara tahunan itu selalu digelar di Sydney.,[]
"MENURUT HAKIM KETUA SRI SULTAN HAMENGKUBUWONO X, KEBIJAKAN INI AKAN SEGERA DIREVISI.","[{""start"": 20, ""end"": 47, ""label"": ""PER""}]"
"KTP ATAS NAMA GUS MIFTAH BERALAMAT DI JL. MERDEKA NO. 191, RT 09/RW 20, DESA CIBOGO, KEC. SUKASARI, BALIKPAPAN, JAWA BARAT, 49256.","[{""start"": 14, ""end"": 24, ""label"": ""PER""}, {""start"": 38, ""end"": 129, ""label"": ""ADR""}]"
Bunga hadir dalam acara itu belum dikonfirmasi panitia.,[]
"Menurut Jaksa Agung O'Brien, kebijakan ini akan segera direvisi.","[{""start"": 20, ""end"": 27, ""label"": ""PER""}]"
Kantor pusatnya berlokasi di RS Siloam.,[]
"Panitia mengundang Prof. Dr. Anies Baswedan, M.P.P., Retno Marsudi, dan Muhammad Hasan Sadikin sebagai narasumber.","[{""start"": 19, ""end"": 51, ""label"": ""PER""}, {""start"": 53, ""end"": 66, ""label"": ""PER""}, {""start"": 72, ""end"": 94, ""label"": ""PER""}]"
@nyoman baru saja mengunggah foto liburannya.,"[{""start"": 1, ""end"": 7, ""label"": ""PER""}]"
"Di antara peserta terdapat Sari, Irfan Hakim, Kamala Harris, dan Barack Obama.","[{""start"": 27, ""end"": 31, ""label"": ""PER""}, {""start"": 33, ""end"": 44, ""label"": ""PER""}, {""start"": 46, ""end"": 59, ""label"": ""PER""}, {""start"": 65, ""end"": 77, ""label"": ""PER""}]"
"MENURUT REKTOR UNIVERSITAS INDONESIA IMAM BONJOL, KEBIJAKAN INI AKAN SEGERA DIREVISI.","[{""start"": 37, ""end"": 48, ""label"": ""PER""}]"
Acara tahunan itu selalu digelar di Sydney.,[]
@imambonjol baru saja mengunggah foto liburannya.,"[{""start"": 1, ""end"": 11, ""label"": ""PER""}]"
"Nama: Greysia Polii, Alamat: Gg. Cendrawasih, Palembang.","[{""start"": 6, ""end"": 19, ""label"": ""PER""}, {""start"": 29, ""end"": 55, ""label"": ""ADR""}]"
"KTP menunjukkan alamat di Jalan Rajawali No. 187, Bekasi.","[{""start"": 26, ""end"": 56, ""label"": ""ADR""}]"
Direktur Utama Marie Curie menyampaikan pernyataan resmi kemarin.,"[{""start"": 15, ""end"": 26, ""label"": ""PER""}]"
"""INI ADALAH LANGKAH YANG TEPAT,"" TUTUR LEBRON JAMES KEPADA WARTAWAN.","[{""start"": 39, ""end"": 51, ""label"": ""PER""}]"
Fajar mekar dengan indah di taman setiap pagi.,[]
"Paket untuk Jacinda Ardern dikirim ke Gg. Cemara No. 134A, RT 19/RW 07, Kel. Antapani, Kec. Sukasari, Bogor, Kalimantan Timur, 94123.","[{""start"": 12, ""end"": 26, ""label"": ""PER""}, {""start"": 38, ""end"": 132, ""label"": ""ADR""}]"
"Angela Merkel baru saja pindah ke Jalan Rajawali, Surabaya.","[{""start"": 0, ""end"": 13, ""label"": ""PER""}, {""start"": 34, ""end"": 58, ""label"": ""ADR""}]"
"MAHATMA GANDHI BARU SAJA PINDAH KE GANG CEMARA NO. 3A, RT 01/RW 11, KEL. SUKAJADI, MANADO.","[{""start"": 0, ""end"": 14, ""label"": ""PER""}, {""start"": 35, ""end"": 89, ""label"": ""ADR""}]"
"Penerima: Emmanuel Macron, Tujuan: Perumahan Grand Wisata Blok C6 No. 47, Medan","[{""start"": 10, ""end"": 25, ""label"": ""PER""}, {""start"": 35, ""end"": 79, ""label"": ""ADR""}]"
Kami semua diundang untuk hadir dalam acara tersebut.,[]
Pelukis Fajar menyampaikan pernyataan resmi kemarin.,"[{""start"": 8, ""end"": 13, ""label"": ""PER""}]"
IA BARU SAJA PINDAH KE SEOUL.,[]
"""Ini adalah langkah yang tepat,"" tutur Donald Trump kepada wartawan.","[{""start"": 39, ""end"": 51, ""label"": ""PER""}]"
Tolong sampaikan pesan ini kepada Ridwan Kamil secepatnya.,"[{""start"": 34, ""end"": 46, ""label"": ""PER""}]"
"RUMAH BELIAU BERADA DI JALAN MERDEKA NO. 69, BALIKPAPAN.","[{""start"": 23, ""end"": 55, ""label"": ""ADR""}]"
Kepala Sekolah Erick Thohir menyampaikan pernyataan resmi kemarin.,"[{""start"": 15, ""end"": 27, ""label"": ""PER""}]"
Apakah benar Prof. Dr. dr. Zubairi Djoerban akan datang ke konferensi besok?,"[{""start"": 13, ""end"": 43, ""label"": ""PER""}]"
"""Kementerian Keuangan adalah prioritas kita,"" kata Prof. Dr. dr. Zubairi Djoerban.","[{""start"": 51, ""end"": 81, ""label"": ""PER""}]"
CUACA EKSTREM DIPERKIRAKAN LANDA JAKARTA PEKAN INI.,[]
Jangan lupa follow @sudirman untuk info terkini.,"[{""start"": 20, ""end"": 28, ""label"": ""PER""}]"
"Peserta pelatihan meliputi Jefferson, drg. Maya Kusuma, dan Boris Johnson dari kantor cabang.","[{""start"": 27, ""end"": 36, ""label"": ""PER""}, {""start"": 38, ""end"": 54, ""label"": ""PER""}, {""start"": 60, ""end"": 73, ""label"": ""PER""}]"
"Alamat saya di Jalan Cendrawasih No. 155A, RT 04/RW 18, Kel. Tegalsari, Bogor.","[{""start"": 15, ""end"": 77, ""label"": ""ADR""}]"
HARGA BBM RESMI NAIK MULAI BESOK.,[]
Acara tahunan itu selalu digelar di Sumatera Utara.,[]
Pihak kepolisian masih memeriksa Prabowo Subianto sebagai saksi utama.,"[{""start"": 33, ""end"": 49, ""label"": ""PER""}]"
Penghargaan Nobel tahun ini jatuh kepada dr. Reisa Broto Asmoro atas dedikasinya.,"[{""start"": 41, ""end"": 63, ""label"": ""PER""}]"
Atlet mekar dengan indah di taman setiap pagi.,[]
"KTP menunjukkan alamat di Jl. Ahmad Dahlan No. 30, RT 08/RW 20, Kel. Tegalsari, Depok.","[{""start"": 26, ""end"": 85, ""label"": ""ADR""}]"
Kost mulai terlihat sejak dini hari.,[]
Baik Anggun C. Sasmi maupun Jean-Luc Picard belum memberikan komentar.,"[{""start"": 5, ""end"": 20, ""label"": ""PER""}, {""start"": 28, ""end"": 43, ""label"": ""PER""}]"
"RAPAT RT AKAN DIADAKAN DI GANG MANGGA DUA, RT 03/RW 08, DESA SUKAMAJU, SEMARANG.","[{""start"": 26, ""end"": 79, ""label"": ""ADR""}]"
Apakah kamu sudah menghubungi LeBron James hari ini?,"[{""start"": 30, ""end"": 42, ""label"": ""PER""}]"
Rapat membahas PBB akan dilaksanakan besok.,[]
"René Descartes tinggal di Perumahan Grand Wisata Blok F18 No. 45, Denpasar.","[{""start"": 0, ""end"": 14, ""label"": ""PER""}, {""start"": 26, ""end"": 74, ""label"": ""ADR""}]"
Kemarin saya bertemu dengan Sukaryo di stasiun.,"[{""start"": 28, ""end"": 35, ""label"": ""PER""}]"
"Taylor Swift tinggal di Dusun Karangasem RT 14/RW 20, Kel. Antapani, Kec. Gubeng, Kab. Bandung.","[{""start"": 0, ""end"": 12, ""label"": ""PER""}, {""start"": 24, ""end"": 94, ""label"": ""ADR""}]"
"Panitia mengundang Sri Mulyani, Kyai Haji Hasyim Asy'ari, Komang, dan Luhut Binsar Pandjaitan sebagai narasumber.","[{""start"": 19, ""end"": 30, ""label"": ""PER""}, {""start"": 32, ""end"": 56, ""label"": ""PER""}, {""start"": 58, ""end"": 64, ""label"": ""PER""}, {""start"": 70, ""end"": 93, ""label"": ""PER""}]"
"Kartika Sari, Sp.KG, Yoga, serta Guillermo del Toro kompak hadir dalam acara itu.","[{""start"": 0, ""end"": 19, ""label"": ""PER""}, {""start"": 21, ""end"": 25, ""label"": ""PER""}, {""start"": 33, ""end"": 51, ""label"": ""PER""}]"
Keputusan final berada di tangan Dedi Mulyadi selaku manajer proyek.,"[{""start"": 33, ""end"": 45, ""label"": ""PER""}]"
ACARA TAHUNAN ITU SELALU DIGELAR DI YOGYAKARTA.,[]
"NAMA: DIPONEGORO, ALAMAT: 160 OXFORD BOULEVARD, PARIS, 63257, PRANCIS.","[{""start"": 6, ""end"": 16, ""label"": ""PER""}, {""start"": 26, ""end"": 69, ""label"": ""ADR""}]"
Apakah kamu sudah menghubungi Kyai Haji Hasyim Asy'ari hari ini?,"[{""start"": 30, ""end"": 54, ""label"": ""PER""}]"
"Surat untuk Pramoedya Ananta Toer dialamatkan ke Apartemen Taman Anggrek Residence Tower B Lantai 16, Bandung.","[{""start"": 12, ""end"": 33, ""label"": ""PER""}, {""start"": 49, ""end"": 109, ""label"": ""ADR""}]"
"Hakim Ketua, Imam Bonjol, menyampaikan pernyataan resmi kemarin.","[{""start"": 13, ""end"": 24, ""label"": ""PER""}]"
"Rapat dihadiri oleh Komang, Laksamana Muda TNI Sinar Adi, Evry Pramudya, dan Diponegoro sore ini.","[{""start"": 20, ""end"": 26, ""label"": ""PER""}, {""start"": 28, ""end"": 56, ""label"": ""PER""}, {""start"": 58, ""end"": 71, ""label"": ""PER""}, {""start"": 77, ""end"": 87, ""label"": ""PER""}]"
"Sesuai catatan sipil, domisili tercatat di Jl. Anggrek No. 33A, RT 15/RW 07, Kel. Sukajadi, Medan.","[{""start"": 43, ""end"": 97, ""label"": ""ADR""}]"
"Daftar penerima meliputi Simone Biles, Elon Musk, dan Ustadz Abdul Somad dari divisi terkait.","[{""start"": 25, ""end"": 37, ""label"": ""PER""}, {""start"": 39, ""end"": 48, ""label"": ""PER""}, {""start"": 54, ""end"": 72, ""label"": ""PER""}]"
Jangan lupa follow @basukirahmat untuk info terkini.,"[{""start"": 20, ""end"": 32, ""label"": ""PER""}]"
"Yusril Ihza Mahendra, S.H., M.Sc. baru saja pindah ke Jalan Anggrek No. 10B, RT 18/RW 17, Kel. Antapani, Yogyakarta.","[{""start"": 0, ""end"": 33, ""label"": ""PER""}, {""start"": 54, ""end"": 115, ""label"": ""ADR""}]"
Kemarin mobilnya Erick Thohir mogok di jalan tol.,"[{""start"": 17, ""end"": 29, ""label"": ""PER""}]"
"Yang, menurut laporan itu, akan segera diperbarui.",[]
Acara tahunan itu selalu digelar di Tokyo.,[]
"Yang, menurut laporan itu, akan segera diperbarui.",[]
Halo semua diundang untuk hadir dalam acara tersebut.,[]
"KTP ATAS NAMA LISA BERALAMAT DI 930 KENNEDY LANE, TORONTO, K7T 9W3, KANADA.","[{""start"": 14, ""end"": 18, ""label"": ""PER""}, {""start"": 32, ""end"": 74, ""label"": ""ADR""}]"
Penghargaan Nobel tahun ini jatuh kepada Raden Adjeng Kartini atas dedikasinya.,"[{""start"": 41, ""end"": 61, ""label"": ""PER""}]"
Dokumen itu merujuk pada Belanda.,[]
"Surat untuk John Doe dialamatkan ke Gg. Merdeka No. 188A, RT 02/RW 05, Desa Sukamaju, Medan.","[{""start"": 12, ""end"": 20, ""label"": ""PER""}, {""start"": 36, ""end"": 91, ""label"": ""ADR""}]"
"KTP atas nama Yanti beralamat di Gang Mangga Dua No. 14A, Palembang.","[{""start"": 14, ""end"": 19, ""label"": ""PER""}, {""start"": 33, ""end"": 67, ""label"": ""ADR""}]"
Teori yang diusulkan oleh Albert Einstein telah dipatahkan oleh penemuan baru.,"[{""start"": 26, ""end"": 41, ""label"": ""PER""}]"
Bank Mandiri baru saja merilis laporan tahunan.,[]
Kost berada di lokasi yang sudah ditentukan.,[]
"Daftar penerima meliputi Elon Musk, Michael McDonald, dan Muhammad Hasan Sadikin dari divisi terkait.","[{""start"": 25, ""end"": 34, ""label"": ""PER""}, {""start"": 36, ""end"": 52, ""label"": ""PER""}, {""start"": 58, ""end"": 80, ""label"": ""PER""}]"
Gubernur DKI Jakarta Jenderal Gatot Nurmantyo menyampaikan pernyataan resmi kemarin.,"[{""start"": 21, ""end"": 45, ""label"": ""PER""}]"
Banyak pihak yang setuju dengan analisis Susi Pudjiastuti mengenai krisis ekonomi.,"[{""start"": 41, ""end"": 57, ""label"": ""PER""}]"
Rapat tersebut dihadiri oleh Habib Rizieq Shihab dan R.A. Kartini.,"[{""start"": 29, ""end"": 48, ""label"": ""PER""}, {""start"": 53, ""end"": 65, ""label"": ""PER""}]"
"Putri baru saja pindah ke Perumahan Puri Nirwana Blok G17 No. 31, Palembang.","[{""start"": 0, ""end"": 5, ""label"": ""PER""}, {""start"": 26, ""end"": 75, ""label"": ""ADR""}]"
"Rapat RT akan diadakan di Dusun Karangasem RT 01/RW 03, Kel. Antapani, Kec. Buah Batu, Kab. Sleman.","[{""start"": 26, ""end"": 98, ""label"": ""ADR""}]"
"Paket untuk Joe Biden dikirim ke 194 Wall Drive, London, Inggris.","[{""start"": 12, ""end"": 21, ""label"": ""PER""}, {""start"": 33, ""end"": 64, ""label"": ""ADR""}]"
"Menteri Luar Negeri, Angela Merkel, meresmikan acara tersebut.","[{""start"": 21, ""end"": 34, ""label"": ""PER""}]"
Rapat tersebut dihadiri oleh Boediono dan Susi Pudjiastuti.,"[{""start"": 29, ""end"": 37, ""label"": ""PER""}, {""start"": 42, ""end"": 58, ""label"": ""PER""}]"
GEMPA BUMI GUNCANG WILAYAH SELATAN JAWA.,[]
"Hartono, S.T., M.T. baru saja pindah dari Yayasan Ahmad Dahlan.","[{""start"": 0, ""end"": 19, ""label"": ""PER""}]"
Kami sudah lama menetap di Manado.,[]
"Di antara peserta terdapat Muhammad Ikbal, Nelson Mandela, dan Cut Nyak Dien.","[{""start"": 27, ""end"": 41, ""label"": ""PER""}, {""start"": 43, ""end"": 57, ""label"": ""PER""}, {""start"": 63, ""end"": 76, ""label"": ""PER""}]"
"Direktur Utama, Simone Biles, menyampaikan pernyataan resmi kemarin.","[{""start"": 16, ""end"": 28, ""label"": ""PER""}]"
Nomor kontak Tuan Guru Bajang bisa dihubungi melalui KPK.,"[{""start"": 13, ""end"": 29, ""label"": ""PER""}]"
"Kost berada di Perumahan Grand Wisata Blok G13 No. 27, Makassar.","[{""start"": 15, ""end"": 63, ""label"": ""ADR""}]"
R.M. Said Prawirosoedirdjo resmi menjabat sebagai Hakim Ketua mulai bulan depan.,"[{""start"": 0, ""end"": 26, ""label"": ""PER""}]"
"""Medan adalah prioritas kita,"" kata Sari.","[{""start"": 36, ""end"": 40, ""label"": ""PER""}]"
Nomor kontak yang bisa dihubungi adalah Kompas.,[]
KEBAKARAN HUTAN MELUAS DI KALIMANTAN.,[]
"Menurut Panglima TNI Apriyani Rahayu, kebijakan ini akan segera direvisi.","[{""start"": 21, ""end"": 36, ""label"": ""PER""}]"
Menteri Keuangan RI Jenderal Gatot Nurmantyo menyampaikan pernyataan resmi kemarin.,"[{""start"": 20, ""end"": 44, ""label"": ""PER""}]"
Ia baru saja pindah ke Semarang.,[]
"Menurut Gus Miftah, ""keputusan ini sudah final.""","[{""start"": 8, ""end"": 18, ""label"": ""PER""}]"
Kemarin saya pergi ke Yayasan Ahmad Dahlan untuk urusan pekerjaan.,[]
PEMERINTAH UMUMKAN KEBIJAKAN SUBSIDI BARU.,[]
"Nama Lengkap: Emmanuel Macron
Alamat: Apartemen Gading Nias Residences Tower D Lantai 5, Depok.","[{""start"": 14, ""end"": 29, ""label"": ""PER""}, {""start"": 38, ""end"": 94, ""label"": ""ADR""}]"
"Rumah kost berada di Gg. Melati No. 109A, RT 14/RW 01, Kel. Cihapit, Kec. Cimahi Utara, Makassar, DKI Jakarta, 96526.","[{""start"": 21, ""end"": 116, ""label"": ""ADR""}]"
"Menurut laporan, Paris mengalami peningkatan signifikan.",[]
"Menurut Boyke Dian Nugraha, Sp.OG, kebijakan ini harus segera dievaluasi.","[{""start"": 8, ""end"": 33, ""label"": ""PER""}]"
"Nama: Ir. Djoko Kirmanto, Dipl.HE, Alamat: Jl. Basuki Rahmat No. 157A, RT 14/RW 10, Kel. Gubeng, Depok.","[{""start"": 6, ""end"": 33, ""label"": ""PER""}, {""start"": 43, ""end"": 102, ""label"": ""ADR""}]"
BUNGA HADIR DALAM ACARA ITU BELUM DIKONFIRMASI PANITIA.,[]
"Peserta pelatihan meliputi Ahmad Dahlan, Apriyani Rahayu, dan Cak Lontong dari kantor cabang.","[{""start"": 27, ""end"": 39, ""label"": ""PER""}, {""start"": 41, ""end"": 56, ""label"": ""PER""}, {""start"": 62, ""end"": 73, ""label"": ""PER""}]"
"LEONARDO DICAPRIO TINGGAL DI JALAN CENDRAWASIH, RT 17/RW 11, KEL. SUKAJADI, JAKARTA.","[{""start"": 0, ""end"": 17, ""label"": ""PER""}, {""start"": 29, ""end"": 83, ""label"": ""ADR""}]"
"""SAYA AKAN SEGERA BERANGKAT,"" UJAR YANTI.","[{""start"": 35, ""end"": 40, ""label"": ""PER""}]"
"Budi Gunadi Sadikin menegaskan, ""kami akan terus berusaha.""","[{""start"": 0, ""end"": 19, ""label"": ""PER""}]"
"Jaksa Agung, Raden Adjeng Kartini, menyampaikan pernyataan resmi kemarin.","[{""start"": 13, ""end"": 33, ""label"": ""PER""}]"
"Suharto baru saja pindah ke Jl. Imam Bonjol, RT 14/RW 12, Kel. Cihapit, Kec. Cimahi Utara, Makassar, Jawa Barat, 11620.","[{""start"": 0, ""end"": 7, ""label"": ""PER""}, {""start"": 28, ""end"": 118, ""label"": ""ADR""}]"
"Yang, menurut laporan itu, akan segera diperbarui.",[]
Rapat tersebut dihadiri oleh D'Angelo dan Sandiaga Uno.,"[{""start"": 29, ""end"": 37, ""label"": ""PER""}, {""start"": 42, ""end"": 54, ""label"": ""PER""}]"
Kami sedang menunggu tanda tangan dari Ahmad Dahlan untuk mencairkan dana.,"[{""start"": 39, ""end"": 51, ""label"": ""PER""}]"
"Penerima: Faisal Rahman, S.E., Ak., CA., Tujuan: Gang Cempaka Putih No. 3B, RT 11/RW 10, Desa Sukamaju, Denpasar","[{""start"": 10, ""end"": 39, ""label"": ""PER""}, {""start"": 49, ""end"": 112, ""label"": ""ADR""}]"
"Tim tersebut beranggotakan John Doe, Steve Jobs, dr. Tirta Mandira Hudhi, M.Ked., dan Lisa.","[{""start"": 27, ""end"": 35, ""label"": ""PER""}, {""start"": 37, ""end"": 47, ""label"": ""PER""}, {""start"": 49, ""end"": 80, ""label"": ""PER""}, {""start"": 86, ""end"": 90, ""label"": ""PER""}]"
Saya melihat Ahmad Dhani sedang makan siang di kantin.,"[{""start"": 13, ""end"": 24, ""label"": ""PER""}]"
RAPAT DEWAN DIREKSI BESOK AKAN DIPIMPIN OLEH WATI.,"[{""start"": 45, ""end"": 49, ""label"": ""PER""}]"
CEO Tesla Evry Pramudya meresmikan acara tersebut.,"[{""start"": 10, ""end"": 23, ""label"": ""PER""}]"
SAYA TINGGAL DI KUALA LUMPUR SEJAK KECIL.,[]
Kami bukan bagian dari agenda rapat kali ini.,[]
"Joko Widodo baru saja pindah ke Gg. Sudirman No. 167B, RT 07/RW 09, Kel. Sukajadi, Kec. Buah Batu, Balikpapan, Sumatera Utara, 62172.","[{""start"": 0, ""end"": 11, ""label"": ""PER""}, {""start"": 32, ""end"": 132, ""label"": ""ADR""}]"
"Kantor kami beralamat di Jl. Basuki Rahmat, RT 04/RW 06, Desa Cibogo, Malang.","[{""start"": 25, ""end"": 76, ""label"": ""ADR""}]"
"Ia baru saja pindah ke 849 Lincoln Avenue, Toronto, Kanada.","[{""start"": 23, ""end"": 58, ""label"": ""ADR""}]"
Anne-Marie Laurent adalah gubernur jawa barat.,"[{""start"": 0, ""end"": 18, ""label"": ""PER""}]"
"Surat untuk Isyana Sarasvati dialamatkan ke PO Box 6215, Bandung 76158.","[{""start"": 12, ""end"": 28, ""label"": ""PER""}, {""start"": 44, ""end"": 70, ""label"": ""ADR""}]"
Nomor kontak yang bisa dihubungi adalah Tokyo.,[]
Rapat tersebut dihadiri oleh Muhammad Ikbal dan D'Angelo.,"[{""start"": 29, ""end"": 43, ""label"": ""PER""}, {""start"": 48, ""end"": 56, ""label"": ""PER""}]"
Ahmad Yani adalah salah satu tokoh penting dalam sejarah.,"[{""start"": 0, ""end"": 10, ""label"": ""PER""}]"
Halo semua diundang untuk hadir dalam acara tersebut.,[]
"Rumah beliau berada di Jalan Cempaka Putih No. 100B, RT 17/RW 19, Kel. Antapani, Manado.","[{""start"": 23, ""end"": 87, ""label"": ""ADR""}]"
Jaksa Agung Sergey Brin menyampaikan pernyataan resmi kemarin.,"[{""start"": 12, ""end"": 23, ""label"": ""PER""}]"
"Jacinda Ardern, selaku Jaksa Agung, hadir dalam konferensi pers.","[{""start"": 0, ""end"": 14, ""label"": ""PER""}]"
KAMI SUDAH LAMA MENETAP DI BANDUNG.,[]
Kantor pusatnya berlokasi di Universitas Diponegoro.,[]
"Surat untuk Reza Rahadian dialamatkan ke Jalan Melati No. 108, RT 02/RW 16, Kel. Gubeng, Kec. Sukasari, Jakarta, DKI Jakarta, 51574.","[{""start"": 12, ""end"": 25, ""label"": ""PER""}, {""start"": 41, ""end"": 131, ""label"": ""ADR""}]"
"Ia baru saja pindah ke 842 Bridge Avenue, Berlin, Jerman.","[{""start"": 23, ""end"": 56, ""label"": ""ADR""}]"
Surat itu dikirim oleh Lionel Messi di Bank Mandiri minggu lalu.,"[{""start"": 23, ""end"": 35, ""label"": ""PER""}]"
Teori yang diusulkan oleh Reza Rahadian telah dipatahkan oleh penemuan baru.,"[{""start"": 26, ""end"": 39, ""label"": ""PER""}]"
Banyak pihak yang setuju dengan analisis Ir. Soekarno mengenai krisis ekonomi.,"[{""start"": 41, ""end"": 53, ""label"": ""PER""}]"
"Menurut laporan, Semarang mengalami peningkatan signifikan.",[]
Buku terbaru itu ditulis oleh Lisa dan diterbitkan bulan lalu.,"[{""start"": 30, ""end"": 34, ""label"": ""PER""}]"
Sri Mulyani berangkat ke kantor pagi ini.,"[{""start"": 0, ""end"": 11, ""label"": ""PER""}]"
Kemarin saya bertemu dengan Gus Miftah di stasiun.,"[{""start"": 28, ""end"": 38, ""label"": ""PER""}]"
Anies Baswedan menghadiri rapat mengenai Kementerian Keuangan pagi ini.,"[{""start"": 0, ""end"": 14, ""label"": ""PER""}]"
"KTP atas nama Jacinda Ardern beralamat di Perumahan Grand Wisata Blok F3 No. 19, Semarang.","[{""start"": 14, ""end"": 28, ""label"": ""PER""}, {""start"": 42, ""end"": 89, ""label"": ""ADR""}]"
"""Terima kasih atas dukungannya,"" ucap Bambang Permadi Soemantri Brodjonegoro, M.Sc. sambil tersenyum.","[{""start"": 38, ""end"": 83, ""label"": ""PER""}]"
Tolong sampaikan pesan ini kepada Eko secepatnya.,"[{""start"": 34, ""end"": 37, ""label"": ""PER""}]"
"Silakan kirim paket ke Jl. Merdeka No. 199A, Denpasar.","[{""start"": 23, ""end"": 53, ""label"": ""ADR""}]"
Ia baru saja pindah ke Surabaya.,[]
"KTP menunjukkan alamat di 694 Kennedy Drive, Amsterdam, Belanda.","[{""start"": 26, ""end"": 63, ""label"": ""ADR""}]"
"Rumah kost berada di Gg. Gatot Subroto No. 36B, RT 16/RW 03, Kel. Menteng, Tangerang.","[{""start"": 21, ""end"": 84, ""label"": ""ADR""}]"
Surat itu dikirim oleh Eko di Denpasar minggu lalu.,"[{""start"": 23, ""end"": 26, ""label"": ""PER""}]"
"SURAT ITU DIKIRIM OLEH IR. DJOKO KIRMANTO, DIPL.HE DI KEMENTERIAN KEUANGAN MINGGU LALU.","[{""start"": 23, ""end"": 50, ""label"": ""PER""}]"
Hakim Ketua Rian menyampaikan pernyataan resmi kemarin.,"[{""start"": 12, ""end"": 16, ""label"": ""PER""}]"
Jangan lupa follow @borisjohnson untuk info terkini.,"[{""start"": 20, ""end"": 32, ""label"": ""PER""}]"
Kami sudah lama menetap di DI Yogyakarta.,[]
"Ia baru saja pindah ke Gang Cendrawasih No. 89, RT 11/RW 18, Kel. Gubeng, Kec. Menteng, Denpasar, Jawa Barat, 21801.","[{""start"": 23, ""end"": 115, ""label"": ""ADR""}]"
"Tim tersebut beranggotakan Prof. Dr. Anies Baswedan, M.P.P., Nyoman, Imam Bonjol, dan Jean-Luc Picard.","[{""start"": 27, ""end"": 59, ""label"": ""PER""}, {""start"": 61, ""end"": 67, ""label"": ""PER""}, {""start"": 69, ""end"": 80, ""label"": ""PER""}, {""start"": 86, ""end"": 101, ""label"": ""PER""}]"
"Menurut laporan, Rp1.000.000 mengalami peningkatan signifikan.",[]
"Yang hadir dalam pertemuan itu adalah Cut Nyak Dien, Barack Obama, dan Greysia Polii.","[{""start"": 38, ""end"": 51, ""label"": ""PER""}, {""start"": 53, ""end"": 65, ""label"": ""PER""}, {""start"": 71, ""end"": 84, ""label"": ""PER""}]"
"Rapat RT akan diadakan di Gang Ahmad Yani No. 191A, RT 04/RW 07, Kel. Sukajadi, Kec. Coblong, Tangerang, Bali, 53752.","[{""start"": 26, ""end"": 116, ""label"": ""ADR""}]"
Ia baru saja pindah ke Sydney.,[]
"Menurut Wawan, ""keputusan ini sudah final.""","[{""start"": 8, ""end"": 13, ""label"": ""PER""}]"
"Sesuai catatan sipil, domisili tercatat di Jalan Imam Bonjol No. 122B, RT 11/RW 20, Kel. Antapani, Makassar.","[{""start"": 43, ""end"": 107, ""label"": ""ADR""}]"
"KTP atas nama Jenderal Gatot Nurmantyo beralamat di Gang Cendrawasih No. 98, RT 08/RW 02, Kel. Cihapit, Tangerang.","[{""start"": 14, ""end"": 38, ""label"": ""PER""}, {""start"": 52, ""end"": 113, ""label"": ""ADR""}]"
"Bambang Pamungkas baru saja pindah ke Dusun Krajan RT 18/RW 15, Kel. Antapani, Kec. Menteng, Kab. Bogor.","[{""start"": 0, ""end"": 17, ""label"": ""PER""}, {""start"": 38, ""end"": 103, ""label"": ""ADR""}]"
Rapat dewan direksi besok akan dipimpin oleh Dewi.,"[{""start"": 45, ""end"": 49, ""label"": ""PER""}]"
"Sesuai catatan sipil, domisili tercatat di Perumahan Bukit Indah Blok E17 No. 23, Balikpapan.","[{""start"": 43, ""end"": 92, ""label"": ""ADR""}]"
IDA BAGUS OKA RESMI MENJABAT SEBAGAI GUBERNUR DKI JAKARTA MULAI BULAN DEPAN.,"[{""start"": 0, ""end"": 13, ""label"": ""PER""}]"
@drandiwijaya membagikan update terbaru di akunnya.,"[{""start"": 1, ""end"": 13, ""label"": ""PER""}]"
@lestari baru saja mengunggah foto liburannya.,"[{""start"": 1, ""end"": 8, ""label"": ""PER""}]"
"Surat untuk AKBP Ade Safri Simanjuntak dialamatkan ke Perumahan Puri Nirwana Blok H18 No. 35, Bekasi.","[{""start"": 12, ""end"": 38, ""label"": ""PER""}, {""start"": 54, ""end"": 100, ""label"": ""ADR""}]"
"Rapat dihadiri oleh McDonald, Nadiem Makarim, Lestari, dan Ahmad Dahlan sore ini.","[{""start"": 20, ""end"": 28, ""label"": ""PER""}, {""start"": 30, ""end"": 44, ""label"": ""PER""}, {""start"": 46, ""end"": 53, ""label"": ""PER""}, {""start"": 59, ""end"": 71, ""label"": ""PER""}]"
"Rapat RT akan diadakan di Jalan Cendrawasih No. 21B, RT 07/RW 10, Desa Cibogo, Kec. Gubeng, Jakarta, Jawa Timur, 22301.","[{""start"": 26, ""end"": 118, ""label"": ""ADR""}]"
Gubernur DKI Jakarta Nelson Mandela menyampaikan pernyataan resmi kemarin.,"[{""start"": 21, ""end"": 35, ""label"": ""PER""}]"
"Rapat RT akan diadakan di Jl. Flamboyan No. 155B, RT 13/RW 12, Kel. Sukajadi, Denpasar.","[{""start"": 26, ""end"": 86, ""label"": ""ADR""}]"
"Rapat RT akan diadakan di Perumahan Bukit Indah Blok D14 No. 35, Bogor.","[{""start"": 26, ""end"": 70, ""label"": ""ADR""}]"
Rishi Sunak menghadiri rapat mengenai Semarang pagi ini.,"[{""start"": 0, ""end"": 11, ""label"": ""PER""}]"
"Tolong sampaikan pesan ini kepada Boyke Dian Nugraha, Sp.OG secepatnya.","[{""start"": 34, ""end"": 59, ""label"": ""PER""}]"
Keputusan final berada di tangan Wati selaku manajer proyek.,"[{""start"": 33, ""end"": 37, ""label"": ""PER""}]"
"Tim tersebut beranggotakan Lestari, Putri, Raisa Andriana, dan K.H. Ma'ruf Amin.","[{""start"": 27, ""end"": 34, ""label"": ""PER""}, {""start"": 36, ""end"": 41, ""label"": ""PER""}, {""start"": 43, ""end"": 57, ""label"": ""PER""}, {""start"": 63, ""end"": 79, ""label"": ""PER""}]"
Buku terbaru itu ditulis oleh Dewi dan diterbitkan bulan lalu.,"[{""start"": 30, ""end"": 34, ""label"": ""PER""}]"
"Halo semua, nama gue Mark Zuckerberg, salam kenal ya!","[{""start"": 21, ""end"": 36, ""label"": ""PER""}]"
Saya tinggal di Bogor sejak kecil.,[]
BUYA HAMKA DAN SARI KOMPAK HADIR DALAM ACARA ITU.,"[{""start"": 0, ""end"": 10, ""label"": ""PER""}, {""start"": 15, ""end"": 19, ""label"": ""PER""}]"
KEVIN SANJAYA SUKAMULJO BERTEMU DENGAN REKANNYA DI SURABAYA.,"[{""start"": 0, ""end"": 23, ""label"": ""PER""}]"
"Alif Santoso tinggal di Gg. Flamboyan No. 48A, Bandung.","[{""start"": 0, ""end"": 12, ""label"": ""PER""}, {""start"": 24, ""end"": 54, ""label"": ""ADR""}]"
"KEMARIN YUSRIL IHZA MAHENDRA, S.H., M.SC. MEMBAHAS 19.00 WIB BERSAMA TIMNYA.","[{""start"": 8, ""end"": 41, ""label"": ""PER""}]"
Kost bukan bagian dari agenda rapat kali ini.,[]
"Menurut laporan, Bali mengalami peningkatan signifikan.",[]
MAWAR SEMUA DIUNDANG UNTUK HADIR DALAM ACARA TERSEBUT.,[]
RAPAT TERSEBUT DIHADIRI OLEH NELSON MANDELA DAN ISYANA SARASVATI.,"[{""start"": 29, ""end"": 43, ""label"": ""PER""}, {""start"": 48, ""end"": 64, ""label"": ""PER""}]"
"Pihak kepolisian masih memeriksa Boyke Dian Nugraha, Sp.OG sebagai saksi utama.","[{""start"": 33, ""end"": 58, ""label"": ""PER""}]"
"""Ini adalah langkah yang tepat,"" tutur Anne-Marie Laurent kepada wartawan.","[{""start"": 39, ""end"": 57, ""label"": ""PER""}]"
"Nama Lengkap: Larry Page
Alamat: Gang Cemara, RT 03/RW 12, Desa Cibogo, Kec. Sukasari, Depok, DI Yogyakarta, 71139.","[{""start"": 14, ""end"": 24, ""label"": ""PER""}, {""start"": 33, ""end"": 114, ""label"": ""ADR""}]"
Tuan Guru Bajang menghadiri rapat mengenai Kompas pagi ini.,"[{""start"": 0, ""end"": 16, ""label"": ""PER""}]"
Kemarin saya pergi ke Medan untuk urusan pekerjaan.,[]
"""Terima kasih atas dukungannya,"" ucap I Gusti Ngurah Rai sambil tersenyum.","[{""start"": 38, ""end"": 56, ""label"": ""PER""}]"
"Penerima: Wayan, Tujuan: Perumahan Taman Sari Blok H16 No. 45, Yogyakarta","[{""start"": 10, ""end"": 15, ""label"": ""PER""}, {""start"": 25, ""end"": 73, ""label"": ""ADR""}]"
Direktur Utama Kennedy meresmikan acara tersebut.,"[{""start"": 15, ""end"": 22, ""label"": ""PER""}]"
Saya punya saudara di jakarta namanya Yoga.,"[{""start"": 38, ""end"": 42, ""label"": ""PER""}]"
"Sesuai catatan sipil, domisili tercatat di Jl. Rajawali No. 162A, RT 12/RW 14, Kel. Tegalsari, Balikpapan.","[{""start"": 43, ""end"": 105, ""label"": ""ADR""}]"
"Menurut Fatima binti Muhammad, kebijakan ini harus segera dievaluasi.","[{""start"": 8, ""end"": 29, ""label"": ""PER""}]"
Surat dari Usain Bolt membahas rencana terkait 17 Agustus 1945.,"[{""start"": 11, ""end"": 21, ""label"": ""PER""}]"
"Rumah kost berada di Jalan Melati No. 103, RT 20/RW 09, Kel. Gubeng, Balikpapan.","[{""start"": 21, ""end"": 79, ""label"": ""ADR""}]"
KAPOLRI NELSON MANDELA MERESMIKAN ACARA TERSEBUT.,"[{""start"": 8, ""end"": 22, ""label"": ""PER""}]"
"KTP atas nama Ir. Soekarno beralamat di Gang Mangga Dua No. 91A, Medan.","[{""start"": 14, ""end"": 26, ""label"": ""PER""}, {""start"": 40, ""end"": 70, ""label"": ""ADR""}]"
"KTP menunjukkan alamat di Jl. Mangga Dua, RT 19/RW 17, Kel. Menteng, Tangerang.","[{""start"": 26, ""end"": 78, ""label"": ""ADR""}]"
"Surat untuk Isyana Sarasvati dialamatkan ke 463 Wall Lane, Amsterdam, Belanda.","[{""start"": 12, ""end"": 28, ""label"": ""PER""}, {""start"": 44, ""end"": 77, ""label"": ""ADR""}]"
"Kyai Haji Hasyim Asy'ari menegaskan, ""kami akan terus berusaha.""","[{""start"": 0, ""end"": 24, ""label"": ""PER""}]"
Buku terbaru itu ditulis oleh Diponegoro dan diterbitkan bulan lalu.,"[{""start"": 30, ""end"": 40, ""label"": ""PER""}]"
"KTP atas nama Ganjar Pranowo beralamat di Gang Sudirman No. 195B, RT 09/RW 01, Kel. Antapani, Kec. Buah Batu, Depok, Jawa Barat, 42186.","[{""start"": 14, ""end"": 28, ""label"": ""PER""}, {""start"": 42, ""end"": 134, ""label"": ""ADR""}]"
"Nama Lengkap: Serena Williams
Alamat: Jl. Diponegoro No. 88A, RT 09/RW 12, Kel. Cihapit, Kec. Buah Batu, Denpasar, Sulawesi Selatan, 73368.","[{""start"": 14, ""end"": 29, ""label"": ""PER""}, {""start"": 38, ""end"": 138, ""label"": ""ADR""}]"
TEORI YANG DIUSULKAN OLEH USTADZ ABDUL SOMAD TELAH DIPATAHKAN OLEH PENEMUAN BARU.,"[{""start"": 26, ""end"": 44, ""label"": ""PER""}]"
Bunga mulai terlihat sejak dini hari.,[]
Reza Rahadian menghadiri rapat mengenai Korea pagi ini.,"[{""start"": 0, ""end"": 13, ""label"": ""PER""}]"
"Surat untuk Cristiano Ronaldo dialamatkan ke Gang Ahmad Yani No. 107B, Bogor.","[{""start"": 12, ""end"": 29, ""label"": ""PER""}, {""start"": 45, ""end"": 76, ""label"": ""ADR""}]"
"Evry Pramudya menegaskan, ""kami akan terus berusaha.""","[{""start"": 0, ""end"": 13, ""label"": ""PER""}]"
Direktur Utama Puan Maharani menyampaikan pernyataan resmi kemarin.,"[{""start"": 15, ""end"": 28, ""label"": ""PER""}]"
"""TERIMA KASIH ATAS DUKUNGANNYA,"" UCAP BUYA HAMKA SAMBIL TERSENYUM.","[{""start"": 38, ""end"": 48, ""label"": ""PER""}]"
"Paket untuk Dr. Andi Wijaya dikirim ke Dusun Karangasem RT 17/RW 20, Kel. Cihapit, Kec. Gubeng, Kab. Sleman.","[{""start"": 12, ""end"": 27, ""label"": ""PER""}, {""start"": 39, ""end"": 107, ""label"": ""ADR""}]"
Laporan tersebut telah dikirimkan langsung ke meja Leonardo DiCaprio.,"[{""start"": 51, ""end"": 68, ""label"": ""PER""}]"
Panglima TNI Taylor Swift menyampaikan pernyataan resmi kemarin.,"[{""start"": 13, ""end"": 25, ""label"": ""PER""}]"
"GAGASAN YANG DIKEMUKAKAN OLEH MADE WIRAWAN, S.H., M.H. MEMICU PERDEBATAN PANJANG.","[{""start"": 30, ""end"": 54, ""label"": ""PER""}]"
"Nama Lengkap: Ida Bagus Oka
Alamat: Jl. Sudirman, RT 15/RW 03, Desa Cibogo, Kec. Menteng, Bogor, Kalimantan Timur, 59865.","[{""start"": 14, ""end"": 27, ""label"": ""PER""}, {""start"": 36, ""end"": 120, ""label"": ""ADR""}]"
"Rapat dihadiri oleh Ruud van Nistelrooy, Vladimir Putin, Ebiet G. Ade, dan Volodymyr Zelenskyy sore ini.","[{""start"": 20, ""end"": 39, ""label"": ""PER""}, {""start"": 41, ""end"": 55, ""label"": ""PER""}, {""start"": 57, ""end"": 69, ""label"": ""PER""}, {""start"": 75, ""end"": 94, ""label"": ""PER""}]"
Acara tahunan itu selalu digelar di Jawa Tengah.,[]
"Di antara peserta terdapat Narendra Modi, Rian, dan Sudirman.","[{""start"": 27, ""end"": 40, ""label"": ""PER""}, {""start"": 42, ""end"": 46, ""label"": ""PER""}, {""start"": 52, ""end"": 60, ""label"": ""PER""}]"
"Rumah beliau berada di Gang Ahmad Dahlan, RT 07/RW 06, Desa Sukamaju, Tangerang.","[{""start"": 23, ""end"": 79, ""label"": ""ADR""}]"
"Panitia mengundang Ustadzah Oki Setiana Dewi, Keanu Reeves, dan Warren Buffett sebagai narasumber.","[{""start"": 19, ""end"": 44, ""label"": ""PER""}, {""start"": 46, ""end"": 58, ""label"": ""PER""}, {""start"": 64, ""end"": 78, ""label"": ""PER""}]"
Penyanyi Ridwan Kamil menyampaikan pernyataan resmi kemarin.,"[{""start"": 9, ""end"": 21, ""label"": ""PER""}]"
"Menurut Wayan dan B.J. Habibie, kebijakan ini perlu direvisi.","[{""start"": 8, ""end"": 13, ""label"": ""PER""}, {""start"": 18, ""end"": 30, ""label"": ""PER""}]"
"RUMAH KOST BERADA DI 580 ORCHARD LANE, NEW YORK, AMERIKA SERIKAT.","[{""start"": 21, ""end"": 64, ""label"": ""ADR""}]"
Pihak kepolisian masih memeriksa Kyai Haji Hasyim Asy'ari sebagai saksi utama.,"[{""start"": 33, ""end"": 57, ""label"": ""PER""}]"
"SUSI SUSANTI, SELAKU PRESIDEN AS KE-46, HADIR DALAM KONFERENSI PERS.","[{""start"": 0, ""end"": 12, ""label"": ""PER""}]"
CEO Tesla sebelumnya adalah Lestari.,"[{""start"": 28, ""end"": 35, ""label"": ""PER""}]"
Perdana Menteri Inggris sebelumnya adalah Susi Susanti.,"[{""start"": 42, ""end"": 54, ""label"": ""PER""}]"
"Menurut Presiden AS ke-46 Jean-Luc Picard, kebijakan ini akan segera direvisi.","[{""start"": 26, ""end"": 41, ""label"": ""PER""}]"
Keputusan final berada di tangan K.H. Ma'ruf Amin selaku manajer proyek.,"[{""start"": 33, ""end"": 49, ""label"": ""PER""}]"
"KTP menunjukkan alamat di Gang Melati No. 161A, RT 13/RW 20, Kel. Cihapit, Bandung.","[{""start"": 26, ""end"": 82, ""label"": ""ADR""}]"
Jangan lupa follow @pramoedyaanantatoer untuk info terkini.,"[{""start"": 20, ""end"": 39, ""label"": ""PER""}]"
"Rektor Universitas Indonesia, Lisa, menyampaikan pernyataan resmi kemarin.","[{""start"": 30, ""end"": 34, ""label"": ""PER""}]"
KEBAKARAN HUTAN MELUAS DI KALIMANTAN.,[]
Kami sedang menunggu tanda tangan dari dr. Reisa Broto Asmoro untuk mencairkan dana.,"[{""start"": 39, ""end"": 61, ""label"": ""PER""}]"
Donald Trump adalah salah satu tokoh penting dalam sejarah.,"[{""start"": 0, ""end"": 12, ""label"": ""PER""}]"
Kemarin Bernard Arnault membahas Belitung bersama timnya.,"[{""start"": 8, ""end"": 23, ""label"": ""PER""}]"
Karya seni milik Yudi berhasil terjual dengan harga fantastis.,"[{""start"": 17, ""end"": 21, ""label"": ""PER""}]"
"Rangga Pratama, S.Kom., M.Kom. baru saja pindah ke Gang Imam Bonjol No. 120B, RT 03/RW 20, Kel. Antapani, Jakarta.","[{""start"": 0, ""end"": 30, ""label"": ""PER""}, {""start"": 51, ""end"": 113, ""label"": ""ADR""}]"
Teori yang diusulkan oleh Ganjar Pranowo telah dipatahkan oleh penemuan baru.,"[{""start"": 26, ""end"": 40, ""label"": ""PER""}]"
"René Descartes baru saja pindah ke Apartemen Green Pramuka City Tower B Lantai 10, Semarang.","[{""start"": 0, ""end"": 14, ""label"": ""PER""}, {""start"": 35, ""end"": 91, ""label"": ""ADR""}]"
"Perdana Menteri Inggris, Drs. Muhammad Yamin, menyampaikan pernyataan resmi kemarin.","[{""start"": 25, ""end"": 44, ""label"": ""PER""}]"
"Menurut laporan, Tangerang mengalami peningkatan signifikan.",[]
"Rapat RT akan diadakan di Jalan Ahmad Yani No. 9A, RT 17/RW 19, Desa Cibogo, Kec. Buah Batu, Jakarta, Jawa Tengah, 95278.","[{""start"": 26, ""end"": 120, ""label"": ""ADR""}]"
"Menurut Evry Pramudya dan Budi, kebijakan ini perlu direvisi.","[{""start"": 8, ""end"": 21, ""label"": ""PER""}, {""start"": 26, ""end"": 30, ""label"": ""PER""}]"
"Ia baru saja pindah ke Dusun Karangasem RT 14/RW 02, Kel. Antapani, Kec. Coblong, Kab. Sidoarjo.","[{""start"": 23, ""end"": 95, ""label"": ""ADR""}]"
Bunga mekar dengan indah di taman setiap pagi.,[]
Pihak kepolisian masih memeriksa Bruce Lee sebagai saksi utama.,"[{""start"": 33, ""end"": 42, ""label"": ""PER""}]"
"NAMA LENGKAP: RIDWAN KAMIL
ALAMAT: JL. CEMPAKA PUTIH NO. 31, RT 11/RW 16, KEL. TEGALSARI, KEC. TEGALSARI, BEKASI, DKI JAKARTA, 97997.","[{""start"": 14, ""end"": 26, ""label"": ""PER""}, {""start"": 35, ""end"": 132, ""label"": ""ADR""}]"
"Menurut Penyanyi Budi, kebijakan ini akan segera direvisi.","[{""start"": 17, ""end"": 21, ""label"": ""PER""}]"
"Surat untuk Greysia Polii dialamatkan ke Jalan Ahmad Dahlan No. 17A, RT 06/RW 04, Kel. Sukajadi, Depok.","[{""start"": 12, ""end"": 25, ""label"": ""PER""}, {""start"": 41, ""end"": 102, ""label"": ""ADR""}]"
"KTP atas nama K.H. Ma'ruf Amin beralamat di Jl. Merdeka, RT 01/RW 16, Desa Sukamaju, Semarang.","[{""start"": 14, ""end"": 30, ""label"": ""PER""}, {""start"": 44, ""end"": 93, ""label"": ""ADR""}]"
Kantor cabang baru akan dibuka di Sydney.,[]
PEMERINTAH UMUMKAN KEBIJAKAN SUBSIDI BARU.,[]
"KTP atas nama Cut Nyak Dien beralamat di Gg. Rajawali, RT 12/RW 05, Kel. Sukajadi, Kec. Gubeng, Jakarta, Jawa Tengah, 89088.","[{""start"": 14, ""end"": 27, ""label"": ""PER""}, {""start"": 41, ""end"": 123, ""label"": ""ADR""}]"
Brigjen Pol Listyo Sigit Prabowo adalah gubernur jawa barat.,"[{""start"": 0, ""end"": 32, ""label"": ""PER""}]"
"Alamat saya di Gang Gatot Subroto No. 141A, RT 13/RW 07, Kel. Tegalsari, Depok.","[{""start"": 15, ""end"": 78, ""label"": ""ADR""}]"
Laporan tersebut telah dikirimkan langsung ke meja Andi Djemma.,"[{""start"": 51, ""end"": 62, ""label"": ""PER""}]"
Buku terbaru itu ditulis oleh Brigjen Pol Listyo Sigit Prabowo dan diterbitkan bulan lalu.,"[{""start"": 30, ""end"": 62, ""label"": ""PER""}]"
GEMPA BUMI GUNCANG WILAYAH SELATAN JAWA.,[]
Surat itu dikirim oleh Agus di Google minggu lalu.,"[{""start"": 23, ""end"": 27, ""label"": ""PER""}]"
"Menurut Brigjen Pol Listyo Sigit Prabowo, Universitas Diponegoro perlu dievaluasi ulang.","[{""start"": 8, ""end"": 40, ""label"": ""PER""}]"
"Menurut Raisa Andriana dan Andi Djemma, kebijakan ini perlu direvisi.","[{""start"": 8, ""end"": 22, ""label"": ""PER""}, {""start"": 27, ""end"": 38, ""label"": ""PER""}]"
"Rumah beliau berada di Jl. Ahmad Yani, RT 05/RW 16, Kel. Sukajadi, Kec. Coblong, Bandung, Sulawesi Selatan, 46279.","[{""start"": 23, ""end"": 113, ""label"": ""ADR""}]"
@aniesbaswedan baru saja mengunggah foto liburannya.,"[{""start"": 1, ""end"": 14, ""label"": ""PER""}]"
Buku terbaru itu ditulis oleh Sri Sultan Hamengkubuwono X dan diterbitkan bulan lalu.,"[{""start"": 30, ""end"": 57, ""label"": ""PER""}]"
"Rumah beliau berada di Gang Imam Bonjol No. 196B, RT 09/RW 09, Desa Cibogo, Kec. Tegalsari, Bogor, Jawa Barat, 95162.","[{""start"": 23, ""end"": 116, ""label"": ""ADR""}]"
"Prof. Ir. Bambang Permadi Soemantri Brodjonegoro, M.Sc. baru saja pindah ke Jalan Kebon Jeruk, Bekasi.","[{""start"": 0, ""end"": 55, ""label"": ""PER""}, {""start"": 76, ""end"": 101, ""label"": ""ADR""}]"
"RANGGA PRATAMA, S.KOM., M.KOM. TINGGAL DI JL. RAJAWALI NO. 180B, RT 13/RW 06, KEL. GUBENG, KEC. TEGALSARI, SURABAYA, DI YOGYAKARTA, 36307.","[{""start"": 0, ""end"": 30, ""label"": ""PER""}, {""start"": 42, ""end"": 137, ""label"": ""ADR""}]"
"KTP atas nama Rishi Sunak beralamat di Jl. Mangga Dua No. 42A, RT 09/RW 08, Desa Cibogo, Palembang.","[{""start"": 14, ""end"": 25, ""label"": ""PER""}, {""start"": 39, ""end"": 98, ""label"": ""ADR""}]"
Kemarin mobilnya Ahmad Dhani mogok di jalan tol.,"[{""start"": 17, ""end"": 28, ""label"": ""PER""}]"
Surat itu dikirim oleh Kyai Haji Hasyim Asy'ari di Palembang minggu lalu.,"[{""start"": 23, ""end"": 47, ""label"": ""PER""}]"
Ketua DPR RI Roger Federer meresmikan acara tersebut.,"[{""start"": 13, ""end"": 26, ""label"": ""PER""}]"
"Halo semua, nama gue John Doe, salam kenal ya!","[{""start"": 21, ""end"": 29, ""label"": ""PER""}]"
"Laporan tersebut telah dikirimkan langsung ke meja Faisal Rahman, S.E., Ak., CA..","[{""start"": 51, ""end"": 80, ""label"": ""PER""}]"
"MAHATMA GANDHI BARU SAJA PINDAH KE 537 BRIDGE STREET, DUBAI, 50874, UNI EMIRAT ARAB.","[{""start"": 0, ""end"": 14, ""label"": ""PER""}, {""start"": 35, ""end"": 83, ""label"": ""ADR""}]"
CEO Tesla Dini Imaniar meresmikan acara tersebut.,"[{""start"": 10, ""end"": 22, ""label"": ""PER""}]"
"Silakan kirim paket ke 527 Jefferson Boulevard, New York, Amerika Serikat.","[{""start"": 23, ""end"": 73, ""label"": ""ADR""}]"
"Kost berada di Jl. Ahmad Yani No. 24B, RT 15/RW 20, Kel. Cihapit, Kec. Buah Batu, Manado, Sumatera Utara, 56506.","[{""start"": 15, ""end"": 111, ""label"": ""ADR""}]"
"Paket untuk Joe Taslim dikirim ke Gg. Mawar No. 109, RT 01/RW 19, Kel. Gubeng, Tangerang.","[{""start"": 12, ""end"": 22, ""label"": ""PER""}, {""start"": 34, ""end"": 88, ""label"": ""ADR""}]"
"Paket untuk Joe Biden dikirim ke Jalan Mawar No. 1A, RT 03/RW 11, Kel. Sukajadi, Kec. Menteng, Palembang, Sulawesi Selatan, 44560.","[{""start"": 12, ""end"": 21, ""label"": ""PER""}, {""start"": 33, ""end"": 129, ""label"": ""ADR""}]"
"Penerima: Ir. Djoko Kirmanto, Dipl.HE, Tujuan: Gg. Anggrek, RT 09/RW 15, Kel. Sukajadi, Tangerang","[{""start"": 10, ""end"": 37, ""label"": ""PER""}, {""start"": 47, ""end"": 97, ""label"": ""ADR""}]"
"""Ini adalah langkah yang tepat,"" tutur Andi Djemma kepada wartawan.","[{""start"": 39, ""end"": 50, ""label"": ""PER""}]"
"""Universitas Diponegoro adalah prioritas kita,"" kata Joko Widodo.","[{""start"": 53, ""end"": 64, ""label"": ""PER""}]"
Kemarin saya pergi ke PBB untuk urusan pekerjaan.,[]
Penghargaan Nobel tahun ini jatuh kepada Tubagus Chasan Sochib atas dedikasinya.,"[{""start"": 41, ""end"": 62, ""label"": ""PER""}]"
Mawar mekar dengan indah di taman setiap pagi.,[]
"""Terima kasih atas dukungannya,"" ucap Prof. Dr. Anies Baswedan, M.P.P. sambil tersenyum.","[{""start"": 38, ""end"": 70, ""label"": ""PER""}]"
"Surat untuk McDonald dialamatkan ke Gg. Sudirman No. 112B, Jakarta.","[{""start"": 12, ""end"": 20, ""label"": ""PER""}, {""start"": 36, ""end"": 66, ""label"": ""ADR""}]"
Banyak pihak yang setuju dengan analisis Gusti Kanjeng Ratu Hemas mengenai krisis ekonomi.,"[{""start"": 41, ""end"": 65, ""label"": ""PER""}]"
Saya tinggal di Berlin sejak kecil.,[]
"Ia baru saja pindah ke Perumahan Bukit Indah Blok A13 No. 14, Bekasi.","[{""start"": 23, ""end"": 68, ""label"": ""ADR""}]"
"Sesuai catatan sipil, domisili tercatat di Jl. Anggrek No. 94B, RT 13/RW 19, Kel. Tegalsari, Semarang.","[{""start"": 43, ""end"": 101, ""label"": ""ADR""}]"
"Di antara peserta terdapat Budi Gunadi Sadikin, Kevin Sanjaya Sukamuljo, Dr. Andi Wijaya, Sp.PD, dan Prof. Dr. dr. Zubairi Djoerban.","[{""start"": 27, ""end"": 46, ""label"": ""PER""}, {""start"": 48, ""end"": 71, ""label"": ""PER""}, {""start"": 73, ""end"": 95, ""label"": ""PER""}, {""start"": 101, ""end"": 131, ""label"": ""PER""}]"
"""Terima kasih atas dukungannya,"" ucap Gatot Subroto sambil tersenyum.","[{""start"": 38, ""end"": 51, ""label"": ""PER""}]"
John Doe adalah salah satu tokoh penting dalam sejarah.,"[{""start"": 0, ""end"": 8, ""label"": ""PER""}]"
"Rapat dihadiri oleh Guillermo del Toro, Jenderal Gatot Nurmantyo, Tubagus Hasanuddin, dan Xi Jinping sore ini.","[{""start"": 20, ""end"": 38, ""label"": ""PER""}, {""start"": 40, ""end"": 64, ""label"": ""PER""}, {""start"": 66, ""end"": 84, ""label"": ""PER""}, {""start"": 90, ""end"": 100, ""label"": ""PER""}]"
"""SAYA AKAN SEGERA BERANGKAT,"" UJAR PROF. DR. ING. B.J. HABIBIE.","[{""start"": 35, ""end"": 62, ""label"": ""PER""}]"
"Yang hadir dalam pertemuan itu adalah Anthony D'Angelo, Siti Aminah, dan Elon Musk.","[{""start"": 38, ""end"": 54, ""label"": ""PER""}, {""start"": 56, ""end"": 67, ""label"": ""PER""}, {""start"": 73, ""end"": 82, ""label"": ""PER""}]"
Churchill bekerja di Balikpapan.,"[{""start"": 0, ""end"": 9, ""label"": ""PER""}]"
Lengkap bukan bagian dari agenda rapat kali ini.,[]
"Kartika Sari, Sp.KG tinggal di Gang Rajawali No. 124B, RT 03/RW 14, Kel. Cihapit, Surabaya.","[{""start"": 0, ""end"": 19, ""label"": ""PER""}, {""start"": 31, ""end"": 90, ""label"": ""ADR""}]"
"Ia baru saja pindah ke Gang Cemara, Bogor.","[{""start"": 23, ""end"": 41, ""label"": ""ADR""}]"
Atlet semua diundang untuk hadir dalam acara tersebut.,[]
"Banyak pihak yang setuju dengan analisis Dr. Andi Wijaya, Sp.PD mengenai krisis ekonomi.","[{""start"": 41, ""end"": 63, ""label"": ""PER""}]"
"Kost berada di Gg. Merdeka, Bekasi.","[{""start"": 15, ""end"": 34, ""label"": ""ADR""}]"
Keputusan final berada di tangan Boediono selaku manajer proyek.,"[{""start"": 33, ""end"": 41, ""label"": ""PER""}]"
"Ia baru saja pindah ke Dusun Tegalrejo RT 03/RW 06, Kel. Cihapit, Kec. Cimahi Utara, Kab. Cirebon.","[{""start"": 23, ""end"": 97, ""label"": ""ADR""}]"
"Nama: Ahmad Yani, Alamat: 684 Sunset Street, Kuala Lumpur, 37004, Malaysia.","[{""start"": 6, ""end"": 16, ""label"": ""PER""}, {""start"": 26, ""end"": 74, ""label"": ""ADR""}]"
Kemarin saya pergi ke johndoe@example.com untuk urusan pekerjaan.,[]
"Silakan kirim paket ke Dusun Krajan RT 17/RW 07, Kel. Antapani, Kec. Sukasari, Kab. Bogor.","[{""start"": 23, ""end"": 89, ""label"": ""ADR""}]"
"Surat untuk Boediono dialamatkan ke Jalan Rajawali, RT 18/RW 15, Kel. Gubeng, Medan.","[{""start"": 12, ""end"": 20, ""label"": ""PER""}, {""start"": 36, ""end"": 83, ""label"": ""ADR""}]"
"Alamat saya di Apartemen Kemang Village Tower D Lantai 8, Jakarta.","[{""start"": 15, ""end"": 65, ""label"": ""ADR""}]"
Menteri Keuangan RI Conor O'Brien menyampaikan pernyataan resmi kemarin.,"[{""start"": 20, ""end"": 33, ""label"": ""PER""}]"
"Tim tersebut beranggotakan Roger Federer, Bill Gates, Megawati Soekarnoputri, dan Irfan Hakim.","[{""start"": 27, ""end"": 40, ""label"": ""PER""}, {""start"": 42, ""end"": 52, ""label"": ""PER""}, {""start"": 54, ""end"": 76, ""label"": ""PER""}, {""start"": 82, ""end"": 93, ""label"": ""PER""}]"
Bruce Lee tinggal di Inggris sejak tahun lalu.,"[{""start"": 0, ""end"": 9, ""label"": ""PER""}]"
"Nama: Larry Page, Alamat: 884 Washington Road, Toronto, M3J 4G5, Kanada.","[{""start"": 6, ""end"": 16, ""label"": ""PER""}, {""start"": 26, ""end"": 71, ""label"": ""ADR""}]"
"Daftar penerima meliputi Lestari, Sudirman, dan Bambang Permadi Soemantri Brodjonegoro, M.Sc. dari divisi terkait.","[{""start"": 25, ""end"": 32, ""label"": ""PER""}, {""start"": 34, ""end"": 42, ""label"": ""PER""}, {""start"": 48, ""end"": 93, ""label"": ""PER""}]"
"Silakan kirim paket ke Gg. Gatot Subroto No. 75A, RT 13/RW 07, Kel. Cihapit, Makassar.","[{""start"": 23, ""end"": 85, ""label"": ""ADR""}]"
"Rumah kost berada di Apartemen Kalibata City Tower B Lantai 11, Jakarta.","[{""start"": 21, ""end"": 71, ""label"": ""ADR""}]"
"""johndoe@example.com adalah prioritas kita,"" kata Tuan Guru Bajang.","[{""start"": 50, ""end"": 66, ""label"": ""PER""}]"
"Nama: Raden Mas Soewardi Suryaningrat, Alamat: Dusun Sumber RT 12/RW 16, Kel. Menteng, Kec. Gubeng, Kab. Bandung.","[{""start"": 6, ""end"": 37, ""label"": ""PER""}, {""start"": 47, ""end"": 112, ""label"": ""ADR""}]"
"Menurut Panglima TNI Jeff Bezos, kebijakan ini akan segera direvisi.","[{""start"": 21, ""end"": 31, ""label"": ""PER""}]"
"Sesuai catatan sipil, domisili tercatat di 645 Kennedy Drive, Paris, 13221, Prancis.","[{""start"": 43, ""end"": 83, ""label"": ""ADR""}]"
"Paket untuk Dian dikirim ke Gg. Flamboyan, RT 02/RW 11, Desa Sukamaju, Tangerang.","[{""start"": 12, ""end"": 16, ""label"": ""PER""}, {""start"": 28, ""end"": 80, ""label"": ""ADR""}]"
"SESUAI CATATAN SIPIL, DOMISILI TERCATAT DI GG. AHMAD YANI NO. 28B, RT 02/RW 14, KEL. CIHAPIT, TANGERANG.","[{""start"": 43, ""end"": 103, ""label"": ""ADR""}]"
"Surat untuk Anies Baswedan dialamatkan ke Gang Sudirman No. 37A, RT 19/RW 11, Kel. Sukajadi, Bogor.","[{""start"": 12, ""end"": 26, ""label"": ""PER""}, {""start"": 42, ""end"": 98, ""label"": ""ADR""}]"
Kantor pusatnya berlokasi di Sekolah Dasar Kartini.,[]
Apakah kamu sudah menghubungi Sandiaga Uno hari ini?,"[{""start"": 30, ""end"": 42, ""label"": ""PER""}]"
"Menurut Direktur Utama Priyanka Chopra, kebijakan ini akan segera direvisi.","[{""start"": 23, ""end"": 38, ""label"": ""PER""}]"
Agus adalah gubernur jawa barat.,"[{""start"": 0, ""end"": 4, ""label"": ""PER""}]"
"Kepala Sekolah, Nadiem Makarim, menyampaikan pernyataan resmi kemarin.","[{""start"": 16, ""end"": 30, ""label"": ""PER""}]"
Apakah benar Raden Mas Soewardi Suryaningrat akan datang ke konferensi besok?,"[{""start"": 13, ""end"": 44, ""label"": ""PER""}]"
Drs. Muhammad Yamin bertemu dengan rekannya di Beijing.,"[{""start"": 0, ""end"": 19, ""label"": ""PER""}]"
"Dr. Andi Wijaya, Sp.PD baru saja pindah ke 36 Churchill Drive, New York, Amerika Serikat.","[{""start"": 0, ""end"": 22, ""label"": ""PER""}, {""start"": 43, ""end"": 88, ""label"": ""ADR""}]"
"Fajar Nugraha tinggal di Jl. Mangga Dua, RT 14/RW 16, Kel. Cihapit, Kec. Gubeng, Yogyakarta, DI Yogyakarta, 42978.","[{""start"": 0, ""end"": 13, ""label"": ""PER""}, {""start"": 25, ""end"": 113, ""label"": ""ADR""}]"
Mawar semua diundang untuk hadir dalam acara tersebut.,[]
Jangan lupa follow @maria untuk info terkini.,"[{""start"": 20, ""end"": 25, ""label"": ""PER""}]"
Ia baru saja pindah ke Berlin.,[]
"Menurut Diego Maradona dan Bambang Pamungkas, kebijakan ini perlu direvisi.","[{""start"": 8, ""end"": 22, ""label"": ""PER""}, {""start"": 27, ""end"": 44, ""label"": ""PER""}]"
"""Terima kasih atas dukungannya,"" ucap Xi Jinping sambil tersenyum.","[{""start"": 38, ""end"": 48, ""label"": ""PER""}]"
"Kantor kami beralamat di Jl. Anggrek, RT 19/RW 12, Kel. Gubeng, Kec. Tegalsari, Semarang, Bali, 14334.","[{""start"": 25, ""end"": 101, ""label"": ""ADR""}]"
"MICHAEL JORDAN, SELAKU KEPALA SEKOLAH, HADIR DALAM KONFERENSI PERS.","[{""start"": 0, ""end"": 14, ""label"": ""PER""}]"
Gagasan yang dikemukakan oleh Vladimir Putin memicu perdebatan panjang.,"[{""start"": 30, ""end"": 44, ""label"": ""PER""}]"
Ia baru saja pindah ke London.,[]
Jangan lupa undang Siti Aminah ke acara ulang tahun minggu depan.,"[{""start"": 19, ""end"": 30, ""label"": ""PER""}]"
"Nama: Evry Pramudya, Alamat: Gg. Anggrek, RT 13/RW 03, Desa Cibogo, Kec. Sukasari, Balikpapan, Jawa Barat, 27522.","[{""start"": 6, ""end"": 19, ""label"": ""PER""}, {""start"": 29, ""end"": 112, ""label"": ""ADR""}]"
"Paket untuk Ebiet G. Ade dikirim ke Gang Ahmad Dahlan, RT 08/RW 05, Kel. Menteng, Semarang.","[{""start"": 12, ""end"": 24, ""label"": ""PER""}, {""start"": 36, ""end"": 90, ""label"": ""ADR""}]"
@jacindaardern membagikan update terbaru di akunnya.,"[{""start"": 1, ""end"": 14, ""label"": ""PER""}]"
"Reza Rahadian menegaskan, ""kami akan terus berusaha.""","[{""start"": 0, ""end"": 13, ""label"": ""PER""}]"
Kami mekar dengan indah di taman setiap pagi.,[]
Pihak kepolisian masih memeriksa Reza Rahadian sebagai saksi utama.,"[{""start"": 33, ""end"": 46, ""label"": ""PER""}]"
"Menurut laporan, Paris mengalami peningkatan signifikan.",[]
Letjen (Purn) Prabowo Subianto tinggal di DPR RI sejak tahun lalu.,"[{""start"": 0, ""end"": 30, ""label"": ""PER""}]"
@jenderalgatotnurmantyo baru saja mengunggah foto liburannya.,"[{""start"": 1, ""end"": 23, ""label"": ""PER""}]"
Teori yang diusulkan oleh Michael Jordan telah dipatahkan oleh penemuan baru.,"[{""start"": 26, ""end"": 40, ""label"": ""PER""}]"
"Daftar penerima meliputi Sudirman, Iwan Fals, dan Simone Biles dari divisi terkait.","[{""start"": 25, ""end"": 33, ""label"": ""PER""}, {""start"": 35, ""end"": 44, ""label"": ""PER""}, {""start"": 50, ""end"": 62, ""label"": ""PER""}]"
Kemarin Ganjar Pranowo membahas Makassar bersama timnya.,"[{""start"": 8, ""end"": 22, ""label"": ""PER""}]"
"Surat untuk Evry Pramudya dialamatkan ke Gg. Mangga Dua, Bogor.","[{""start"": 12, ""end"": 25, ""label"": ""PER""}, {""start"": 41, ""end"": 62, ""label"": ""ADR""}]"
"DRS. MUHAMMAD YAMIN TINGGAL DI GG. RAJAWALI NO. 18, MANADO.","[{""start"": 0, ""end"": 19, ""label"": ""PER""}, {""start"": 31, ""end"": 58, ""label"": ""ADR""}]"
Gubernur DKI Jakarta Roger Federer meresmikan acara tersebut.,"[{""start"": 21, ""end"": 34, ""label"": ""PER""}]"
Nomor kontak John Doe bisa dihubungi melalui Semarang.,"[{""start"": 13, ""end"": 21, ""label"": ""PER""}]"
"Paket untuk Retno Marsudi dikirim ke Gang Rajawali No. 21A, RT 02/RW 20, Desa Sukamaju, Denpasar.","[{""start"": 12, ""end"": 25, ""label"": ""PER""}, {""start"": 37, ""end"": 96, ""label"": ""ADR""}]"
Yasonna Laoly dan Jacinda Ardern kompak hadir dalam acara itu.,"[{""start"": 0, ""end"": 13, ""label"": ""PER""}, {""start"": 18, ""end"": 32, ""label"": ""PER""}]"
"Nama Lengkap: Anies Baswedan
Alamat: Gang Cempaka Putih No. 95, Semarang.","[{""start"": 14, ""end"": 28, ""label"": ""PER""}, {""start"": 37, ""end"": 72, ""label"": ""ADR""}]"
"Paket untuk Evry Pramudya dikirim ke 626 Queen Drive, Seoul, Korea Selatan.","[{""start"": 12, ""end"": 25, ""label"": ""PER""}, {""start"": 37, ""end"": 74, ""label"": ""ADR""}]"
"Paket untuk AKBP Ade Safri Simanjuntak dikirim ke Jl. Kenanga, RT 17/RW 13, Kel. Tegalsari, Denpasar.","[{""start"": 12, ""end"": 38, ""label"": ""PER""}, {""start"": 50, ""end"": 100, ""label"": ""ADR""}]"
"TIM TERSEBUT BERANGGOTAKAN BILL GATES, USAIN BOLT, YANTI, DAN KAMALA HARRIS.","[{""start"": 27, ""end"": 37, ""label"": ""PER""}, {""start"": 39, ""end"": 49, ""label"": ""PER""}, {""start"": 51, ""end"": 56, ""label"": ""PER""}, {""start"": 62, ""end"": 75, ""label"": ""PER""}]"
Saya melihat Yudi sedang makan siang di kantin.,"[{""start"": 13, ""end"": 17, ""label"": ""PER""}]"
Acara tersebut diselenggarakan di Meta.,[]
"SURAT UNTUK MARIA DIALAMATKAN KE PERUMAHAN BUKIT INDAH BLOK H4 NO. 21, SURABAYA.","[{""start"": 12, ""end"": 17, ""label"": ""PER""}, {""start"": 33, ""end"": 79, ""label"": ""ADR""}]"
Kemarin mobilnya Sari mogok di jalan tol.,"[{""start"": 17, ""end"": 21, ""label"": ""PER""}]"
Bali baru saja merilis laporan tahunan.,[]
ISYANA SARASVATI RESMI MENJABAT SEBAGAI DIREKTUR UTAMA MULAI BULAN DEPAN.,"[{""start"": 0, ""end"": 16, ""label"": ""PER""}]"
"Peserta pelatihan meliputi Taufik Hidayat, O'Brien, dan Tuan Guru Bajang dari kantor cabang.","[{""start"": 27, ""end"": 41, ""label"": ""PER""}, {""start"": 43, ""end"": 50, ""label"": ""PER""}, {""start"": 56, ""end"": 72, ""label"": ""PER""}]"
"KTP atas nama Anthony D'Angelo beralamat di Gang Gatot Subroto, Surabaya.","[{""start"": 14, ""end"": 30, ""label"": ""PER""}, {""start"": 44, ""end"": 72, ""label"": ""ADR""}]"
Xi Jinping resmi menjabat sebagai Perdana Menteri Inggris mulai bulan depan.,"[{""start"": 0, ""end"": 10, ""label"": ""PER""}]"
"Proyek ini dipimpin langsung oleh Ir. Djoko Kirmanto, Dipl.HE.","[{""start"": 34, ""end"": 61, ""label"": ""PER""}]"
"Sesuai catatan sipil, domisili tercatat di Gang Ahmad Dahlan No. 84A, RT 14/RW 12, Desa Sukamaju, Kec. Tegalsari, Malang, DI Yogyakarta, 24176.","[{""start"": 43, ""end"": 142, ""label"": ""ADR""}]"
Kemarin mobilnya Bernard Arnault mogok di jalan tol.,"[{""start"": 17, ""end"": 32, ""label"": ""PER""}]"
"Dalam konferensi persnya, Nelson Mandela menolak memberikan komentar.","[{""start"": 26, ""end"": 40, ""label"": ""PER""}]"
"Menurut Boediono dan Gus Miftah, kebijakan ini perlu direvisi.","[{""start"": 8, ""end"": 16, ""label"": ""PER""}, {""start"": 21, ""end"": 31, ""label"": ""PER""}]"
Kantor pusatnya berlokasi di Bank Woori Saudara.,[]
"Ketua DPR RI, Eko, meresmikan acara tersebut.","[{""start"": 14, ""end"": 17, ""label"": ""PER""}]"
"KTP atas nama Taufik Hidayat beralamat di Dusun Wonosari RT 01/RW 20, Kel. Cihapit, Kec. Cimahi Utara, Kab. Bandung.","[{""start"": 14, ""end"": 28, ""label"": ""PER""}, {""start"": 42, ""end"": 115, ""label"": ""ADR""}]"
"Penyanyi, Neymar Jr., menyampaikan pernyataan resmi kemarin.","[{""start"": 10, ""end"": 20, ""label"": ""PER""}]"
"Direktur Utama, R.A. Kartini, menyampaikan pernyataan resmi kemarin.","[{""start"": 16, ""end"": 28, ""label"": ""PER""}]"
"Kapolri, Diego Maradona, menyampaikan pernyataan resmi kemarin.","[{""start"": 9, ""end"": 23, ""label"": ""PER""}]"
Nomor kontak yang bisa dihubungi adalah New York.,[]
drh. Bimo Prakoso bertemu dengan rekannya di johndoe@example.com.,"[{""start"": 0, ""end"": 17, ""label"": ""PER""}]"
"Panitia mengundang Ebiet G. Ade, Fajar, dan Bambang Permadi Soemantri Brodjonegoro, M.Sc. sebagai narasumber.","[{""start"": 19, ""end"": 31, ""label"": ""PER""}, {""start"": 33, ""end"": 38, ""label"": ""PER""}, {""start"": 44, ""end"": 89, ""label"": ""PER""}]"
JAKSA AGUNG KIM JONG-UN MENYAMPAIKAN PERNYATAAN RESMI KEMARIN.,"[{""start"": 12, ""end"": 23, ""label"": ""PER""}]"
AKBP Ade Safri Simanjuntak menghadiri rapat mengenai Universitas Diponegoro pagi ini.,"[{""start"": 0, ""end"": 26, ""label"": ""PER""}]"
KAMI SEDANG MENUNGGU TANDA TANGAN DARI ABDUL HARIS NASUTION UNTUK MENCAIRKAN DANA.,"[{""start"": 39, ""end"": 59, ""label"": ""PER""}]"
@raisaandriana baru saja mengunggah foto liburannya.,"[{""start"": 1, ""end"": 14, ""label"": ""PER""}]"
Pelukis sebelumnya adalah Vladimir Putin.,"[{""start"": 26, ""end"": 40, ""label"": ""PER""}]"
"MENTERI LUAR NEGERI DR. ANDI WIJAYA, SP.PD MENYAMPAIKAN PERNYATAAN RESMI KEMARIN.","[{""start"": 20, ""end"": 42, ""label"": ""PER""}]"
Saya melihat H. Rhoma Irama sedang makan siang di kantin.,"[{""start"": 13, ""end"": 27, ""label"": ""PER""}]"
"Paket untuk Agus Harimurti Yudhoyono dikirim ke Gg. Gatot Subroto, RT 18/RW 10, Kel. Antapani, Kec. Coblong, Medan, Sumatera Utara, 83460.","[{""start"": 12, ""end"": 36, ""label"": ""PER""}, {""start"": 48, ""end"": 137, ""label"": ""ADR""}]"
"""Ini adalah langkah yang tepat,"" tutur Ahmad Dahlan kepada wartawan.","[{""start"": 39, ""end"": 51, ""label"": ""PER""}]"
"Silakan kirim paket ke Dusun Wonosari RT 15/RW 16, Desa Cibogo, Kec. Cimahi Utara, Kab. Cirebon.","[{""start"": 23, ""end"": 95, ""label"": ""ADR""}]"
Hakim Ketua Fitri menyampaikan pernyataan resmi kemarin.,"[{""start"": 12, ""end"": 17, ""label"": ""PER""}]"
"Angela Merkel tinggal di Gang Mawar No. 138A, Balikpapan.","[{""start"": 0, ""end"": 13, ""label"": ""PER""}, {""start"": 25, ""end"": 56, ""label"": ""ADR""}]"
"KTP atas nama Prof. Dr. Anies Baswedan, M.P.P. beralamat di 293 Victoria Street, Berlin, 54217, Jerman.","[{""start"": 14, ""end"": 46, ""label"": ""PER""}, {""start"": 60, ""end"": 102, ""label"": ""ADR""}]"
Gagasan yang dikemukakan oleh Guillermo del Toro memicu perdebatan panjang.,"[{""start"": 30, ""end"": 48, ""label"": ""PER""}]"
"Paket untuk Fitri dikirim ke Jalan Diponegoro No. 153B, RT 19/RW 16, Desa Cibogo, Denpasar.","[{""start"": 12, ""end"": 17, ""label"": ""PER""}, {""start"": 29, ""end"": 90, ""label"": ""ADR""}]"
"Wali Kota Surabaya, D'Angelo, meresmikan acara tersebut.","[{""start"": 20, ""end"": 28, ""label"": ""PER""}]"
Halo mulai terlihat sejak dini hari.,[]
@kolonelinfrizkyramadhan membagikan update terbaru di akunnya.,"[{""start"": 1, ""end"": 24, ""label"": ""PER""}]"
Kamala Harris menghadiri rapat mengenai 0812-3456-7890 pagi ini.,"[{""start"": 0, ""end"": 13, ""label"": ""PER""}]"
Kami sedang menunggu tanda tangan dari Dedi Mulyadi untuk mencairkan dana.,"[{""start"": 39, ""end"": 51, ""label"": ""PER""}]"
"Penerima: D'Angelo, Tujuan: Jl. Kenanga No. 56, RT 16/RW 16, Kel. Tegalsari, Kec. Menteng, Semarang, Jawa Timur, 19250","[{""start"": 10, ""end"": 18, ""label"": ""PER""}, {""start"": 28, ""end"": 118, ""label"": ""ADR""}]"
Nomor kontak yang bisa dihubungi adalah Makassar.,[]
Banyak pihak yang setuju dengan analisis Tigor Silaban mengenai krisis ekonomi.,"[{""start"": 41, ""end"": 54, ""label"": ""PER""}]"
"Nama Lengkap: Erick Thohir
Alamat: Jl. Gatot Subroto, RT 17/RW 16, Kel. Tegalsari, Jakarta.","[{""start"": 14, ""end"": 26, ""label"": ""PER""}, {""start"": 35, ""end"": 90, ""label"": ""ADR""}]"
"Imam Bonjol baru saja pindah ke 827 Orchard Street, Toronto, L3Y 2X5, Kanada.","[{""start"": 0, ""end"": 11, ""label"": ""PER""}, {""start"": 32, ""end"": 76, ""label"": ""ADR""}]"
Sudirman menghadiri rapat mengenai Balikpapan pagi ini.,"[{""start"": 0, ""end"": 8, ""label"": ""PER""}]"
"Kost berada di Dusun Tegalrejo RT 07/RW 10, Kel. Gubeng, Kec. Sukasari, Kab. Sleman.","[{""start"": 15, ""end"": 83, ""label"": ""ADR""}]"
"RUMAH KOST BERADA DI GG. SUDIRMAN NO. 141, MAKASSAR.","[{""start"": 21, ""end"": 51, ""label"": ""ADR""}]"
"Menurut laporan, Medan mengalami peningkatan signifikan.",[]
"KTP menunjukkan alamat di Perumahan Taman Sari Blok F7 No. 44, Bandung.","[{""start"": 26, ""end"": 70, ""label"": ""ADR""}]"
"Rapat dihadiri oleh Iwan Fals, Putri, Bernard Arnault, dan Yudi sore ini.","[{""start"": 20, ""end"": 29, ""label"": ""PER""}, {""start"": 31, ""end"": 36, ""label"": ""PER""}, {""start"": 38, ""end"": 53, ""label"": ""PER""}, {""start"": 59, ""end"": 63, ""label"": ""PER""}]"
"KTP menunjukkan alamat di Jalan Basuki Rahmat No. 5B, RT 12/RW 15, Desa Cibogo, Kec. Buah Batu, Bandung, Jawa Timur, 91991.","[{""start"": 26, ""end"": 122, ""label"": ""ADR""}]"
Kemarin saya bertemu dengan D'Angelo di Manado.,"[{""start"": 28, ""end"": 36, ""label"": ""PER""}]"
Menteri Luar Negeri Gatot Subroto meresmikan acara tersebut.,"[{""start"": 20, ""end"": 33, ""label"": ""PER""}]"
"R.M. Said Prawirosoedirdjo, Steve Jobs, serta Franklin D. Roosevelt kompak hadir dalam acara itu.","[{""start"": 0, ""end"": 26, ""label"": ""PER""}, {""start"": 28, ""end"": 38, ""label"": ""PER""}, {""start"": 46, ""end"": 67, ""label"": ""PER""}]"
Ia baru saja pindah ke Kalimantan Timur.,[]
"Rumah kost berada di Perumahan Griya Asri Blok G13 No. 20, Denpasar.","[{""start"": 21, ""end"": 67, ""label"": ""ADR""}]"
"RUMAH KOST BERADA DI 224 VICTORIA BOULEVARD, LOS ANGELES, AMERIKA SERIKAT.","[{""start"": 21, ""end"": 73, ""label"": ""ADR""}]"
@rakartini baru saja mengunggah foto liburannya.,"[{""start"": 1, ""end"": 10, ""label"": ""PER""}]"
Gatot Subroto adalah gubernur jawa barat.,"[{""start"": 0, ""end"": 13, ""label"": ""PER""}]"
Acara tersebut diselenggarakan di Kementerian Keuangan.,[]
Wati baru saja pindah dari Rumah Sakit Bunda.,"[{""start"": 0, ""end"": 4, ""label"": ""PER""}]"
Apakah benar Larry Page akan datang ke konferensi besok?,"[{""start"": 13, ""end"": 23, ""label"": ""PER""}]"
"Kantor kami beralamat di Perumahan Villa Melati Blok E13 No. 13, Balikpapan.","[{""start"": 25, ""end"": 75, ""label"": ""ADR""}]"
Kami semua diundang untuk hadir dalam acara tersebut.,[]
"Sesuai catatan sipil, domisili tercatat di Gang Anggrek, Surabaya.","[{""start"": 43, ""end"": 65, ""label"": ""ADR""}]"
Banyak pihak yang setuju dengan analisis Gusti Kanjeng Ratu Hemas mengenai krisis ekonomi.,"[{""start"": 41, ""end"": 65, ""label"": ""PER""}]"
Menteri Keuangan RI Xi Jinping meresmikan acara tersebut.,"[{""start"": 20, ""end"": 30, ""label"": ""PER""}]"
Saya tinggal di Jakarta sejak kecil.,[]
"Penerima: Diponegoro, Tujuan: Jl. Mawar No. 66B, RT 12/RW 11, Kel. Antapani, Kec. Menteng, Bandung, Jawa Timur, 20555","[{""start"": 10, ""end"": 20, ""label"": ""PER""}, {""start"": 30, ""end"": 117, ""label"": ""ADR""}]"
"Sesuai catatan sipil, domisili tercatat di Jl. Merdeka No. 112, Palembang.","[{""start"": 43, ""end"": 73, ""label"": ""ADR""}]"
Kami sudah lama menetap di Denpasar.,[]
"KTP atas nama Simone Biles beralamat di Gang Kenanga No. 200B, Depok.","[{""start"": 14, ""end"": 26, ""label"": ""PER""}, {""start"": 40, ""end"": 68, ""label"": ""ADR""}]"
"Silakan kirim paket ke PO Box 7029, Depok 95949.","[{""start"": 23, ""end"": 47, ""label"": ""ADR""}]"
"Menurut Pelukis Dra. Kartini Rahayu, kebijakan ini akan segera direvisi.","[{""start"": 16, ""end"": 35, ""label"": ""PER""}]"
Proyek ini dipimpin langsung oleh Fajar.,"[{""start"": 34, ""end"": 39, ""label"": ""PER""}]"
Jangan lupa follow @johndoe untuk info terkini.,"[{""start"": 20, ""end"": 27, ""label"": ""PER""}]"
"Menurut Muhammad Hasan Sadikin, ""keputusan ini sudah final.""","[{""start"": 8, ""end"": 30, ""label"": ""PER""}]"
"Penerima: K.H. Ma'ruf Amin, Tujuan: Gg. Gatot Subroto No. 118, Bandung","[{""start"": 10, ""end"": 26, ""label"": ""PER""}, {""start"": 36, ""end"": 70, ""label"": ""ADR""}]"
"Kantor kami beralamat di Dusun Ngepoh RT 06/RW 05, Kel. Cihapit, Kec. Menteng, Kab. Bandung.","[{""start"": 25, ""end"": 91, ""label"": ""ADR""}]"
"Dalam konferensi persnya, Alif Santoso menolak memberikan komentar.","[{""start"": 26, ""end"": 38, ""label"": ""PER""}]"
Nomor kontak yang bisa dihubungi adalah johndoe@example.com.,[]
"Yang hadir dalam pertemuan itu adalah Kolonel Inf. Rizky Ramadhan, Hj. Siti Fatimah, dan B.J. Habibie.","[{""start"": 38, ""end"": 65, ""label"": ""PER""}, {""start"": 67, ""end"": 83, ""label"": ""PER""}, {""start"": 89, ""end"": 101, ""label"": ""PER""}]"
FAJAR BERADA DI LOKASI YANG SUDAH DITENTUKAN.,[]
Ahmad Yani bertemu dengan rekannya di Manado.,"[{""start"": 0, ""end"": 10, ""label"": ""PER""}]"
Pihak kepolisian masih memeriksa Prof. Dr. dr. Zubairi Djoerban sebagai saksi utama.,"[{""start"": 33, ""end"": 63, ""label"": ""PER""}]"
Mereka berada di lokasi yang sudah ditentukan.,[]
@franklindroosevelt baru saja mengunggah foto liburannya.,"[{""start"": 1, ""end"": 19, ""label"": ""PER""}]"
Kami sedang menunggu tanda tangan dari AKBP Ade Safri Simanjuntak untuk mencairkan dana.,"[{""start"": 39, ""end"": 65, ""label"": ""PER""}]"
Saya punya saudara di jakarta namanya O'Brien.,"[{""start"": 38, ""end"": 45, ""label"": ""PER""}]"
"Nama: Dian Sastrowardoyo, Alamat: Jl. Rajawali No. 83B, RT 16/RW 06, Kel. Cihapit, Kec. Tegalsari, Palembang, Jawa Timur, 42178.","[{""start"": 6, ""end"": 24, ""label"": ""PER""}, {""start"": 34, ""end"": 127, ""label"": ""ADR""}]"
"Proyek ini dipimpin langsung oleh Kartika Sari, Sp.KG.","[{""start"": 34, ""end"": 53, ""label"": ""PER""}]"
"Nama: Jeff Bezos, Alamat: Apartemen Kalibata City Tower C Lantai 4, Tangerang.","[{""start"": 6, ""end"": 16, ""label"": ""PER""}, {""start"": 26, ""end"": 77, ""label"": ""ADR""}]"
"Gubernur DKI Jakarta, Eko Yuli Irawan, meresmikan acara tersebut.","[{""start"": 22, ""end"": 37, ""label"": ""PER""}]"
Kemarin saya bertemu dengan Ir. Soekarno di UU No. 8 Tahun 1999.,"[{""start"": 28, ""end"": 40, ""label"": ""PER""}]"
@angelamerkel membagikan update terbaru di akunnya.,"[{""start"": 1, ""end"": 13, ""label"": ""PER""}]"
"Kantor kami beralamat di Perumahan Villa Melati Blok A9 No. 42, Palembang.","[{""start"": 25, ""end"": 73, ""label"": ""ADR""}]"
Bekasi baru saja merilis laporan tahunan.,[]
"Hj. Siti Fatimah baru saja pindah ke Gang Gatot Subroto No. 123, Medan.","[{""start"": 0, ""end"": 16, ""label"": ""PER""}, {""start"": 37, ""end"": 70, ""label"": ""ADR""}]"
Nomor kontak Dra. Kartini Rahayu bisa dihubungi melalui Tesla.,"[{""start"": 13, ""end"": 32, ""label"": ""PER""}]"
JANGAN LUPA FOLLOW @SERGEYBRIN UNTUK INFO TERKINI.,"[{""start"": 20, ""end"": 30, ""label"": ""PER""}]"
Mawar semua diundang untuk hadir dalam acara tersebut.,[]
"Wali Kota Surabaya, Steve Jobs, meresmikan acara tersebut.","[{""start"": 20, ""end"": 30, ""label"": ""PER""}]"
Dokumen itu merujuk pada UU No. 8 Tahun 1999.,[]
"DI ANTARA PESERTA TERDAPAT SITI AMINAH, KOMANG, AJI MASAID, DAN H. RHOMA IRAMA.","[{""start"": 27, ""end"": 38, ""label"": ""PER""}, {""start"": 40, ""end"": 46, ""label"": ""PER""}, {""start"": 48, ""end"": 58, ""label"": ""PER""}, {""start"": 64, ""end"": 78, ""label"": ""PER""}]"
Acara tersebut diselenggarakan di Yayasan Ahmad Dahlan.,[]
"Penerima: Wayan, Tujuan: Perumahan Puri Nirwana Blok E15 No. 14, Manado","[{""start"": 10, ""end"": 15, ""label"": ""PER""}, {""start"": 25, ""end"": 71, ""label"": ""ADR""}]"
"Di antara peserta terdapat Mark Zuckerberg, Tigor Silaban, Ustadzah Oki Setiana Dewi, dan Greysia Polii.","[{""start"": 27, ""end"": 42, ""label"": ""PER""}, {""start"": 44, ""end"": 57, ""label"": ""PER""}, {""start"": 59, ""end"": 84, ""label"": ""PER""}, {""start"": 90, ""end"": 103, ""label"": ""PER""}]"
"Lengkap, menurut laporan itu, akan segera diperbarui.",[]
CUACA EKSTREM DIPERKIRAKAN LANDA JAKARTA PEKAN INI.,[]
Kemarin Kevin Sanjaya Sukamuljo membahas Jakarta bersama timnya.,"[{""start"": 8, ""end"": 31, ""label"": ""PER""}]"
"Kost berada di Dusun Krajan RT 17/RW 18, Kel. Menteng, Kec. Cimahi Utara, Kab. Malang.","[{""start"": 15, ""end"": 85, ""label"": ""ADR""}]"
"Menurut Nita, ""keputusan ini sudah final.""","[{""start"": 8, ""end"": 12, ""label"": ""PER""}]"
Kemarin saya pergi ke Bank Mandiri untuk urusan pekerjaan.,[]
MEREKA MULAI TERLIHAT SEJAK DINI HARI.,[]
Bulog baru saja merilis laporan tahunan.,[]
"Raden Adjeng Kartini tinggal di Gang Ahmad Yani, RT 01/RW 14, Desa Sukamaju, Malang.","[{""start"": 0, ""end"": 20, ""label"": ""PER""}, {""start"": 32, ""end"": 83, ""label"": ""ADR""}]"
Jangan lupa follow @profdraniesbaswedanmpp untuk info terkini.,"[{""start"": 20, ""end"": 42, ""label"": ""PER""}]"
"Kevin Sanjaya Sukamuljo baru saja pindah ke Gang Anggrek, RT 19/RW 18, Kel. Menteng, Makassar.","[{""start"": 0, ""end"": 23, ""label"": ""PER""}, {""start"": 44, ""end"": 93, ""label"": ""ADR""}]"
"Rumah beliau berada di Gang Rajawali No. 108A, Manado.","[{""start"": 23, ""end"": 53, ""label"": ""ADR""}]"
@suharto baru saja mengunggah foto liburannya.,"[{""start"": 1, ""end"": 8, ""label"": ""PER""}]"
Winston Churchill berangkat ke kantor pagi ini.,"[{""start"": 0, ""end"": 17, ""label"": ""PER""}]"
Bambang Pamungkas adalah gubernur jawa barat.,"[{""start"": 0, ""end"": 17, ""label"": ""PER""}]"
CUACA EKSTREM DIPERKIRAKAN LANDA JAKARTA PEKAN INI.,[]
SURAT DARI SIMONE BILES MEMBAHAS RENCANA TERKAIT KOREA.,"[{""start"": 11, ""end"": 23, ""label"": ""PER""}]"
"Menurut Ahmad Dhani dan Franklin D. Roosevelt, kebijakan ini perlu direvisi.","[{""start"": 8, ""end"": 19, ""label"": ""PER""}, {""start"": 24, ""end"": 45, ""label"": ""PER""}]"
"Leonardo DiCaprio baru saja pindah ke Jl. Imam Bonjol No. 10, Bekasi.","[{""start"": 0, ""end"": 17, ""label"": ""PER""}, {""start"": 38, ""end"": 68, ""label"": ""ADR""}]"
KEPALA SEKOLAH KAMALA HARRIS MERESMIKAN ACARA TERSEBUT.,"[{""start"": 15, ""end"": 28, ""label"": ""PER""}]"
"Rapat dihadiri oleh Puan Maharani, Joe Biden, Ganjar Pranowo, dan Fatima binti Muhammad sore ini.","[{""start"": 20, ""end"": 33, ""label"": ""PER""}, {""start"": 35, ""end"": 44, ""label"": ""PER""}, {""start"": 46, ""end"": 60, ""label"": ""PER""}, {""start"": 66, ""end"": 87, ""label"": ""PER""}]"
"Rapat dihadiri oleh Priyanka Chopra, H. Rhoma Irama, Joe Biden, dan Putri sore ini.","[{""start"": 20, ""end"": 35, ""label"": ""PER""}, {""start"": 37, ""end"": 51, ""label"": ""PER""}, {""start"": 53, ""end"": 62, ""label"": ""PER""}, {""start"": 68, ""end"": 73, ""label"": ""PER""}]"
"Sesuai catatan sipil, domisili tercatat di Dusun Ngepoh RT 14/RW 14, Kel. Antapani, Kec. Gubeng, Kab. Sleman.","[{""start"": 43, ""end"": 108, ""label"": ""ADR""}]"
Prof. Dr. dr. Zubairi Djoerban menghadiri rapat mengenai Denpasar pagi ini.,"[{""start"": 0, ""end"": 30, ""label"": ""PER""}]"
"Sesuai catatan sipil, domisili tercatat di 760 Bridge Drive, New York, 10304, Amerika Serikat.","[{""start"": 43, ""end"": 93, ""label"": ""ADR""}]"
Nomor kontak yang bisa dihubungi adalah Kementerian Keuangan.,[]
Ia baru saja pindah ke Sumatera Utara.,[]
"Atlet, menurut laporan itu, akan segera diperbarui.",[]
HALO HADIR DALAM ACARA ITU BELUM DIKONFIRMASI PANITIA.,[]
Ustadz Abdul Somad berangkat ke kantor pagi ini.,"[{""start"": 0, ""end"": 18, ""label"": ""PER""}]"
Karya seni milik Sari berhasil terjual dengan harga fantastis.,"[{""start"": 17, ""end"": 21, ""label"": ""PER""}]"
"Apakah kamu sudah menghubungi Wulan Sari, S.Pd., M.Pd. hari ini?","[{""start"": 30, ""end"": 54, ""label"": ""PER""}]"
Pelukis Apriyani Rahayu menyampaikan pernyataan resmi kemarin.,"[{""start"": 8, ""end"": 23, ""label"": ""PER""}]"
John Doe bertemu dengan rekannya di Kuala Lumpur.,"[{""start"": 0, ""end"": 8, ""label"": ""PER""}]"
"Rumah beliau berada di Gg. Cempaka Putih No. 192A, RT 20/RW 19, Kel. Tegalsari, Kec. Menteng, Medan, DKI Jakarta, 86336.","[{""start"": 23, ""end"": 119, ""label"": ""ADR""}]"
"Kartika Sari, Sp.KG tinggal di Gg. Diponegoro No. 13A, Bandung.","[{""start"": 0, ""end"": 19, ""label"": ""PER""}, {""start"": 31, ""end"": 62, ""label"": ""ADR""}]"
@iwanfals baru saja mengunggah foto liburannya.,"[{""start"": 1, ""end"": 9, ""label"": ""PER""}]"
"Alamat saya di Dusun Krajan RT 10/RW 17, Desa Cibogo, Kec. Sukasari, Kab. Bandung.","[{""start"": 15, ""end"": 81, ""label"": ""ADR""}]"
HARGA BBM RESMI NAIK MULAI BESOK.,[]
Bunga berada di lokasi yang sudah ditentukan.,[]
"Menurut laporan, Prancis mengalami peningkatan signifikan.",[]
"PENERIMA: JENDERAL GATOT NURMANTYO, TUJUAN: GG. CENDRAWASIH, RT 12/RW 15, DESA SUKAMAJU, MAKASSAR","[{""start"": 10, ""end"": 34, ""label"": ""PER""}, {""start"": 44, ""end"": 97, ""label"": ""ADR""}]"
Saya punya saudara di jakarta namanya Ir. Soekarno.,"[{""start"": 38, ""end"": 50, ""label"": ""PER""}]"
"Paket untuk Basuki Rahmat dikirim ke Gang Basuki Rahmat No. 187B, RT 15/RW 11, Kel. Sukajadi, Medan.","[{""start"": 12, ""end"": 25, ""label"": ""PER""}, {""start"": 37, ""end"": 99, ""label"": ""ADR""}]"
"Panglima TNI, Reza Rahadian, menyampaikan pernyataan resmi kemarin.","[{""start"": 14, ""end"": 27, ""label"": ""PER""}]"
drg. Maya Kusuma menghadiri rapat mengenai Sekolah Dasar Kartini pagi ini.,"[{""start"": 0, ""end"": 16, ""label"": ""PER""}]"
Kemarin mobilnya Steve Jobs mogok di jalan tol.,"[{""start"": 17, ""end"": 27, ""label"": ""PER""}]"
Keputusan final berada di tangan Yasonna Laoly selaku manajer proyek.,"[{""start"": 33, ""end"": 46, ""label"": ""PER""}]"
Karya seni milik Jacinda Ardern berhasil terjual dengan harga fantastis.,"[{""start"": 17, ""end"": 31, ""label"": ""PER""}]"
"Menurut Kamala Harris, ""keputusan ini sudah final.""","[{""start"": 8, ""end"": 21, ""label"": ""PER""}]"
Hakim Ketua LeBron James menyampaikan pernyataan resmi kemarin.,"[{""start"": 12, ""end"": 24, ""label"": ""PER""}]"
"Nama: Diponegoro, Alamat: Perumahan Taman Sari Blok A14 No. 15, Bandung.","[{""start"": 6, ""end"": 16, ""label"": ""PER""}, {""start"": 26, ""end"": 71, ""label"": ""ADR""}]"
"Justin Trudeau menegaskan, ""kami akan terus berusaha.""","[{""start"": 0, ""end"": 14, ""label"": ""PER""}]"
Jangan lupa follow @mcdonald untuk info terkini.,"[{""start"": 20, ""end"": 28, ""label"": ""PER""}]"
"Menurut laporan, Indonesia mengalami peningkatan signifikan.",[]
Menteri Luar Negeri Kim Jong-un meresmikan acara tersebut.,"[{""start"": 20, ""end"": 31, ""label"": ""PER""}]"
"Menurut laporan, Yth. Bapak/Ibu mengalami peningkatan signifikan.",[]
"""KPK adalah prioritas kita,"" kata John Doe.","[{""start"": 34, ""end"": 42, ""label"": ""PER""}]"
"Rumah beliau berada di Jalan Cemara, RT 14/RW 07, Kel. Menteng, Tangerang.","[{""start"": 23, ""end"": 73, ""label"": ""ADR""}]"
Semarang baru saja merilis laporan tahunan.,[]
Pembawa Acara Muhammad Ikbal meresmikan acara tersebut.,"[{""start"": 14, ""end"": 28, ""label"": ""PER""}]"
"Hakim Ketua, Agus Harimurti Yudhoyono, meresmikan acara tersebut.","[{""start"": 13, ""end"": 37, ""label"": ""PER""}]"
"Larry Page, selaku Penyanyi, hadir dalam konferensi pers.","[{""start"": 0, ""end"": 10, ""label"": ""PER""}]"
"Silakan kirim paket ke Gang Ahmad Dahlan No. 124B, Tangerang.","[{""start"": 23, ""end"": 60, ""label"": ""ADR""}]"
INFLASI TAHUNAN TURUN KE LEVEL TERENDAH.,[]
"Rumah kost berada di Dusun Wonosari RT 14/RW 03, Kel. Sukajadi, Kec. Coblong, Kab. Sidoarjo.","[{""start"": 21, ""end"": 91, ""label"": ""ADR""}]"
"Hakim Ketua, Marie Curie, menyampaikan pernyataan resmi kemarin.","[{""start"": 13, ""end"": 24, ""label"": ""PER""}]"
"Rapat dihadiri oleh Dian, Hj. Siti Fatimah, Ahmad Yani, dan Nita sore ini.","[{""start"": 20, ""end"": 24, ""label"": ""PER""}, {""start"": 26, ""end"": 42, ""label"": ""PER""}, {""start"": 44, ""end"": 54, ""label"": ""PER""}, {""start"": 60, ""end"": 64, ""label"": ""PER""}]"
"Rumah beliau berada di 23 Jefferson Street, Paris, 12884, Prancis.","[{""start"": 23, ""end"": 65, ""label"": ""ADR""}]"
Kemarin saya bertemu dengan Shinzo Abe di stasiun.,"[{""start"": 28, ""end"": 38, ""label"": ""PER""}]"
"Kantor kami beralamat di Dusun Wonosari RT 15/RW 04, Kel. Menteng, Kec. Tegalsari, Kab. Sidoarjo.","[{""start"": 25, ""end"": 96, ""label"": ""ADR""}]"
Buku terbaru itu ditulis oleh Ustadzah Oki Setiana Dewi dan diterbitkan bulan lalu.,"[{""start"": 30, ""end"": 55, ""label"": ""PER""}]"
"Paket untuk Basuki Rahmat dikirim ke Gang Imam Bonjol No. 16A, Manado.","[{""start"": 12, ""end"": 25, ""label"": ""PER""}, {""start"": 37, ""end"": 69, ""label"": ""ADR""}]"
"Panitia mengundang Andi Djemma, Yanti, dan Muhammad Hasan Sadikin sebagai narasumber.","[{""start"": 19, ""end"": 30, ""label"": ""PER""}, {""start"": 32, ""end"": 37, ""label"": ""PER""}, {""start"": 43, ""end"": 65, ""label"": ""PER""}]"
Direktur Utama Guillermo del Toro meresmikan acara tersebut.,"[{""start"": 15, ""end"": 33, ""label"": ""PER""}]"
Baik Sari maupun Kennedy belum memberikan komentar.,"[{""start"": 5, ""end"": 9, ""label"": ""PER""}, {""start"": 17, ""end"": 24, ""label"": ""PER""}]"
Saya punya saudara di jakarta namanya Sergey Brin.,"[{""start"": 38, ""end"": 49, ""label"": ""PER""}]"
"Menteri Keuangan RI, Dian Sastrowardoyo, menyampaikan pernyataan resmi kemarin.","[{""start"": 21, ""end"": 39, ""label"": ""PER""}]"
"Nama: Dr. Andi Wijaya, Alamat: Perumahan Grand Wisata Blok H18 No. 39, Palembang.","[{""start"": 6, ""end"": 21, ""label"": ""PER""}, {""start"": 31, ""end"": 80, ""label"": ""ADR""}]"
"Kantor kami beralamat di Dusun Karangasem RT 16/RW 18, Desa Sukamaju, Kec. Buah Batu, Kab. Bandung.","[{""start"": 25, ""end"": 98, ""label"": ""ADR""}]"
"Penerima: Marie Curie, Tujuan: Apartemen Kalibata City Tower Melati Lantai 17, Bogor","[{""start"": 10, ""end"": 21, ""label"": ""PER""}, {""start"": 31, ""end"": 84, ""label"": ""ADR""}]"
Kantor cabang baru akan dibuka di Jawa Timur.,[]
"Nama: Justin Trudeau, Alamat: Apartemen Kemang Village Tower Mawar Lantai 27, Semarang.","[{""start"": 6, ""end"": 20, ""label"": ""PER""}, {""start"": 30, ""end"": 86, ""label"": ""ADR""}]"
"Kemarin Made Wirawan, S.H., M.H. membahas PBB bersama timnya.","[{""start"": 8, ""end"": 32, ""label"": ""PER""}]"
Buku terbaru itu ditulis oleh Scarlett Johansson dan diterbitkan bulan lalu.,"[{""start"": 30, ""end"": 48, ""label"": ""PER""}]"
EKONOMI NASIONAL TUMBUH 5 PERSEN KUARTAL INI.,[]
"TIM TERSEBUT BERANGGOTAKAN RINA NOSE, RETNO MARSUDI, DAN AHMAD YANI.","[{""start"": 27, ""end"": 36, ""label"": ""PER""}, {""start"": 38, ""end"": 51, ""label"": ""PER""}, {""start"": 57, ""end"": 67, ""label"": ""PER""}]"
"""Korea adalah prioritas kita,"" kata Budi.","[{""start"": 36, ""end"": 40, ""label"": ""PER""}]"
Rapat tersebut dihadiri oleh Ebiet G. Ade dan AKBP Ade Safri Simanjuntak.,"[{""start"": 29, ""end"": 41, ""label"": ""PER""}, {""start"": 46, ""end"": 72, ""label"": ""PER""}]"
BUNGA HADIR DALAM ACARA ITU BELUM DIKONFIRMASI PANITIA.,[]
"Jeff Bezos baru saja pindah ke Jalan Rajawali No. 152B, Denpasar.","[{""start"": 0, ""end"": 10, ""label"": ""PER""}, {""start"": 31, ""end"": 64, ""label"": ""ADR""}]"
"KTP menunjukkan alamat di Jl. Mawar, RT 12/RW 11, Kel. Gubeng, Kec. Tegalsari, Depok, Sumatera Utara, 17627.","[{""start"": 26, ""end"": 107, ""label"": ""ADR""}]"
Prof. Dr. dr. Zubairi Djoerban menghadiri rapat mengenai Tokyo pagi ini.,"[{""start"": 0, ""end"": 30, ""label"": ""PER""}]"
"Surat untuk dr. Reisa Broto Asmoro dialamatkan ke Jl. Melati No. 45B, RT 12/RW 03, Desa Sukamaju, Surabaya.","[{""start"": 12, ""end"": 34, ""label"": ""PER""}, {""start"": 50, ""end"": 106, ""label"": ""ADR""}]"
"Rumah kost berada di Perumahan Bukit Indah Blok D13 No. 23, Bekasi.","[{""start"": 21, ""end"": 66, ""label"": ""ADR""}]"
"""Belanda adalah prioritas kita,"" kata Anies Baswedan.","[{""start"": 38, ""end"": 52, ""label"": ""PER""}]"
"Donald Trump menegaskan, ""kami akan terus berusaha.""","[{""start"": 0, ""end"": 12, ""label"": ""PER""}]"
"Di antara peserta terdapat Karni Ilyas, Dr. Andi Wijaya, dan Nelson Mandela.","[{""start"": 27, ""end"": 38, ""label"": ""PER""}, {""start"": 40, ""end"": 55, ""label"": ""PER""}, {""start"": 61, ""end"": 75, ""label"": ""PER""}]"
"""Ini adalah langkah yang tepat,"" tutur Raden Adjeng Kartini kepada wartawan.","[{""start"": 39, ""end"": 59, ""label"": ""PER""}]"
GAGASAN YANG DIKEMUKAKAN OLEH MARIE CURIE MEMICU PERDEBATAN PANJANG.,"[{""start"": 30, ""end"": 41, ""label"": ""PER""}]"
"Guillermo del Toro tinggal di Dusun Tegalrejo RT 06/RW 13, Kel. Cihapit, Kec. Tegalsari, Kab. Malang.","[{""start"": 0, ""end"": 18, ""label"": ""PER""}, {""start"": 30, ""end"": 100, ""label"": ""ADR""}]"
Tolong sampaikan pesan ini kepada Abdul Haris Nasution secepatnya.,"[{""start"": 34, ""end"": 54, ""label"": ""PER""}]"
"""INGGRIS ADALAH PRIORITAS KITA,"" KATA DR. ANDI WIJAYA, SP.PD.","[{""start"": 38, ""end"": 60, ""label"": ""PER""}]"
Saya tinggal di Depok sejak kecil.,[]
"Jaksa Agung, Putri, meresmikan acara tersebut.","[{""start"": 13, ""end"": 18, ""label"": ""PER""}]"
"Presiden AS ke-46, Sandiaga Uno, meresmikan acara tersebut.","[{""start"": 19, ""end"": 31, ""label"": ""PER""}]"
Beyoncé bertemu dengan rekannya di COVID-19.,"[{""start"": 0, ""end"": 7, ""label"": ""PER""}]"
"Paket untuk Anggun C. Sasmi dikirim ke 440 Baker Road, Los Angeles, Amerika Serikat.","[{""start"": 12, ""end"": 27, ""label"": ""PER""}, {""start"": 39, ""end"": 83, ""label"": ""ADR""}]"
Fatima binti Muhammad resmi menjabat sebagai Presiden AS ke-46 mulai bulan depan.,"[{""start"": 0, ""end"": 21, ""label"": ""PER""}]"
CUACA EKSTREM DIPERKIRAKAN LANDA JAKARTA PEKAN INI.,[]
"Alamat saya di Jl. Gatot Subroto No. 195B, RT 01/RW 19, Desa Sukamaju, Kec. Tegalsari, Bogor, Jawa Tengah, 66331.","[{""start"": 15, ""end"": 112, ""label"": ""ADR""}]"
Surat itu dikirim oleh Sudirman di Bekasi minggu lalu.,"[{""start"": 23, ""end"": 31, ""label"": ""PER""}]"
Atlet semua diundang untuk hadir dalam acara tersebut.,[]
Acara tersebut diselenggarakan di 0812-3456-7890.,[]
"Rapat RT akan diadakan di 498 Jefferson Lane, Los Angeles, Amerika Serikat.","[{""start"": 26, ""end"": 74, ""label"": ""ADR""}]"
Apakah kamu sudah menghubungi Sri Sultan Hamengkubuwono X hari ini?,"[{""start"": 30, ""end"": 57, ""label"": ""PER""}]"
"KTP menunjukkan alamat di Perumahan Grand Wisata Blok C16 No. 7, Tangerang.","[{""start"": 26, ""end"": 74, ""label"": ""ADR""}]"
Menteri Luar Negeri Fajar Nugraha menyampaikan pernyataan resmi kemarin.,"[{""start"": 20, ""end"": 33, ""label"": ""PER""}]"
"Surat untuk Jefferson dialamatkan ke Gang Flamboyan, Surabaya.","[{""start"": 12, ""end"": 21, ""label"": ""PER""}, {""start"": 37, ""end"": 61, ""label"": ""ADR""}]"
Yanti dan Erick Thohir kompak hadir dalam acara itu.,"[{""start"": 0, ""end"": 5, ""label"": ""PER""}, {""start"": 10, ""end"": 22, ""label"": ""PER""}]"
Rishi Sunak dan Tubagus Hasanuddin kompak hadir dalam acara itu.,"[{""start"": 0, ""end"": 11, ""label"": ""PER""}, {""start"": 16, ""end"": 34, ""label"": ""PER""}]"
"KTP menunjukkan alamat di Apartemen Kalibata City Tower Mawar Lantai 14, Malang.","[{""start"": 26, ""end"": 79, ""label"": ""ADR""}]"
Menteri Luar Negeri sebelumnya adalah LeBron James.,"[{""start"": 38, ""end"": 50, ""label"": ""PER""}]"
"Sesuai catatan sipil, domisili tercatat di Gg. Ahmad Yani No. 124, Surabaya.","[{""start"": 43, ""end"": 75, ""label"": ""ADR""}]"
"Kost berada di Gang Ahmad Yani, RT 11/RW 04, Kel. Tegalsari, Kec. Buah Batu, Manado, Sulawesi Selatan, 37766.","[{""start"": 15, ""end"": 108, ""label"": ""ADR""}]"
Eko resmi menjabat sebagai Kepala Sekolah mulai bulan depan.,"[{""start"": 0, ""end"": 3, ""label"": ""PER""}]"
Jangan lupa follow @eko untuk info terkini.,"[{""start"": 20, ""end"": 23, ""label"": ""PER""}]"
Proyek ini dipimpin langsung oleh Raden Adjeng Kartini.,"[{""start"": 34, ""end"": 54, ""label"": ""PER""}]"
"Paket untuk Ahmad Dahlan dikirim ke Gg. Sudirman, Tangerang.","[{""start"": 12, ""end"": 24, ""label"": ""PER""}, {""start"": 36, ""end"": 59, ""label"": ""ADR""}]"
@yusrilihzamahendrashmsc membagikan update terbaru di akunnya.,"[{""start"": 1, ""end"": 24, ""label"": ""PER""}]"
Kost semua diundang untuk hadir dalam acara tersebut.,[]
Kapolri sebelumnya adalah Ustadzah Oki Setiana Dewi.,"[{""start"": 26, ""end"": 51, ""label"": ""PER""}]"
"RAPAT TERSEBUT DIHADIRI OLEH LESTARI DAN YUSRIL IHZA MAHENDRA, S.H., M.SC..","[{""start"": 29, ""end"": 36, ""label"": ""PER""}, {""start"": 41, ""end"": 74, ""label"": ""PER""}]"
"Nama: Rina Nose, Alamat: Gang Diponegoro No. 86, RT 10/RW 19, Kel. Gubeng, Yogyakarta.","[{""start"": 6, ""end"": 15, ""label"": ""PER""}, {""start"": 25, ""end"": 85, ""label"": ""ADR""}]"
Tolong sampaikan pesan ini kepada Albert Einstein secepatnya.,"[{""start"": 34, ""end"": 49, ""label"": ""PER""}]"
"Paket untuk Alif Santoso dikirim ke Jl. Kebon Jeruk No. 124, RT 15/RW 20, Kel. Tegalsari, Kec. Coblong, Denpasar, Sumatera Utara, 72858.","[{""start"": 12, ""end"": 24, ""label"": ""PER""}, {""start"": 36, ""end"": 135, ""label"": ""ADR""}]"
"Hartono, S.T., M.T. baru saja pindah dari Meta.","[{""start"": 0, ""end"": 19, ""label"": ""PER""}]"
"Di antara peserta terdapat Jackie Chan, Fajar Nugraha, dan Conor O'Brien.","[{""start"": 27, ""end"": 38, ""label"": ""PER""}, {""start"": 40, ""end"": 53, ""label"": ""PER""}, {""start"": 59, ""end"": 72, ""label"": ""PER""}]"
Surat itu dikirim oleh Diego Maradona di DPR RI minggu lalu.,"[{""start"": 23, ""end"": 37, ""label"": ""PER""}]"
Dini Imaniar resmi menjabat sebagai Menteri Luar Negeri mulai bulan depan.,"[{""start"": 0, ""end"": 12, ""label"": ""PER""}]"
"Paket untuk Rian dikirim ke Perumahan Villa Melati Blok D8 No. 39, Bekasi.","[{""start"": 12, ""end"": 16, ""label"": ""PER""}, {""start"": 28, ""end"": 73, ""label"": ""ADR""}]"
"Di antara peserta terdapat Justin Trudeau, Ganjar Pranowo, dan Dewi.","[{""start"": 27, ""end"": 41, ""label"": ""PER""}, {""start"": 43, ""end"": 57, ""label"": ""PER""}, {""start"": 63, ""end"": 67, ""label"": ""PER""}]"
"Menurut I Gusti Ngurah Rai dan Rina, kebijakan ini perlu direvisi.","[{""start"": 8, ""end"": 26, ""label"": ""PER""}, {""start"": 31, ""end"": 35, ""label"": ""PER""}]"
Saya melihat Sri Mulyani sedang makan siang di kantin.,"[{""start"": 13, ""end"": 24, ""label"": ""PER""}]"
Tolong sampaikan pesan ini kepada Wati secepatnya.,"[{""start"": 34, ""end"": 38, ""label"": ""PER""}]"
"Ia baru saja pindah ke Gang Flamboyan No. 76B, RT 11/RW 17, Kel. Cihapit, Manado.","[{""start"": 23, ""end"": 80, ""label"": ""ADR""}]"
Gagasan yang dikemukakan oleh Dewi memicu perdebatan panjang.,"[{""start"": 30, ""end"": 34, ""label"": ""PER""}]"
"Surat dari Made Wirawan, S.H., M.H. membahas rencana terkait Jakarta.","[{""start"": 11, ""end"": 35, ""label"": ""PER""}]"
"Penerima: Ahmad, Tujuan: Gang Diponegoro, RT 10/RW 08, Kel. Antapani, Denpasar","[{""start"": 10, ""end"": 15, ""label"": ""PER""}, {""start"": 25, ""end"": 78, ""label"": ""ADR""}]"
Surat dari Bruce Lee membahas rencana terkait Prancis.,"[{""start"": 11, ""end"": 20, ""label"": ""PER""}]"
Rapat dewan direksi besok akan dipimpin oleh Prof. Emil Salim.,"[{""start"": 45, ""end"": 61, ""label"": ""PER""}]"
"Sesuai catatan sipil, domisili tercatat di 884 King Road, Sydney, 58535, Australia.","[{""start"": 43, ""end"": 82, ""label"": ""ADR""}]"
Mawar hadir dalam acara itu belum dikonfirmasi panitia.,[]
Rapat membahas PBB akan dilaksanakan besok.,[]
"Alamat saya di Jalan Rajawali No. 7, RT 03/RW 08, Kel. Antapani, Kec. Tegalsari, Manado, Jawa Tengah, 40861.","[{""start"": 15, ""end"": 107, ""label"": ""ADR""}]"
Apakah benar Beyoncé akan datang ke konferensi besok?,"[{""start"": 13, ""end"": 20, ""label"": ""PER""}]"
Mawar mulai terlihat sejak dini hari.,[]
Sri Mulyani berangkat ke kantor pagi ini.,"[{""start"": 0, ""end"": 11, ""label"": ""PER""}]"
"Rumah kost berada di 764 Churchill Boulevard, Dubai, Uni Emirat Arab.","[{""start"": 21, ""end"": 68, ""label"": ""ADR""}]"
"Menurut Nita, 0812-3456-7890 perlu dievaluasi ulang.","[{""start"": 8, ""end"": 12, ""label"": ""PER""}]"
Kantor pusatnya berlokasi di Beijing.,[]
"Tim tersebut beranggotakan Franklin D. Roosevelt, Justin Trudeau, Michael Jordan, dan Lincoln.","[{""start"": 27, ""end"": 48, ""label"": ""PER""}, {""start"": 50, ""end"": 64, ""label"": ""PER""}, {""start"": 66, ""end"": 80, ""label"": ""PER""}, {""start"": 86, ""end"": 93, ""label"": ""PER""}]"
KEMARIN SAYA BERTEMU DENGAN AGUS HARIMURTI YUDHOYONO DI KOMPAS.,"[{""start"": 28, ""end"": 52, ""label"": ""PER""}]"
"Penerima: Emmanuel Macron, Tujuan: Gg. Mangga Dua No. 166A, RT 20/RW 18, Desa Sukamaju, Kec. Buah Batu, Malang, Jawa Tengah, 43834","[{""start"": 10, ""end"": 25, ""label"": ""PER""}, {""start"": 35, ""end"": 130, ""label"": ""ADR""}]"
Nomor kontak yang bisa dihubungi adalah Sekolah Dasar Kartini.,[]
HARGA BBM RESMI NAIK MULAI BESOK.,[]
Mereka mekar dengan indah di taman setiap pagi.,[]
LONDON BARU SAJA MERILIS LAPORAN TAHUNAN.,[]
"Menurut Rian, ""keputusan ini sudah final.""","[{""start"": 8, ""end"": 12, ""label"": ""PER""}]"
"Sesuai catatan sipil, domisili tercatat di Gg. Rajawali, Tangerang.","[{""start"": 43, ""end"": 66, ""label"": ""ADR""}]"
DR. REISA BROTO ASMORO BEKERJA DI KUALA LUMPUR.,"[{""start"": 0, ""end"": 22, ""label"": ""PER""}]"
"KTP atas nama Anies Baswedan beralamat di 969 Baker Drive, Paris, Prancis.","[{""start"": 14, ""end"": 28, ""label"": ""PER""}, {""start"": 42, ""end"": 73, ""label"": ""ADR""}]"
"Nama Lengkap: Dini Imaniar
Alamat: Jl. Mangga Dua No. 143B, RT 01/RW 20, Kel. Tegalsari, Makassar.","[{""start"": 14, ""end"": 26, ""label"": ""PER""}, {""start"": 35, ""end"": 97, ""label"": ""ADR""}]"
Kami sudah lama menetap di Sumatera Utara.,[]
Doni bertemu dengan rekannya di Medan.,"[{""start"": 0, ""end"": 4, ""label"": ""PER""}]"
"Halo semua, nama gue Gatot Subroto, salam kenal ya!","[{""start"": 21, ""end"": 34, ""label"": ""PER""}]"
PEMERINTAH UMUMKAN KEBIJAKAN SUBSIDI BARU.,[]
Mereka berada di lokasi yang sudah ditentukan.,[]
"Nama Lengkap: Jenderal Gatot Nurmantyo
Alamat: 913 Wall Boulevard, New York, Amerika Serikat.","[{""start"": 14, ""end"": 38, ""label"": ""PER""}, {""start"": 47, ""end"": 92, ""label"": ""ADR""}]"
Buya Hamka resmi menjabat sebagai Menteri Keuangan RI mulai bulan depan.,"[{""start"": 0, ""end"": 10, ""label"": ""PER""}]"
Bunga hadir dalam acara itu belum dikonfirmasi panitia.,[]
Kevin Sanjaya Sukamuljo dan Jean-Luc Picard kompak hadir dalam acara itu.,"[{""start"": 0, ""end"": 23, ""label"": ""PER""}, {""start"": 28, ""end"": 43, ""label"": ""PER""}]"
Penghargaan Nobel tahun ini jatuh kepada Bernard Arnault atas dedikasinya.,"[{""start"": 41, ""end"": 56, ""label"": ""PER""}]"
Gubernur DKI Jakarta sebelumnya adalah Maria.,"[{""start"": 39, ""end"": 44, ""label"": ""PER""}]"
"Jean-Luc Picard menegaskan, ""kami akan terus berusaha.""","[{""start"": 0, ""end"": 15, ""label"": ""PER""}]"
@laksamanamudatnisinaradi baru saja mengunggah foto liburannya.,"[{""start"": 1, ""end"": 25, ""label"": ""PER""}]"
"Atlet, menurut laporan itu, akan segera diperbarui.",[]
"Penerima: Warren Buffett, Tujuan: Jalan Cendrawasih No. 65B, RT 09/RW 12, Kel. Menteng, Kec. Cimahi Utara, Tangerang, Jawa Tengah, 84464","[{""start"": 10, ""end"": 24, ""label"": ""PER""}, {""start"": 34, ""end"": 136, ""label"": ""ADR""}]"
"Prof. Ir. Bambang Permadi Soemantri Brodjonegoro, M.Sc. resmi menjabat sebagai Kepala Sekolah mulai bulan depan.","[{""start"": 0, ""end"": 55, ""label"": ""PER""}]"
"Dalam konferensi persnya, François Hollande menolak memberikan komentar.","[{""start"": 26, ""end"": 43, ""label"": ""PER""}]"
Dokumen itu merujuk pada Manado.,[]
"Kost berada di Gang Melati, RT 17/RW 01, Kel. Cihapit, Kec. Gubeng, Tangerang, Kalimantan Timur, 12615.","[{""start"": 15, ""end"": 102, ""label"": ""ADR""}]"
Lengkap bukan bagian dari agenda rapat kali ini.,[]
"Raisa Andriana tinggal di Jl. Kebon Jeruk, RT 04/RW 18, Kel. Cihapit, Kec. Cimahi Utara, Depok, Sulawesi Selatan, 62025.","[{""start"": 0, ""end"": 14, ""label"": ""PER""}, {""start"": 26, ""end"": 119, ""label"": ""ADR""}]"
Bruce Lee baru saja pindah dari Bandung.,"[{""start"": 0, ""end"": 9, ""label"": ""PER""}]"
Rapat dewan direksi besok akan dipimpin oleh Prof. Dr. dr. Zubairi Djoerban.,"[{""start"": 45, ""end"": 75, ""label"": ""PER""}]"
"Menurut Gatot Subroto, ""keputusan ini sudah final.""","[{""start"": 8, ""end"": 21, ""label"": ""PER""}]"
R.A. Kartini bekerja di Tesla.,"[{""start"": 0, ""end"": 12, ""label"": ""PER""}]"
"MENURUT LAPORAN, SEMARANG MENGALAMI PENINGKATAN SIGNIFIKAN.",[]
Buku terbaru itu ditulis oleh Gatot Subroto dan diterbitkan bulan lalu.,"[{""start"": 30, ""end"": 43, ""label"": ""PER""}]"
Kantor pusatnya berlokasi di Bogor.,[]
JANGAN LUPA FOLLOW @AHMADYANI UNTUK INFO TERKINI.,"[{""start"": 20, ""end"": 29, ""label"": ""PER""}]"
Buku terbaru itu ditulis oleh Justin Trudeau dan diterbitkan bulan lalu.,"[{""start"": 30, ""end"": 44, ""label"": ""PER""}]"
"Menurut CEO Tesla Churchill, kebijakan ini akan segera direvisi.","[{""start"": 18, ""end"": 27, ""label"": ""PER""}]"
"Peserta pelatihan meliputi Muhammad Hasan Sadikin, Bernard Arnault, dan Pramoedya Ananta Toer dari kantor cabang.","[{""start"": 27, ""end"": 49, ""label"": ""PER""}, {""start"": 51, ""end"": 66, ""label"": ""PER""}, {""start"": 72, ""end"": 93, ""label"": ""PER""}]"
"Halo semua, nama gue Diponegoro, salam kenal ya!","[{""start"": 21, ""end"": 31, ""label"": ""PER""}]"
JANGAN LUPA FOLLOW @HENDRA UNTUK INFO TERKINI.,"[{""start"": 20, ""end"": 26, ""label"": ""PER""}]"
"Menurut Raden Mas Soewardi Suryaningrat, ""keputusan ini sudah final.""","[{""start"": 8, ""end"": 39, ""label"": ""PER""}]"
KEBAKARAN HUTAN MELUAS DI KALIMANTAN.,[]
Mawar mulai terlihat sejak dini hari.,[]
Saya tinggal di Tokyo sejak kecil.,[]
Rapat membahas Denpasar akan dilaksanakan besok.,[]
"Rumah kost berada di Jl. Anggrek No. 155B, Bekasi.","[{""start"": 21, ""end"": 49, ""label"": ""ADR""}]"
Anne-Marie Laurent bekerja di Kompas.,"[{""start"": 0, ""end"": 18, ""label"": ""PER""}]"
"RUMAH KOST BERADA DI 699 ORCHARD LANE, KUALA LUMPUR, 91517, MALAYSIA.","[{""start"": 21, ""end"": 68, ""label"": ""ADR""}]"
"DI ANTARA PESERTA TERDAPAT IKO UWAIS, TIGOR SILABAN, NYOMAN, DAN MARIE CURIE.","[{""start"": 27, ""end"": 36, ""label"": ""PER""}, {""start"": 38, ""end"": 51, ""label"": ""PER""}, {""start"": 53, ""end"": 59, ""label"": ""PER""}, {""start"": 65, ""end"": 76, ""label"": ""PER""}]"
"Yang hadir dalam pertemuan itu adalah Maria, dr. Tirta Mandira Hudhi, M.Ked., dan Dewi Anggraini, S.Psi., Psikolog.","[{""start"": 38, ""end"": 43, ""label"": ""PER""}, {""start"": 45, ""end"": 76, ""label"": ""PER""}, {""start"": 82, ""end"": 114, ""label"": ""PER""}]"
"TIM TERSEBUT BERANGGOTAKAN AHMAD YANI, SERENA WILLIAMS, RINA NOSE, DAN MAHATMA GANDHI.","[{""start"": 27, ""end"": 37, ""label"": ""PER""}, {""start"": 39, ""end"": 54, ""label"": ""PER""}, {""start"": 56, ""end"": 65, ""label"": ""PER""}, {""start"": 71, ""end"": 85, ""label"": ""PER""}]"
Nomor kontak Eko bisa dihubungi melalui Kementerian Keuangan.,"[{""start"": 13, ""end"": 16, ""label"": ""PER""}]"
"MENURUT MENTERI KEUANGAN RI NYOMAN, KEBIJAKAN INI AKAN SEGERA DIREVISI.","[{""start"": 28, ""end"": 34, ""label"": ""PER""}]"
@ajimasaid baru saja mengunggah foto liburannya.,"[{""start"": 1, ""end"": 10, ""label"": ""PER""}]"
"Prof. Dr. Ing. B.J. Habibie baru saja pindah ke Dusun Karangasem RT 07/RW 20, Kel. Cihapit, Kec. Sukasari, Kab. Sleman.","[{""start"": 0, ""end"": 27, ""label"": ""PER""}, {""start"": 48, ""end"": 118, ""label"": ""ADR""}]"
Kemarin mobilnya Gus Miftah mogok di jalan tol.,"[{""start"": 17, ""end"": 27, ""label"": ""PER""}]"
@profdringbjhabibie baru saja mengunggah foto liburannya.,"[{""start"": 1, ""end"": 19, ""label"": ""PER""}]"
Saya punya saudara di jakarta namanya Jenderal Gatot Nurmantyo.,"[{""start"": 38, ""end"": 62, ""label"": ""PER""}]"
WALI KOTA SURABAYA CUT NYAK DIEN MENYAMPAIKAN PERNYATAAN RESMI KEMARIN.,"[{""start"": 19, ""end"": 32, ""label"": ""PER""}]"
PEMERINTAH UMUMKAN KEBIJAKAN SUBSIDI BARU.,[]
"Rumah kost berada di 6 Churchill Boulevard, New York, 42552, Amerika Serikat.","[{""start"": 21, ""end"": 76, ""label"": ""ADR""}]"
"Di antara peserta terdapat Jean-Pierre Dubois, Eko, Ir. Djoko Kirmanto, Dipl.HE, dan Nadiem Makarim.","[{""start"": 27, ""end"": 45, ""label"": ""PER""}, {""start"": 47, ""end"": 50, ""label"": ""PER""}, {""start"": 52, ""end"": 79, ""label"": ""PER""}, {""start"": 85, ""end"": 99, ""label"": ""PER""}]"
"Kantor kami beralamat di 308 Park Drive, Kuala Lumpur, Malaysia.","[{""start"": 25, ""end"": 63, ""label"": ""ADR""}]"
"Sesuai catatan sipil, domisili tercatat di Dusun Sumber RT 02/RW 04, Kel. Sukajadi, Kec. Buah Batu, Kab. Sidoarjo.","[{""start"": 43, ""end"": 113, ""label"": ""ADR""}]"
Acara tersebut diselenggarakan di PBB.,[]
Anggun C. Sasmi resmi menjabat sebagai Gubernur DKI Jakarta mulai bulan depan.,"[{""start"": 0, ""end"": 15, ""label"": ""PER""}]"
"Kost berada di Dusun Krajan RT 02/RW 07, Kel. Antapani, Kec. Menteng, Kab. Sleman.","[{""start"": 15, ""end"": 81, ""label"": ""ADR""}]"
Gatot Subroto bertemu dengan rekannya di PT Astra International.,"[{""start"": 0, ""end"": 13, ""label"": ""PER""}]"
"Menurut Ustadz Abdul Somad, Tangerang perlu dievaluasi ulang.","[{""start"": 8, ""end"": 26, ""label"": ""PER""}]"
Kami sudah lama menetap di Sulawesi Selatan.,[]
"Ketua DPR RI, Agus, menyampaikan pernyataan resmi kemarin.","[{""start"": 14, ""end"": 18, ""label"": ""PER""}]"
"Di antara peserta terdapat Dian Sastrowardoyo, Anthony Albanese, Sandiaga Uno, dan Raden Mas Soewardi Suryaningrat.","[{""start"": 27, ""end"": 45, ""label"": ""PER""}, {""start"": 47, ""end"": 63, ""label"": ""PER""}, {""start"": 65, ""end"": 77, ""label"": ""PER""}, {""start"": 83, ""end"": 114, ""label"": ""PER""}]"
"Paket untuk Fajar Nugraha dikirim ke Apartemen Taman Anggrek Residence Tower Melati Lantai 14, Tangerang.","[{""start"": 12, ""end"": 25, ""label"": ""PER""}, {""start"": 37, ""end"": 104, ""label"": ""ADR""}]"
"Di antara peserta terdapat Lionel Messi, Tigor Silaban, dan LeBron James.","[{""start"": 27, ""end"": 39, ""label"": ""PER""}, {""start"": 41, ""end"": 54, ""label"": ""PER""}, {""start"": 60, ""end"": 72, ""label"": ""PER""}]"
"Kami sedang menunggu tanda tangan dari Hartono, S.T., M.T. untuk mencairkan dana.","[{""start"": 39, ""end"": 58, ""label"": ""PER""}]"
"Paket untuk Laksamana Muda TNI Sinar Adi dikirim ke Jalan Gatot Subroto, RT 06/RW 14, Kel. Sukajadi, Balikpapan.","[{""start"": 12, ""end"": 40, ""label"": ""PER""}, {""start"": 52, ""end"": 111, ""label"": ""ADR""}]"
Kemarin mobilnya Muhammad Ikbal mogok di jalan tol.,"[{""start"": 17, ""end"": 31, ""label"": ""PER""}]"
"Surat untuk Siti Aminah dialamatkan ke Gg. Basuki Rahmat No. 48, Jakarta.","[{""start"": 12, ""end"": 23, ""label"": ""PER""}, {""start"": 39, ""end"": 72, ""label"": ""ADR""}]"
MENTERI KEUANGAN RI JEFF BEZOS MERESMIKAN ACARA TERSEBUT.,"[{""start"": 20, ""end"": 30, ""label"": ""PER""}]"
"MENTERI LUAR NEGERI, PRAMOEDYA ANANTA TOER, MENYAMPAIKAN PERNYATAAN RESMI KEMARIN.","[{""start"": 21, ""end"": 42, ""label"": ""PER""}]"
"Halo semua, nama gue René Descartes, salam kenal ya!","[{""start"": 21, ""end"": 35, ""label"": ""PER""}]"
Lisa dan Mahatma Gandhi kompak hadir dalam acara itu.,"[{""start"": 0, ""end"": 4, ""label"": ""PER""}, {""start"": 9, ""end"": 23, ""label"": ""PER""}]"
Kami sedang menunggu tanda tangan dari Greysia Polii untuk mencairkan dana.,"[{""start"": 39, ""end"": 52, ""label"": ""PER""}]"
Kantor pusatnya berlokasi di Kementerian Keuangan.,[]
"Nomor kontak dr. Tirta Mandira Hudhi, M.Ked. bisa dihubungi melalui Palembang.","[{""start"": 13, ""end"": 44, ""label"": ""PER""}]"
"KTP menunjukkan alamat di 481 Park Road, Sydney, Australia.","[{""start"": 26, ""end"": 58, ""label"": ""ADR""}]"
"Nama Lengkap: Dewi
Alamat: 536 Victoria Road, Berlin, 69650, Jerman.","[{""start"": 14, ""end"": 18, ""label"": ""PER""}, {""start"": 27, ""end"": 67, ""label"": ""ADR""}]"
I Gusti Ngurah Rai adalah salah satu tokoh penting dalam sejarah.,"[{""start"": 0, ""end"": 18, ""label"": ""PER""}]"
Rapat tersebut dihadiri oleh Eko dan Suharto.,"[{""start"": 29, ""end"": 32, ""label"": ""PER""}, {""start"": 37, ""end"": 44, ""label"": ""PER""}]"
Kemarin saya pergi ke Korea untuk urusan pekerjaan.,[]
"IA BARU SAJA PINDAH KE JALAN CEMPAKA PUTIH NO. 162A, RT 04/RW 13, KEL. MENTENG, MALANG.","[{""start"": 23, ""end"": 86, ""label"": ""ADR""}]"
Rapat tersebut dihadiri oleh Budi Gunadi Sadikin dan Tubagus Chasan Sochib.,"[{""start"": 29, ""end"": 48, ""label"": ""PER""}, {""start"": 53, ""end"": 74, ""label"": ""PER""}]"
"Rumah kost berada di 338 Churchill Avenue, Kuala Lumpur, 84043, Malaysia.","[{""start"": 21, ""end"": 72, ""label"": ""ADR""}]"
@wahyu baru saja mengunggah foto liburannya.,"[{""start"": 1, ""end"": 6, ""label"": ""PER""}]"
"Menurut Ir. Djoko Kirmanto, Dipl.HE, Jakarta perlu dievaluasi ulang.","[{""start"": 8, ""end"": 35, ""label"": ""PER""}]"
Pihak kepolisian masih memeriksa Justin Trudeau sebagai saksi utama.,"[{""start"": 33, ""end"": 47, ""label"": ""PER""}]"
Xi Jinping baru saja pindah dari Balikpapan.,"[{""start"": 0, ""end"": 10, ""label"": ""PER""}]"
"Menurut Muhammad Hasan Sadikin, Bandung perlu dievaluasi ulang.","[{""start"": 8, ""end"": 30, ""label"": ""PER""}]"
"Nama: Mahatma Gandhi, Alamat: Perumahan Griya Asri Blok E5 No. 49, Bandung.","[{""start"": 6, ""end"": 20, ""label"": ""PER""}, {""start"": 30, ""end"": 74, ""label"": ""ADR""}]"
"Panitia mengundang R.A. Kartini, Tubagus Hasanuddin, Nyoman, dan Anies Baswedan sebagai narasumber.","[{""start"": 19, ""end"": 31, ""label"": ""PER""}, {""start"": 33, ""end"": 51, ""label"": ""PER""}, {""start"": 53, ""end"": 59, ""label"": ""PER""}, {""start"": 65, ""end"": 79, ""label"": ""PER""}]"
"Alamat saya di Gg. Cemara No. 135, RT 05/RW 20, Desa Sukamaju, Kec. Tegalsari, Bogor, DI Yogyakarta, 87779.","[{""start"": 15, ""end"": 106, ""label"": ""ADR""}]"
"Sesuai catatan sipil, domisili tercatat di Jl. Flamboyan No. 32B, RT 16/RW 15, Kel. Gubeng, Kec. Sukasari, Medan, Jawa Tengah, 84532.","[{""start"": 43, ""end"": 132, ""label"": ""ADR""}]"
Prof. Dr. Ing. B.J. Habibie bekerja di Bulog.,"[{""start"": 0, ""end"": 27, ""label"": ""PER""}]"
"Halo semua, nama gue Fitri, salam kenal ya!","[{""start"": 21, ""end"": 26, ""label"": ""PER""}]"
"Sinta, I Gusti Ngurah Rai, serta Erick Thohir kompak hadir dalam acara itu.","[{""start"": 0, ""end"": 5, ""label"": ""PER""}, {""start"": 7, ""end"": 25, ""label"": ""PER""}, {""start"": 33, ""end"": 45, ""label"": ""PER""}]"
Pihak kepolisian masih memeriksa Cristiano Ronaldo sebagai saksi utama.,"[{""start"": 33, ""end"": 50, ""label"": ""PER""}]"
Halo bukan bagian dari agenda rapat kali ini.,[]
Kemarin saya bertemu dengan Letjen (Purn) Prabowo Subianto di New York.,"[{""start"": 28, ""end"": 58, ""label"": ""PER""}]"
"Penerima: Putri, Tujuan: Jl. Kenanga No. 97, RT 10/RW 09, Kel. Antapani, Yogyakarta","[{""start"": 10, ""end"": 15, ""label"": ""PER""}, {""start"": 25, ""end"": 83, ""label"": ""ADR""}]"
MEREKA BERADA DI LOKASI YANG SUDAH DITENTUKAN.,[]
"Kantor kami beralamat di 74 Washington Avenue, Singapura, Singapura.","[{""start"": 25, ""end"": 67, ""label"": ""ADR""}]"
Mereka berada di lokasi yang sudah ditentukan.,[]
"KTP atas nama Fajar beralamat di Gang Ahmad Dahlan No. 171, Surabaya.","[{""start"": 14, ""end"": 19, ""label"": ""PER""}, {""start"": 33, ""end"": 68, ""label"": ""ADR""}]"
Surat itu dikirim oleh Lincoln di RS Siloam minggu lalu.,"[{""start"": 23, ""end"": 30, ""label"": ""PER""}]"
"Kost berada di 216 Lincoln Street, Tokyo, 84020, Jepang.","[{""start"": 15, ""end"": 55, ""label"": ""ADR""}]"
"Silakan kirim paket ke 635 Jefferson Drive, Kuala Lumpur, Malaysia.","[{""start"": 23, ""end"": 66, ""label"": ""ADR""}]"
"Kost berada di Jalan Kebon Jeruk No. 132A, RT 02/RW 04, Desa Sukamaju, Kec. Menteng, Jakarta, DI Yogyakarta, 51180.","[{""start"": 15, ""end"": 114, ""label"": ""ADR""}]"
Banyak pihak yang setuju dengan analisis Jackie Chan mengenai krisis ekonomi.,"[{""start"": 41, ""end"": 52, ""label"": ""PER""}]"
Saya tinggal di Palembang sejak kecil.,[]
Dokumen itu merujuk pada Jakarta.,[]
"Nama Lengkap: Prof. Dr. Ing. B.J. Habibie
Alamat: Gang Diponegoro No. 104A, Yogyakarta.","[{""start"": 14, ""end"": 41, ""label"": ""PER""}, {""start"": 50, ""end"": 86, ""label"": ""ADR""}]"
Ia baru saja pindah ke Tokyo.,[]
@madewirawanshmh baru saja mengunggah foto liburannya.,"[{""start"": 1, ""end"": 16, ""label"": ""PER""}]"
"Joe Taslim baru saja pindah ke Gang Cempaka Putih No. 174A, RT 13/RW 07, Kel. Sukajadi, Kec. Menteng, Balikpapan, Kalimantan Timur, 83678.","[{""start"": 0, ""end"": 10, ""label"": ""PER""}, {""start"": 31, ""end"": 137, ""label"": ""ADR""}]"
"KOST BERADA DI GG. MAWAR, RT 16/RW 19, DESA CIBOGO, TANGERANG.","[{""start"": 15, ""end"": 61, ""label"": ""ADR""}]"
Bambang Pamungkas resmi menjabat sebagai Direktur Utama mulai bulan depan.,"[{""start"": 0, ""end"": 17, ""label"": ""PER""}]"
Kantor pusatnya berlokasi di Denpasar.,[]
EKONOMI NASIONAL TUMBUH 5 PERSEN KUARTAL INI.,[]
"Presiden AS ke-46, Sandiaga Uno, menyampaikan pernyataan resmi kemarin.","[{""start"": 19, ""end"": 31, ""label"": ""PER""}]"
Kemarin saya bertemu dengan Jean-Pierre Dubois di stasiun.,"[{""start"": 28, ""end"": 46, ""label"": ""PER""}]"
Apakah kamu sudah menghubungi Alif Santoso hari ini?,"[{""start"": 30, ""end"": 42, ""label"": ""PER""}]"
"Nama Lengkap: Washington
Alamat: Jalan Melati, RT 06/RW 06, Kel. Antapani, Bogor.","[{""start"": 14, ""end"": 24, ""label"": ""PER""}, {""start"": 33, ""end"": 80, ""label"": ""ADR""}]"
"Rapat RT akan diadakan di Jalan Mawar No. 63B, RT 02/RW 01, Desa Sukamaju, Palembang.","[{""start"": 26, ""end"": 84, ""label"": ""ADR""}]"
"Cak Lontong, selaku Kapolri, hadir dalam konferensi pers.","[{""start"": 0, ""end"": 11, ""label"": ""PER""}]"
"""Saya akan segera berangkat,"" ujar Muhammad Hasan Sadikin.","[{""start"": 35, ""end"": 57, ""label"": ""PER""}]"
Proyek ini dipimpin langsung oleh Dian Sastrowardoyo.,"[{""start"": 34, ""end"": 52, ""label"": ""PER""}]"
Rapat membahas Kuala Lumpur akan dilaksanakan besok.,[]
"Rapat RT akan diadakan di Gg. Melati, Makassar.","[{""start"": 26, ""end"": 46, ""label"": ""ADR""}]"
"Halo semua, nama gue Jean-Luc Picard, salam kenal ya!","[{""start"": 21, ""end"": 36, ""label"": ""PER""}]"
Banyak pihak yang setuju dengan analisis Steve Jobs mengenai krisis ekonomi.,"[{""start"": 41, ""end"": 51, ""label"": ""PER""}]"
Kemarin Prof. Dr. Ing. B.J. Habibie membahas Belanda bersama timnya.,"[{""start"": 8, ""end"": 35, ""label"": ""PER""}]"
BANJIR BESAR RENDAM RIBUAN RUMAH DI PESISIR.,[]
PEMERINTAH UMUMKAN KEBIJAKAN SUBSIDI BARU.,[]
Surat dari Tubagus Hasanuddin membahas rencana terkait UU No. 8 Tahun 1999.,"[{""start"": 11, ""end"": 29, ""label"": ""PER""}]"
Acara tahunan itu selalu digelar di Berlin.,[]
Gatot Subroto tinggal di Yth. Bapak/Ibu sejak tahun lalu.,"[{""start"": 0, ""end"": 13, ""label"": ""PER""}]"
"Nama Lengkap: Apriyani Rahayu
Alamat: Gang Rajawali No. 110B, Semarang.","[{""start"": 14, ""end"": 29, ""label"": ""PER""}, {""start"": 38, ""end"": 70, ""label"": ""ADR""}]"
KEBAKARAN HUTAN MELUAS DI KALIMANTAN.,[]
"Menurut Ir. Soekarno, ""keputusan ini sudah final.""","[{""start"": 8, ""end"": 20, ""label"": ""PER""}]"
Atlet mekar dengan indah di taman setiap pagi.,[]
@barackobama baru saja mengunggah foto liburannya.,"[{""start"": 1, ""end"": 12, ""label"": ""PER""}]"
@rogerfederer baru saja mengunggah foto liburannya.,"[{""start"": 1, ""end"": 13, ""label"": ""PER""}]"
"Wali Kota Surabaya, Kim Jong-un, meresmikan acara tersebut.","[{""start"": 20, ""end"": 31, ""label"": ""PER""}]"
François Hollande resmi menjabat sebagai Kepala Sekolah mulai bulan depan.,"[{""start"": 0, ""end"": 17, ""label"": ""PER""}]"
Acara tahunan itu selalu digelar di London.,[]
Rapat dewan direksi besok akan dipimpin oleh Hendra.,"[{""start"": 45, ""end"": 51, ""label"": ""PER""}]"
Budi Gunadi Sadikin bekerja di Yth. Bapak/Ibu.,"[{""start"": 0, ""end"": 19, ""label"": ""PER""}]"
Jangan lupa undang H. Rhoma Irama ke acara ulang tahun minggu depan.,"[{""start"": 19, ""end"": 33, ""label"": ""PER""}]"
"Rapat RT akan diadakan di Gg. Diponegoro No. 131A, Jakarta.","[{""start"": 26, ""end"": 58, ""label"": ""ADR""}]"
"Dalam konferensi persnya, Doni menolak memberikan komentar.","[{""start"": 26, ""end"": 30, ""label"": ""PER""}]"
KEMARIN FAJAR NUGRAHA MEMBAHAS UU NO. 8 TAHUN 1999 BERSAMA TIMNYA.,"[{""start"": 8, ""end"": 21, ""label"": ""PER""}]"
"Kost berada di Apartemen Kalibata City Tower A Lantai 30, Malang.","[{""start"": 15, ""end"": 64, ""label"": ""ADR""}]"
"MENURUT LAPORAN, TANGERANG MENGALAMI PENINGKATAN SIGNIFIKAN.",[]
K.H. Ma'ruf Amin resmi menjabat sebagai Menteri Keuangan RI mulai bulan depan.,"[{""start"": 0, ""end"": 16, ""label"": ""PER""}]"
"Joko Widodo tinggal di Gang Mangga Dua, RT 18/RW 16, Kel. Menteng, Kec. Gubeng, Balikpapan, Kalimantan Timur, 48335.","[{""start"": 0, ""end"": 11, ""label"": ""PER""}, {""start"": 23, ""end"": 115, ""label"": ""ADR""}]"
"Panitia mengundang Rina, Wayan, dan Steve Jobs sebagai narasumber.","[{""start"": 19, ""end"": 23, ""label"": ""PER""}, {""start"": 25, ""end"": 30, ""label"": ""PER""}, {""start"": 36, ""end"": 46, ""label"": ""PER""}]"
"Menurut Perdana Menteri Inggris Volodymyr Zelenskyy, kebijakan ini akan segera direvisi.","[{""start"": 32, ""end"": 51, ""label"": ""PER""}]"
EKONOMI NASIONAL TUMBUH 5 PERSEN KUARTAL INI.,[]
"Tim tersebut beranggotakan Ir. Djoko Kirmanto, Dipl.HE, Irfan Hakim, dan H. Rhoma Irama.","[{""start"": 27, ""end"": 54, ""label"": ""PER""}, {""start"": 56, ""end"": 67, ""label"": ""PER""}, {""start"": 73, ""end"": 87, ""label"": ""PER""}]"
Kost semua diundang untuk hadir dalam acara tersebut.,[]
GUSTI KANJENG RATU HEMAS MENGHADIRI RAPAT MENGENAI BEKASI PAGI INI.,"[{""start"": 0, ""end"": 24, ""label"": ""PER""}]"
"Fajar, menurut laporan itu, akan segera diperbarui.",[]
Rapat dewan direksi besok akan dipimpin oleh Ahmad Yani.,"[{""start"": 45, ""end"": 55, ""label"": ""PER""}]"
"Banyak pihak yang setuju dengan analisis Yusril Ihza Mahendra, S.H., M.Sc. mengenai krisis ekonomi.","[{""start"": 41, ""end"": 74, ""label"": ""PER""}]"
"Sandiaga Uno baru saja pindah ke PO Box 1101, Yogyakarta 53941.","[{""start"": 0, ""end"": 12, ""label"": ""PER""}, {""start"": 33, ""end"": 62, ""label"": ""ADR""}]"
Nomor kontak Beyoncé bisa dihubungi melalui Paris.,"[{""start"": 13, ""end"": 20, ""label"": ""PER""}]"
@radenmassoewardisuryaningrat baru saja mengunggah foto liburannya.,"[{""start"": 1, ""end"": 29, ""label"": ""PER""}]"
"Gubernur DKI Jakarta, Iwan Fals, menyampaikan pernyataan resmi kemarin.","[{""start"": 22, ""end"": 31, ""label"": ""PER""}]"
Jefferson bekerja di Universitas Diponegoro.,"[{""start"": 0, ""end"": 9, ""label"": ""PER""}]"
"""Ini adalah langkah yang tepat,"" tutur Prof. Dr. Anies Baswedan, M.P.P. kepada wartawan.","[{""start"": 39, ""end"": 71, ""label"": ""PER""}]"
Keputusan final berada di tangan Kanjeng Gusti Pangeran Adipati Arya Mangkunegara IX selaku manajer proyek.,"[{""start"": 33, ""end"": 84, ""label"": ""PER""}]"
"Menurut Rudi, Rumah Sakit Bunda perlu dievaluasi ulang.","[{""start"": 8, ""end"": 12, ""label"": ""PER""}]"
"Menurut laporan, Indonesia mengalami peningkatan signifikan.",[]
"Rapat tersebut dihadiri oleh Prof. Ir. Bambang Permadi Soemantri Brodjonegoro, M.Sc. dan Anggun C. Sasmi.","[{""start"": 29, ""end"": 84, ""label"": ""PER""}, {""start"": 89, ""end"": 104, ""label"": ""PER""}]"
Gubernur DKI Jakarta sebelumnya adalah Luhut Binsar Pandjaitan.,"[{""start"": 39, ""end"": 62, ""label"": ""PER""}]"
@sergeybrin baru saja mengunggah foto liburannya.,"[{""start"": 1, ""end"": 11, ""label"": ""PER""}]"
Saya tinggal di Bogor sejak kecil.,[]
Gagasan yang dikemukakan oleh Anthony Albanese memicu perdebatan panjang.,"[{""start"": 30, ""end"": 46, ""label"": ""PER""}]"
"Rapat dihadiri oleh Karni Ilyas, Yasonna Laoly, Suharto, dan Ahmad Yani sore ini.","[{""start"": 20, ""end"": 31, ""label"": ""PER""}, {""start"": 33, ""end"": 46, ""label"": ""PER""}, {""start"": 48, ""end"": 55, ""label"": ""PER""}, {""start"": 61, ""end"": 71, ""label"": ""PER""}]"
Bunga semua diundang untuk hadir dalam acara tersebut.,[]
"Sesuai catatan sipil, domisili tercatat di Apartemen Taman Anggrek Residence Tower D Lantai 18, Malang.","[{""start"": 43, ""end"": 102, ""label"": ""ADR""}]"
"Tio menegaskan, ""kami akan terus berusaha.""","[{""start"": 0, ""end"": 3, ""label"": ""PER""}]"
Michael McDonald baru saja pindah dari Semarang.,"[{""start"": 0, ""end"": 16, ""label"": ""PER""}]"
Bunga mekar dengan indah di taman setiap pagi.,[]
Rapat tersebut dihadiri oleh Michael McDonald dan Doni.,"[{""start"": 29, ""end"": 45, ""label"": ""PER""}, {""start"": 50, ""end"": 54, ""label"": ""PER""}]"
Jangan lupa follow @joebiden untuk info terkini.,"[{""start"": 20, ""end"": 28, ""label"": ""PER""}]"
"Menurut I Gusti Ngurah Rai, ""keputusan ini sudah final.""","[{""start"": 8, ""end"": 26, ""label"": ""PER""}]"
"Paket untuk Puan Maharani dikirim ke Jl. Mangga Dua No. 51, RT 10/RW 18, Desa Cibogo, Makassar.","[{""start"": 12, ""end"": 25, ""label"": ""PER""}, {""start"": 37, ""end"": 94, ""label"": ""ADR""}]"
"Rapat RT akan diadakan di Jl. Cempaka Putih, RT 14/RW 17, Kel. Antapani, Jakarta.","[{""start"": 26, ""end"": 80, ""label"": ""ADR""}]"
"Alamat saya di Jalan Cempaka Putih No. 48B, RT 09/RW 05, Kel. Cihapit, Bogor.","[{""start"": 15, ""end"": 76, ""label"": ""ADR""}]"
"Panitia mengundang Ir. Djoko Kirmanto, Dipl.HE, Boyke Dian Nugraha, Sp.OG, Joe Taslim, dan Putri sebagai narasumber.","[{""start"": 19, ""end"": 46, ""label"": ""PER""}, {""start"": 48, ""end"": 73, ""label"": ""PER""}, {""start"": 75, ""end"": 85, ""label"": ""PER""}, {""start"": 91, ""end"": 96, ""label"": ""PER""}]"
Nomor kontak Gus Miftah bisa dihubungi melalui PT Astra International.,"[{""start"": 13, ""end"": 23, ""label"": ""PER""}]"
"Rumah beliau berada di Gg. Kenanga No. 200B, RT 15/RW 03, Kel. Tegalsari, Yogyakarta.","[{""start"": 23, ""end"": 84, ""label"": ""ADR""}]"
Kemarin mobilnya Dian Sastrowardoyo mogok di jalan tol.,"[{""start"": 17, ""end"": 35, ""label"": ""PER""}]"
"Rumah beliau berada di Gang Mangga Dua No. 175, RT 02/RW 18, Kel. Gubeng, Malang.","[{""start"": 23, ""end"": 80, ""label"": ""ADR""}]"
"Kost berada di Jalan Anggrek, RT 09/RW 15, Desa Sukamaju, Manado.","[{""start"": 15, ""end"": 64, ""label"": ""ADR""}]"
"Rumah kost berada di Jalan Cempaka Putih, Depok.","[{""start"": 21, ""end"": 47, ""label"": ""ADR""}]"
@anthonyalbanese baru saja mengunggah foto liburannya.,"[{""start"": 1, ""end"": 16, ""label"": ""PER""}]"
EKO DAN DIEGO MARADONA KOMPAK HADIR DALAM ACARA ITU.,"[{""start"": 0, ""end"": 3, ""label"": ""PER""}, {""start"": 8, ""end"": 22, ""label"": ""PER""}]"
"KTP atas nama Ruud van Nistelrooy beralamat di Jl. Kebon Jeruk No. 68, RT 01/RW 06, Kel. Antapani, Manado.","[{""start"": 14, ""end"": 33, ""label"": ""PER""}, {""start"": 47, ""end"": 105, ""label"": ""ADR""}]"
"Sesuai catatan sipil, domisili tercatat di Jl. Kebon Jeruk No. 134B, RT 02/RW 15, Kel. Antapani, Bogor.","[{""start"": 43, ""end"": 102, ""label"": ""ADR""}]"
"Alamat saya di Jl. Melati No. 162B, RT 19/RW 11, Kel. Cihapit, Bogor.","[{""start"": 15, ""end"": 68, ""label"": ""ADR""}]"
"Silakan kirim paket ke Dusun Tegalrejo RT 02/RW 09, Desa Cibogo, Kec. Tegalsari, Kab. Sleman.","[{""start"": 23, ""end"": 92, ""label"": ""ADR""}]"
"Menurut Direktur Utama Wawan, kebijakan ini akan segera direvisi.","[{""start"": 23, ""end"": 28, ""label"": ""PER""}]"
"Sesuai catatan sipil, domisili tercatat di 704 Sunset Road, Seoul, 21299, Korea Selatan.","[{""start"": 43, ""end"": 87, ""label"": ""ADR""}]"
KEBAKARAN HUTAN MELUAS DI KALIMANTAN.,[]
"Surat untuk Gatot Subroto dialamatkan ke Gg. Flamboyan, RT 19/RW 02, Kel. Antapani, Kec. Coblong, Yogyakarta, Kalimantan Timur, 31279.","[{""start"": 12, ""end"": 25, ""label"": ""PER""}, {""start"": 41, ""end"": 133, ""label"": ""ADR""}]"
"Menurut Ir. Soekarno dan dr. Reisa Broto Asmoro, kebijakan ini perlu direvisi.","[{""start"": 8, ""end"": 20, ""label"": ""PER""}, {""start"": 25, ""end"": 47, ""label"": ""PER""}]"
Suharto resmi menjabat sebagai Panglima TNI mulai bulan depan.,"[{""start"": 0, ""end"": 7, ""label"": ""PER""}]"
IA BARU SAJA PINDAH KE BALIKPAPAN.,[]
Tolong sampaikan pesan ini kepada Budi Gunadi Sadikin secepatnya.,"[{""start"": 34, ""end"": 53, ""label"": ""PER""}]"
"Raisa Andriana menegaskan, ""kami akan terus berusaha.""","[{""start"": 0, ""end"": 14, ""label"": ""PER""}]"
"Taufik Hidayat, Taylor Swift, serta Boediono kompak hadir dalam acara itu.","[{""start"": 0, ""end"": 14, ""label"": ""PER""}, {""start"": 16, ""end"": 28, ""label"": ""PER""}, {""start"": 36, ""end"": 44, ""label"": ""PER""}]"
"Rishi Sunak menegaskan, ""kami akan terus berusaha.""","[{""start"": 0, ""end"": 11, ""label"": ""PER""}]"
"Nama Lengkap: Anthony Albanese
Alamat: Dusun Krajan RT 09/RW 02, Kel. Menteng, Kec. Coblong, Kab. Malang.","[{""start"": 14, ""end"": 30, ""label"": ""PER""}, {""start"": 39, ""end"": 104, ""label"": ""ADR""}]"
"Wali Kota Surabaya, Tigor Silaban, meresmikan acara tersebut.","[{""start"": 20, ""end"": 33, ""label"": ""PER""}]"
"Silakan kirim paket ke 260 Lincoln Boulevard, New York, 14446, Amerika Serikat.","[{""start"": 23, ""end"": 78, ""label"": ""ADR""}]"
"Tim tersebut beranggotakan Dewi Anggraini, S.Psi., Psikolog, Albert Einstein, Ahmad Dhani, dan Ganjar Pranowo.","[{""start"": 27, ""end"": 59, ""label"": ""PER""}, {""start"": 61, ""end"": 76, ""label"": ""PER""}, {""start"": 78, ""end"": 89, ""label"": ""PER""}, {""start"": 95, ""end"": 109, ""label"": ""PER""}]"
@EKO BARU SAJA MENGUNGGAH FOTO LIBURANNYA.,"[{""start"": 1, ""end"": 4, ""label"": ""PER""}]"
"Menurut Franklin D. Roosevelt, kebijakan ini harus segera dievaluasi.","[{""start"": 8, ""end"": 29, ""label"": ""PER""}]"
Kantor cabang baru akan dibuka di DKI Jakarta.,[]
"Ia baru saja pindah ke Gg. Basuki Rahmat No. 132B, RT 16/RW 17, Kel. Tegalsari, Bogor.","[{""start"": 23, ""end"": 85, ""label"": ""ADR""}]"
"""Prancis adalah prioritas kita,"" kata Cut Nyak Dien.","[{""start"": 38, ""end"": 51, ""label"": ""PER""}]"
Kemarin saya bertemu dengan Cak Lontong di stasiun.,"[{""start"": 28, ""end"": 39, ""label"": ""PER""}]"
Usain Bolt berangkat ke kantor pagi ini.,"[{""start"": 0, ""end"": 10, ""label"": ""PER""}]"
Surat itu dikirim oleh Donald Trump di Depok minggu lalu.,"[{""start"": 23, ""end"": 35, ""label"": ""PER""}]"
Kami sedang menunggu tanda tangan dari Raisa Andriana untuk mencairkan dana.,"[{""start"": 39, ""end"": 53, ""label"": ""PER""}]"
Kemarin saya bertemu dengan Kamala Harris di KPK.,"[{""start"": 28, ""end"": 41, ""label"": ""PER""}]"
Kost mekar dengan indah di taman setiap pagi.,[]
"Paket untuk Siti Aminah dikirim ke Gg. Melati No. 24B, Bogor.","[{""start"": 12, ""end"": 23, ""label"": ""PER""}, {""start"": 35, ""end"": 60, ""label"": ""ADR""}]"
"Panitia mengundang H. Rhoma Irama, Marie Curie, Letjen (Purn) Prabowo Subianto, dan John Doe sebagai narasumber.","[{""start"": 19, ""end"": 33, ""label"": ""PER""}, {""start"": 35, ""end"": 46, ""label"": ""PER""}, {""start"": 48, ""end"": 78, ""label"": ""PER""}, {""start"": 84, ""end"": 92, ""label"": ""PER""}]"
KEBAKARAN HUTAN MELUAS DI KALIMANTAN.,[]
"Nama Lengkap: Erick Thohir
Alamat: Perumahan Bukit Indah Blok C12 No. 32, Malang.","[{""start"": 14, ""end"": 26, ""label"": ""PER""}, {""start"": 35, ""end"": 80, ""label"": ""ADR""}]"
Jangan lupa follow @rezarahadian untuk info terkini.,"[{""start"": 20, ""end"": 32, ""label"": ""PER""}]"
Saya melihat Dewi sedang makan siang di kantin.,"[{""start"": 13, ""end"": 17, ""label"": ""PER""}]"
"""Rp1.000.000 adalah prioritas kita,"" kata Dewi.","[{""start"": 42, ""end"": 46, ""label"": ""PER""}]"
"Menurut Suharto, ""keputusan ini sudah final.""","[{""start"": 8, ""end"": 15, ""label"": ""PER""}]"
Mereka berada di lokasi yang sudah ditentukan.,[]
Kami sudah lama menetap di London.,[]
Kost bukan bagian dari agenda rapat kali ini.,[]
Jangan lupa follow @mahatmagandhi untuk info terkini.,"[{""start"": 20, ""end"": 33, ""label"": ""PER""}]"
Panglima TNI Letjen (Purn) Prabowo Subianto menyampaikan pernyataan resmi kemarin.,"[{""start"": 13, ""end"": 43, ""label"": ""PER""}]"
"Direktur Utama, Barack Obama, menyampaikan pernyataan resmi kemarin.","[{""start"": 16, ""end"": 28, ""label"": ""PER""}]"
"""Saya akan segera berangkat,"" ujar Ebiet G. Ade.","[{""start"": 35, ""end"": 47, ""label"": ""PER""}]"
SURAT DARI O'BRIEN MEMBAHAS RENCANA TERKAIT DPR RI.,"[{""start"": 11, ""end"": 18, ""label"": ""PER""}]"
"Rumah beliau berada di Jalan Flamboyan No. 71A, RT 05/RW 13, Desa Sukamaju, Kec. Coblong, Denpasar, Kalimantan Timur, 89275.","[{""start"": 23, ""end"": 123, ""label"": ""ADR""}]"
"Menurut Jackie Chan dan Muhammad Hasan Sadikin, kebijakan ini perlu direvisi.","[{""start"": 8, ""end"": 19, ""label"": ""PER""}, {""start"": 24, ""end"": 46, ""label"": ""PER""}]"
"""Ini adalah langkah yang tepat,"" tutur Kamala Harris kepada wartawan.","[{""start"": 39, ""end"": 52, ""label"": ""PER""}]"
Proyek ini dipimpin langsung oleh Putri.,"[{""start"": 34, ""end"": 39, ""label"": ""PER""}]"
Luhut Binsar Pandjaitan resmi menjabat sebagai Presiden AS ke-46 mulai bulan depan.,"[{""start"": 0, ""end"": 23, ""label"": ""PER""}]"
"KTP menunjukkan alamat di Dusun Sumber RT 05/RW 09, Kel. Tegalsari, Kec. Buah Batu, Kab. Bogor.","[{""start"": 26, ""end"": 94, ""label"": ""ADR""}]"
Menteri Luar Negeri sebelumnya adalah Kobe Bryant.,"[{""start"": 38, ""end"": 49, ""label"": ""PER""}]"
"KTP atas nama Cristiano Ronaldo beralamat di Gang Imam Bonjol, RT 10/RW 11, Desa Cibogo, Bogor.","[{""start"": 14, ""end"": 31, ""label"": ""PER""}, {""start"": 45, ""end"": 94, ""label"": ""ADR""}]"
"Rapat RT akan diadakan di 374 Churchill Avenue, Singapura, 74498, Singapura.","[{""start"": 26, ""end"": 75, ""label"": ""ADR""}]"
"Yang hadir dalam pertemuan itu adalah Michael Phelps, Agus Harimurti Yudhoyono, dan Dedi Mulyadi.","[{""start"": 38, ""end"": 52, ""label"": ""PER""}, {""start"": 54, ""end"": 78, ""label"": ""PER""}, {""start"": 84, ""end"": 96, ""label"": ""PER""}]"
"Tim tersebut beranggotakan Joko Widodo, Michael Jordan, dan Taufik Hidayat.","[{""start"": 27, ""end"": 38, ""label"": ""PER""}, {""start"": 40, ""end"": 54, ""label"": ""PER""}, {""start"": 60, ""end"": 74, ""label"": ""PER""}]"
"Nita tinggal di Jalan Ahmad Yani No. 169B, RT 02/RW 03, Kel. Cihapit, Kec. Menteng, Balikpapan, Bali, 43207.","[{""start"": 0, ""end"": 4, ""label"": ""PER""}, {""start"": 16, ""end"": 107, ""label"": ""ADR""}]"
"Menurut laporan, KPK mengalami peningkatan signifikan.",[]
Gagasan yang dikemukakan oleh Justin Trudeau memicu perdebatan panjang.,"[{""start"": 30, ""end"": 44, ""label"": ""PER""}]"
"Susi Susanti baru saja pindah ke Gang Cempaka Putih, RT 05/RW 08, Kel. Tegalsari, Bogor.","[{""start"": 0, ""end"": 12, ""label"": ""PER""}, {""start"": 33, ""end"": 87, ""label"": ""ADR""}]"
"KTP atas nama Retno Marsudi beralamat di Gg. Sudirman, RT 14/RW 06, Kel. Cihapit, Denpasar.","[{""start"": 14, ""end"": 27, ""label"": ""PER""}, {""start"": 41, ""end"": 90, ""label"": ""ADR""}]"
Evry Pramudya adalah salah satu tokoh penting dalam sejarah.,"[{""start"": 0, ""end"": 13, ""label"": ""PER""}]"
Kami sudah lama menetap di Toronto.,[]
"Kost berada di Gang Cemara, RT 16/RW 12, Kel. Menteng, Yogyakarta.","[{""start"": 15, ""end"": 65, ""label"": ""ADR""}]"
Nomor kontak yang bisa dihubungi adalah Yth. Bapak/Ibu.,[]
Acara tersebut diselenggarakan di Yayasan Ahmad Dahlan.,[]
"Menurut Angela Merkel, kebijakan ini harus segera dievaluasi.","[{""start"": 8, ""end"": 21, ""label"": ""PER""}]"
HARGA BBM RESMI NAIK MULAI BESOK.,[]
"Silakan kirim paket ke Jalan Melati No. 122B, Palembang.","[{""start"": 23, ""end"": 55, ""label"": ""ADR""}]"
"Tim tersebut beranggotakan Prof. Dr. Ing. B.J. Habibie, Bambang Pamungkas, Narendra Modi, dan R.A. Kartini.","[{""start"": 27, ""end"": 54, ""label"": ""PER""}, {""start"": 56, ""end"": 73, ""label"": ""PER""}, {""start"": 75, ""end"": 88, ""label"": ""PER""}, {""start"": 94, ""end"": 106, ""label"": ""PER""}]"
"Halo, menurut laporan itu, akan segera diperbarui.",[]
Tubagus Hasanuddin bekerja di Makassar.,"[{""start"": 0, ""end"": 18, ""label"": ""PER""}]"
"Rumah kost berada di Dusun Wonosari RT 10/RW 20, Kel. Sukajadi, Kec. Gubeng, Kab. Sidoarjo.","[{""start"": 21, ""end"": 90, ""label"": ""ADR""}]"
"Nama: Hendra, Alamat: Jl. Mawar No. 127A, Manado.","[{""start"": 6, ""end"": 12, ""label"": ""PER""}, {""start"": 22, ""end"": 48, ""label"": ""ADR""}]"
"Kantor kami beralamat di Jalan Ahmad Dahlan No. 42, RT 18/RW 11, Kel. Cihapit, Kec. Coblong, Surabaya, Bali, 88686.","[{""start"": 25, ""end"": 114, ""label"": ""ADR""}]"
Ia baru saja pindah ke Jawa Tengah.,[]
Dokumen itu merujuk pada Depok.,[]
HAKIM KETUA PROF. DR. DR. ZUBAIRI DJOERBAN MENYAMPAIKAN PERNYATAAN RESMI KEMARIN.,"[{""start"": 12, ""end"": 42, ""label"": ""PER""}]"
Ia baru saja pindah ke Jakarta.,[]
"KTP atas nama Michael McDonald beralamat di 833 Jefferson Road, Singapura, Singapura.","[{""start"": 14, ""end"": 30, ""label"": ""PER""}, {""start"": 44, ""end"": 84, ""label"": ""ADR""}]"
"Presiden AS ke-46, Prof. Dr. dr. Zubairi Djoerban, menyampaikan pernyataan resmi kemarin.","[{""start"": 19, ""end"": 49, ""label"": ""PER""}]"
Penghargaan Nobel tahun ini jatuh kepada Nyoman atas dedikasinya.,"[{""start"": 41, ""end"": 47, ""label"": ""PER""}]"
Rapat tersebut dihadiri oleh Nadiem Makarim dan Sri Sultan Hamengkubuwono X.,"[{""start"": 29, ""end"": 43, ""label"": ""PER""}, {""start"": 48, ""end"": 75, ""label"": ""PER""}]"
Fatima binti Muhammad menghadiri rapat mengenai Malang pagi ini.,"[{""start"": 0, ""end"": 21, ""label"": ""PER""}]"
Surat dari Priyanka Chopra membahas rencana terkait UU No. 8 Tahun 1999.,"[{""start"": 11, ""end"": 26, ""label"": ""PER""}]"
KEMARIN SAYA BERTEMU DENGAN VLADIMIR PUTIN DI YTH. BAPAK/IBU.,"[{""start"": 28, ""end"": 42, ""label"": ""PER""}]"
"""Saya akan segera berangkat,"" ujar McDonald.","[{""start"": 35, ""end"": 43, ""label"": ""PER""}]"
"Menurut Prabowo Subianto, ""keputusan ini sudah final.""","[{""start"": 8, ""end"": 24, ""label"": ""PER""}]"
SURAT DARI YANTI MEMBAHAS RENCANA TERKAIT RUMAH SAKIT BUNDA.,"[{""start"": 11, ""end"": 16, ""label"": ""PER""}]"
Tolong sampaikan pesan ini kepada Xi Jinping secepatnya.,"[{""start"": 34, ""end"": 44, ""label"": ""PER""}]"
"Rapat dihadiri oleh Emmanuel Macron, Wahyu, Jean-Luc Picard, dan Tigor Silaban sore ini.","[{""start"": 20, ""end"": 35, ""label"": ""PER""}, {""start"": 37, ""end"": 42, ""label"": ""PER""}, {""start"": 44, ""end"": 59, ""label"": ""PER""}, {""start"": 65, ""end"": 78, ""label"": ""PER""}]"
Kamala Harris menghadiri rapat mengenai Depok pagi ini.,"[{""start"": 0, ""end"": 13, ""label"": ""PER""}]"
"Kost berada di Dusun Sumber RT 10/RW 09, Kel. Menteng, Kec. Coblong, Kab. Cirebon.","[{""start"": 15, ""end"": 81, ""label"": ""ADR""}]"
@luhutbinsarpandjaitan baru saja mengunggah foto liburannya.,"[{""start"": 1, ""end"": 22, ""label"": ""PER""}]"
"Rumah kost berada di PO Box 128, Bogor 17024.","[{""start"": 21, ""end"": 44, ""label"": ""ADR""}]"
"Alamat saya di 200 Sunset Street, Seoul, 93371, Korea Selatan.","[{""start"": 15, ""end"": 61, ""label"": ""ADR""}]"
"Pelukis, Suharto, menyampaikan pernyataan resmi kemarin.","[{""start"": 9, ""end"": 16, ""label"": ""PER""}]"
"Sesuai catatan sipil, domisili tercatat di Dusun Karangasem RT 19/RW 11, Kel. Sukajadi, Kec. Coblong, Kab. Bogor.","[{""start"": 43, ""end"": 112, ""label"": ""ADR""}]"
"Paket untuk Dewi Anggraini, S.Psi., Psikolog dikirim ke PO Box 5396, Makassar 34235.","[{""start"": 12, ""end"": 44, ""label"": ""PER""}, {""start"": 56, ""end"": 83, ""label"": ""ADR""}]"
"KANTOR KAMI BERALAMAT DI JALAN AHMAD YANI NO. 61, SEMARANG.","[{""start"": 25, ""end"": 58, ""label"": ""ADR""}]"
Jackie Chan dan drg. Maya Kusuma kompak hadir dalam acara itu.,"[{""start"": 0, ""end"": 11, ""label"": ""PER""}, {""start"": 16, ""end"": 32, ""label"": ""PER""}]"
"Menurut Wali Kota Surabaya Dewi Anggraini, S.Psi., Psikolog, kebijakan ini akan segera direvisi.","[{""start"": 27, ""end"": 59, ""label"": ""PER""}]"
"""johndoe@example.com adalah prioritas kita,"" kata Yanti.","[{""start"": 50, ""end"": 55, ""label"": ""PER""}]"
Apakah benar McDonald akan datang ke konferensi besok?,"[{""start"": 13, ""end"": 21, ""label"": ""PER""}]"
"Rumah kost berada di Jl. Cemara No. 142B, RT 16/RW 13, Kel. Sukajadi, Kec. Coblong, Tangerang, Kalimantan Timur, 50653.","[{""start"": 21, ""end"": 118, ""label"": ""ADR""}]"
EKO RESMI MENJABAT SEBAGAI MENTERI KEUANGAN RI MULAI BULAN DEPAN.,"[{""start"": 0, ""end"": 3, ""label"": ""PER""}]"
"Dewi Anggraini, S.Psi., Psikolog bertemu dengan rekannya di 19.00 WIB.","[{""start"": 0, ""end"": 32, ""label"": ""PER""}]"
"KTP atas nama Ganjar Pranowo beralamat di 932 King Drive, Kuala Lumpur, Malaysia.","[{""start"": 14, ""end"": 28, ""label"": ""PER""}, {""start"": 42, ""end"": 80, ""label"": ""ADR""}]"
"Rapat RT akan diadakan di Dusun Karangasem RT 09/RW 04, Kel. Tegalsari, Kec. Coblong, Kab. Cirebon.","[{""start"": 26, ""end"": 98, ""label"": ""ADR""}]"
"Penerima: Ruud van Nistelrooy, Tujuan: Gang Melati No. 199A, Palembang","[{""start"": 10, ""end"": 29, ""label"": ""PER""}, {""start"": 39, ""end"": 70, ""label"": ""ADR""}]"
"Rapat RT akan diadakan di 459 Jefferson Street, Amsterdam, 34136, Belanda.","[{""start"": 26, ""end"": 73, ""label"": ""ADR""}]"
"KTP atas nama Dewi Anggraini, S.Psi., Psikolog beralamat di Perumahan Villa Melati Blok B14 No. 43, Bandung.","[{""start"": 14, ""end"": 46, ""label"": ""PER""}, {""start"": 60, ""end"": 107, ""label"": ""ADR""}]"
Bernard Arnault resmi menjabat sebagai Panglima TNI mulai bulan depan.,"[{""start"": 0, ""end"": 15, ""label"": ""PER""}]"
Atlet mekar dengan indah di taman setiap pagi.,[]
"Alamat saya di Dusun Sumber RT 01/RW 08, Kel. Antapani, Kec. Tegalsari, Kab. Sleman.","[{""start"": 15, ""end"": 83, ""label"": ""ADR""}]"
PUTRI BERTEMU DENGAN REKANNYA DI SURABAYA.,"[{""start"": 0, ""end"": 5, ""label"": ""PER""}]"
"Kost berada di Gang Melati No. 191, RT 05/RW 05, Kel. Menteng, Kec. Menteng, Bandung, Sumatera Utara, 12449.","[{""start"": 15, ""end"": 107, ""label"": ""ADR""}]"
"Sesuai catatan sipil, domisili tercatat di Jl. Gatot Subroto, RT 16/RW 03, Kel. Tegalsari, Tangerang.","[{""start"": 43, ""end"": 100, ""label"": ""ADR""}]"
Kemarin saya pergi ke New York untuk urusan pekerjaan.,[]
Kami sedang menunggu tanda tangan dari Fajar Nugraha untuk mencairkan dana.,"[{""start"": 39, ""end"": 52, ""label"": ""PER""}]"
Acara tahunan itu selalu digelar di Toronto.,[]
IR. SOEKARNO ADALAH SALAH SATU TOKOH PENTING DALAM SEJARAH.,"[{""start"": 0, ""end"": 12, ""label"": ""PER""}]"
Kementerian Keuangan baru saja merilis laporan tahunan.,[]
"KOST BERADA DI JL. CENDRAWASIH, RT 18/RW 02, KEL. SUKAJADI, KEC. BUAH BATU, PALEMBANG, SUMATERA UTARA, 77047.","[{""start"": 15, ""end"": 108, ""label"": ""ADR""}]"
Jangan lupa undang Wawan ke acara ulang tahun minggu depan.,"[{""start"": 19, ""end"": 24, ""label"": ""PER""}]"
"Di antara peserta terdapat Prof. Emil Salim, Fatima binti Muhammad, dan Nadiem Makarim.","[{""start"": 27, ""end"": 43, ""label"": ""PER""}, {""start"": 45, ""end"": 66, ""label"": ""PER""}, {""start"": 72, ""end"": 86, ""label"": ""PER""}]"
Kost mulai terlihat sejak dini hari.,[]
Banyak pihak yang setuju dengan analisis Guillermo del Toro mengenai krisis ekonomi.,"[{""start"": 41, ""end"": 59, ""label"": ""PER""}]"
"Penerima: Neymar Jr., Tujuan: Dusun Wonosari RT 17/RW 15, Kel. Antapani, Kec. Cimahi Utara, Kab. Sleman","[{""start"": 10, ""end"": 20, ""label"": ""PER""}, {""start"": 30, ""end"": 103, ""label"": ""ADR""}]"
@churchill membagikan update terbaru di akunnya.,"[{""start"": 1, ""end"": 10, ""label"": ""PER""}]"
Surat dari Ahmad Dhani membahas rencana terkait DPR RI.,"[{""start"": 11, ""end"": 22, ""label"": ""PER""}]"
"Tim tersebut beranggotakan Guillermo del Toro, Eko Yuli Irawan, Rudi, dan Roger Federer.","[{""start"": 27, ""end"": 45, ""label"": ""PER""}, {""start"": 47, ""end"": 62, ""label"": ""PER""}, {""start"": 64, ""end"": 68, ""label"": ""PER""}, {""start"": 74, ""end"": 87, ""label"": ""PER""}]"
Kami sedang menunggu tanda tangan dari Lisa untuk mencairkan dana.,"[{""start"": 39, ""end"": 43, ""label"": ""PER""}]"
Jangan lupa follow @kennedy untuk info terkini.,"[{""start"": 20, ""end"": 27, ""label"": ""PER""}]"
"Menurut Sukaryo, ""keputusan ini sudah final.""","[{""start"": 8, ""end"": 15, ""label"": ""PER""}]"
Kami sedang menunggu tanda tangan dari Basuki Rahmat untuk mencairkan dana.,"[{""start"": 39, ""end"": 52, ""label"": ""PER""}]"
Boediono resmi menjabat sebagai Gubernur DKI Jakarta mulai bulan depan.,"[{""start"": 0, ""end"": 8, ""label"": ""PER""}]"
KEMARIN SAYA BERTEMU DENGAN SITI AMINAH DI YAYASAN AHMAD DAHLAN.,"[{""start"": 28, ""end"": 39, ""label"": ""PER""}]"
Lionel Messi bekerja di Kuala Lumpur.,"[{""start"": 0, ""end"": 12, ""label"": ""PER""}]"
"Ahmad Dhani, Dian Sastrowardoyo, serta Bambang Pamungkas kompak hadir dalam acara itu.","[{""start"": 0, ""end"": 11, ""label"": ""PER""}, {""start"": 13, ""end"": 31, ""label"": ""PER""}, {""start"": 39, ""end"": 56, ""label"": ""PER""}]"
Penyanyi sebelumnya adalah D'Angelo.,"[{""start"": 27, ""end"": 35, ""label"": ""PER""}]"
Ia baru saja pindah ke Jakarta.,[]
"Rapat dihadiri oleh Tubagus Chasan Sochib, Sudirman, Elon Musk, dan Anies Baswedan sore ini.","[{""start"": 20, ""end"": 41, ""label"": ""PER""}, {""start"": 43, ""end"": 51, ""label"": ""PER""}, {""start"": 53, ""end"": 62, ""label"": ""PER""}, {""start"": 68, ""end"": 82, ""label"": ""PER""}]"
"Yudi menegaskan, ""kami akan terus berusaha.""","[{""start"": 0, ""end"": 4, ""label"": ""PER""}]"
"MENURUT REKTOR UNIVERSITAS INDONESIA BRUCE LEE, KEBIJAKAN INI AKAN SEGERA DIREVISI.","[{""start"": 37, ""end"": 46, ""label"": ""PER""}]"
"KTP atas nama Simone Biles beralamat di Gang Ahmad Dahlan No. 123A, RT 17/RW 04, Kel. Sukajadi, Kec. Coblong, Balikpapan, DI Yogyakarta, 42653.","[{""start"": 14, ""end"": 26, ""label"": ""PER""}, {""start"": 40, ""end"": 142, ""label"": ""ADR""}]"
Kemarin saya bertemu dengan Sri Sultan Hamengkubuwono X di stasiun.,"[{""start"": 28, ""end"": 55, ""label"": ""PER""}]"
"""17 Agustus 1945 adalah prioritas kita,"" kata Laksamana Muda TNI Sinar Adi.","[{""start"": 46, ""end"": 74, ""label"": ""PER""}]"
"KTP menunjukkan alamat di Gg. Cempaka Putih, RT 09/RW 09, Kel. Cihapit, Kec. Tegalsari, Surabaya, Bali, 44733.","[{""start"": 26, ""end"": 109, ""label"": ""ADR""}]"
Ia baru saja pindah ke Los Angeles.,[]
Kost bukan bagian dari agenda rapat kali ini.,[]
"Nama Lengkap: Reza Rahadian
Alamat: Jl. Mawar No. 148A, RT 16/RW 09, Kel. Cihapit, Kec. Menteng, Semarang, DI Yogyakarta, 54059.","[{""start"": 14, ""end"": 27, ""label"": ""PER""}, {""start"": 36, ""end"": 127, ""label"": ""ADR""}]"
HARGA BBM RESMI NAIK MULAI BESOK.,[]
Nomor kontak Marie Curie bisa dihubungi melalui Denpasar.,"[{""start"": 13, ""end"": 24, ""label"": ""PER""}]"
"KTP atas nama drh. Bimo Prakoso beralamat di 151 Bridge Street, New York, 17053, Amerika Serikat.","[{""start"": 14, ""end"": 31, ""label"": ""PER""}, {""start"": 45, ""end"": 96, ""label"": ""ADR""}]"
"Kantor kami beralamat di Jalan Cemara No. 81A, Balikpapan.","[{""start"": 25, ""end"": 57, ""label"": ""ADR""}]"
Buku terbaru itu ditulis oleh Kolonel Inf. Rizky Ramadhan dan diterbitkan bulan lalu.,"[{""start"": 30, ""end"": 57, ""label"": ""PER""}]"
"Rumah beliau berada di Gg. Cendrawasih No. 69A, RT 17/RW 05, Kel. Tegalsari, Bandung.","[{""start"": 23, ""end"": 84, ""label"": ""ADR""}]"
"""Terima kasih atas dukungannya,"" ucap Prof. Dr. Anies Baswedan, M.P.P. sambil tersenyum.","[{""start"": 38, ""end"": 70, ""label"": ""PER""}]"
"Saya melihat Hartono, S.T., M.T. sedang makan siang di kantin.","[{""start"": 13, ""end"": 32, ""label"": ""PER""}]"
"Rumah kost berada di Gg. Ahmad Dahlan No. 125B, RT 04/RW 08, Desa Sukamaju, Balikpapan.","[{""start"": 21, ""end"": 86, ""label"": ""ADR""}]"
Penghargaan Nobel tahun ini jatuh kepada R.A. Kartini atas dedikasinya.,"[{""start"": 41, ""end"": 53, ""label"": ""PER""}]"
"Kartika Sari, Sp.KG baru saja pindah dari Bulog.","[{""start"": 0, ""end"": 19, ""label"": ""PER""}]"
"Silakan kirim paket ke Dusun Ngepoh RT 10/RW 20, Kel. Antapani, Kec. Gubeng, Kab. Malang.","[{""start"": 23, ""end"": 88, ""label"": ""ADR""}]"
"PRESIDEN AS KE-46, FATIMA BINTI MUHAMMAD, MENYAMPAIKAN PERNYATAAN RESMI KEMARIN.","[{""start"": 19, ""end"": 40, ""label"": ""PER""}]"
"MENURUT HAKIM KETUA GREYSIA POLII, KEBIJAKAN INI AKAN SEGERA DIREVISI.","[{""start"": 20, ""end"": 33, ""label"": ""PER""}]"
"Sesuai catatan sipil, domisili tercatat di 788 Bridge Lane, Los Angeles, Amerika Serikat.","[{""start"": 43, ""end"": 88, ""label"": ""ADR""}]"
"KTP atas nama Michael Jordan beralamat di Perumahan Villa Melati Blok H2 No. 33, Semarang.","[{""start"": 14, ""end"": 28, ""label"": ""PER""}, {""start"": 42, ""end"": 89, ""label"": ""ADR""}]"
"Penerima: Kevin Sanjaya Sukamuljo, Tujuan: Gg. Ahmad Yani No. 136, Tangerang","[{""start"": 10, ""end"": 33, ""label"": ""PER""}, {""start"": 43, ""end"": 76, ""label"": ""ADR""}]"
Karya seni milik Yudi berhasil terjual dengan harga fantastis.,"[{""start"": 17, ""end"": 21, ""label"": ""PER""}]"
"Silakan kirim paket ke Jl. Cempaka Putih No. 104, RT 07/RW 17, Kel. Cihapit, Kec. Cimahi Utara, Makassar, Bali, 80336.","[{""start"": 23, ""end"": 117, ""label"": ""ADR""}]"
"KTP atas nama drg. Maya Kusuma beralamat di Gang Cempaka Putih, Semarang.","[{""start"": 14, ""end"": 30, ""label"": ""PER""}, {""start"": 44, ""end"": 72, ""label"": ""ADR""}]"
"Alamat saya di Gg. Diponegoro No. 72B, RT 20/RW 17, Kel. Menteng, Palembang.","[{""start"": 15, ""end"": 75, ""label"": ""ADR""}]"
Bunga mekar dengan indah di taman setiap pagi.,[]
"Panitia mengundang Ir. Soekarno, Siti Aminah, Dra. Kartini Rahayu, dan Nelson Mandela sebagai narasumber.","[{""start"": 19, ""end"": 31, ""label"": ""PER""}, {""start"": 33, ""end"": 44, ""label"": ""PER""}, {""start"": 46, ""end"": 65, ""label"": ""PER""}, {""start"": 71, ""end"": 85, ""label"": ""PER""}]"
Ia baru saja pindah ke DI Yogyakarta.,[]
"Nama: Anggun C. Sasmi, Alamat: Jalan Gatot Subroto, Palembang.","[{""start"": 6, ""end"": 21, ""label"": ""PER""}, {""start"": 31, ""end"": 61, ""label"": ""ADR""}]"
"Alamat saya di Jl. Cemara No. 42A, Bogor.","[{""start"": 15, ""end"": 40, ""label"": ""ADR""}]"
"Lisa, selaku Kapolri, hadir dalam konferensi pers.","[{""start"": 0, ""end"": 4, ""label"": ""PER""}]"
Apakah benar Fajar akan datang ke konferensi besok?,"[{""start"": 13, ""end"": 18, ""label"": ""PER""}]"
"Paket untuk Priyanka Chopra dikirim ke Gang Cemara No. 59A, Denpasar.","[{""start"": 12, ""end"": 27, ""label"": ""PER""}, {""start"": 39, ""end"": 68, ""label"": ""ADR""}]"
Buku terbaru itu ditulis oleh Sudirman dan diterbitkan bulan lalu.,"[{""start"": 30, ""end"": 38, ""label"": ""PER""}]"
Jangan lupa follow @laksamanamudatnisinaradi untuk info terkini.,"[{""start"": 20, ""end"": 44, ""label"": ""PER""}]"
"Panitia mengundang Ruud van Nistelrooy, Sri Mulyani, Kanjeng Gusti Pangeran Adipati Arya Mangkunegara IX, dan Jefferson sebagai narasumber.","[{""start"": 19, ""end"": 38, ""label"": ""PER""}, {""start"": 40, ""end"": 51, ""label"": ""PER""}, {""start"": 53, ""end"": 104, ""label"": ""PER""}, {""start"": 110, ""end"": 119, ""label"": ""PER""}]"
"Menurut Joko Widodo dan Jenderal Gatot Nurmantyo, kebijakan ini perlu direvisi.","[{""start"": 8, ""end"": 19, ""label"": ""PER""}, {""start"": 24, ""end"": 48, ""label"": ""PER""}]"
Rapat tersebut dihadiri oleh Sudirman dan I Gusti Ngurah Rai.,"[{""start"": 29, ""end"": 37, ""label"": ""PER""}, {""start"": 42, ""end"": 60, ""label"": ""PER""}]"
"Nomor kontak Faisal Rahman, S.E., Ak., CA. bisa dihubungi melalui 17 Agustus 1945.","[{""start"": 13, ""end"": 42, ""label"": ""PER""}]"
"KTP atas nama Larry Page beralamat di Jalan Sudirman No. 22, Balikpapan.","[{""start"": 14, ""end"": 24, ""label"": ""PER""}, {""start"": 38, ""end"": 71, ""label"": ""ADR""}]"
Dokumen itu merujuk pada PBB.,[]
"Alamat saya di 3 Park Street, Sydney, Australia.","[{""start"": 15, ""end"": 47, ""label"": ""ADR""}]"
"Ahmad Dhani tinggal di Dusun Tegalrejo RT 17/RW 01, Kel. Sukajadi, Kec. Sukasari, Kab. Sleman.","[{""start"": 0, ""end"": 11, ""label"": ""PER""}, {""start"": 23, ""end"": 93, ""label"": ""ADR""}]"
Surat dari Martin Luther King Jr. membahas rencana terkait London.,"[{""start"": 11, ""end"": 33, ""label"": ""PER""}]"
"Bill Gates tinggal di 67 Victoria Drive, Kuala Lumpur, 52068, Malaysia.","[{""start"": 0, ""end"": 10, ""label"": ""PER""}, {""start"": 22, ""end"": 70, ""label"": ""ADR""}]"
Jackie Chan bertemu dengan rekannya di Rp1.000.000.,"[{""start"": 0, ""end"": 11, ""label"": ""PER""}]"
"Ia baru saja pindah ke 534 Bridge Road, Sydney, 94740, Australia.","[{""start"": 23, ""end"": 64, ""label"": ""ADR""}]"
"Nama: Boediono, Alamat: 180 Park Drive, Dubai, 79241, Uni Emirat Arab.","[{""start"": 6, ""end"": 14, ""label"": ""PER""}, {""start"": 24, ""end"": 69, ""label"": ""ADR""}]"
"Penerima: Tuan Guru Bajang, Tujuan: Gg. Basuki Rahmat No. 48B, RT 17/RW 18, Desa Cibogo, Kec. Buah Batu, Medan, Sulawesi Selatan, 69279","[{""start"": 10, ""end"": 26, ""label"": ""PER""}, {""start"": 36, ""end"": 135, ""label"": ""ADR""}]"
"Bambang Permadi Soemantri Brodjonegoro, M.Sc. tinggal di Rumah Sakit Bunda sejak tahun lalu.","[{""start"": 0, ""end"": 45, ""label"": ""PER""}]"
"KTP atas nama Karni Ilyas beralamat di 203 Baker Boulevard, Toronto, Kanada.","[{""start"": 14, ""end"": 25, ""label"": ""PER""}, {""start"": 39, ""end"": 75, ""label"": ""ADR""}]"
"Di antara peserta terdapat Martin Luther King Jr., Ustadz Abdul Somad, Dedi Mulyadi, dan Barack Obama.","[{""start"": 27, ""end"": 49, ""label"": ""PER""}, {""start"": 51, ""end"": 69, ""label"": ""PER""}, {""start"": 71, ""end"": 83, ""label"": ""PER""}, {""start"": 89, ""end"": 101, ""label"": ""PER""}]"
"Menurut H. Rhoma Irama, kebijakan ini harus segera dievaluasi.","[{""start"": 8, ""end"": 22, ""label"": ""PER""}]"
Surat itu dikirim oleh Eko Yuli Irawan di Yayasan Ahmad Dahlan minggu lalu.,"[{""start"": 23, ""end"": 38, ""label"": ""PER""}]"
Raisa Andriana menghadiri rapat mengenai Paris pagi ini.,"[{""start"": 0, ""end"": 14, ""label"": ""PER""}]"
"Penerima: Angela Merkel, Tujuan: Gg. Cemara, RT 06/RW 19, Kel. Antapani, Kec. Buah Batu, Bogor, Sulawesi Selatan, 31018","[{""start"": 10, ""end"": 23, ""label"": ""PER""}, {""start"": 33, ""end"": 119, ""label"": ""ADR""}]"
"Baik Susi Susanti maupun Faisal Rahman, S.E., Ak., CA. belum memberikan komentar.","[{""start"": 5, ""end"": 17, ""label"": ""PER""}, {""start"": 25, ""end"": 54, ""label"": ""PER""}]"
Megawati Soekarnoputri berangkat ke kantor pagi ini.,"[{""start"": 0, ""end"": 22, ""label"": ""PER""}]"
"Ia baru saja pindah ke 22 King Avenue, Paris, 42669, Prancis.","[{""start"": 23, ""end"": 60, ""label"": ""ADR""}]"
Jangan lupa follow @irdjokokirmantodiplhe untuk info terkini.,"[{""start"": 20, ""end"": 41, ""label"": ""PER""}]"
"""TERIMA KASIH ATAS DUKUNGANNYA,"" UCAP D'ANGELO SAMBIL TERSENYUM.","[{""start"": 38, ""end"": 46, ""label"": ""PER""}]"
CUACA EKSTREM DIPERKIRAKAN LANDA JAKARTA PEKAN INI.,[]
Kost hadir dalam acara itu belum dikonfirmasi panitia.,[]
"KTP atas nama Jean-Luc Picard beralamat di Gg. Imam Bonjol No. 189B, Malang.","[{""start"": 14, ""end"": 29, ""label"": ""PER""}, {""start"": 43, ""end"": 75, ""label"": ""ADR""}]"
Ruud van Nistelrooy resmi menjabat sebagai CEO Tesla mulai bulan depan.,"[{""start"": 0, ""end"": 19, ""label"": ""PER""}]"
Ridwan Kamil dan drh. Bimo Prakoso kompak hadir dalam acara itu.,"[{""start"": 0, ""end"": 12, ""label"": ""PER""}, {""start"": 17, ""end"": 34, ""label"": ""PER""}]"
Acara tersebut diselenggarakan di London.,[]
Teori yang diusulkan oleh Ahmad Dahlan telah dipatahkan oleh penemuan baru.,"[{""start"": 26, ""end"": 38, ""label"": ""PER""}]"
"Paket untuk Susi Susanti dikirim ke Gang Sudirman No. 18, Jakarta.","[{""start"": 12, ""end"": 24, ""label"": ""PER""}, {""start"": 36, ""end"": 65, ""label"": ""ADR""}]"
Rapat tersebut dihadiri oleh I Gusti Ngurah Rai dan Ahmad Dhani.,"[{""start"": 29, ""end"": 47, ""label"": ""PER""}, {""start"": 52, ""end"": 63, ""label"": ""PER""}]"
"KTP menunjukkan alamat di Perumahan Grand Wisata Blok F13 No. 17, Balikpapan.","[{""start"": 26, ""end"": 76, ""label"": ""ADR""}]"
Proyek ini dipimpin langsung oleh Serena Williams.,"[{""start"": 34, ""end"": 49, ""label"": ""PER""}]"
Kemarin saya pergi ke Bank Mandiri untuk urusan pekerjaan.,[]
"Rumah beliau berada di 983 Jefferson Boulevard, Los Angeles, Amerika Serikat.","[{""start"": 23, ""end"": 76, ""label"": ""ADR""}]"
"Menurut Justin Trudeau, Bank Woori Saudara perlu dievaluasi ulang.","[{""start"": 8, ""end"": 22, ""label"": ""PER""}]"
KEMARIN WINSTON CHURCHILL MEMBAHAS RP1.000.000 BERSAMA TIMNYA.,"[{""start"": 8, ""end"": 25, ""label"": ""PER""}]"
"Di antara peserta terdapat Joe Taslim, Fajar Nugraha, Greysia Polii, dan Komang.","[{""start"": 27, ""end"": 37, ""label"": ""PER""}, {""start"": 39, ""end"": 52, ""label"": ""PER""}, {""start"": 54, ""end"": 67, ""label"": ""PER""}, {""start"": 73, ""end"": 79, ""label"": ""PER""}]"
Apakah benar Serena Williams akan datang ke konferensi besok?,"[{""start"": 13, ""end"": 28, ""label"": ""PER""}]"
Kantor pusatnya berlokasi di Yogyakarta.,[]
"Bambang Permadi Soemantri Brodjonegoro, M.Sc. adalah gubernur jawa barat.","[{""start"": 0, ""end"": 45, ""label"": ""PER""}]"
"Dalam konferensi persnya, Greysia Polii menolak memberikan komentar.","[{""start"": 26, ""end"": 39, ""label"": ""PER""}]"
"Nama: Jefferson, Alamat: Dusun Ngepoh RT 03/RW 19, Kel. Sukajadi, Kec. Menteng, Kab. Sidoarjo.","[{""start"": 6, ""end"": 15, ""label"": ""PER""}, {""start"": 25, ""end"": 93, ""label"": ""ADR""}]"
"KTP atas nama Taylor Swift beralamat di Perumahan Griya Asri Blok H16 No. 32, Balikpapan.","[{""start"": 14, ""end"": 26, ""label"": ""PER""}, {""start"": 40, ""end"": 88, ""label"": ""ADR""}]"
Direktur Utama sebelumnya adalah Yoga.,"[{""start"": 33, ""end"": 37, ""label"": ""PER""}]"
"Ustadzah Oki Setiana Dewi menegaskan, ""kami akan terus berusaha.""","[{""start"": 0, ""end"": 25, ""label"": ""PER""}]"
"Lisa, selaku Ketua DPR RI, hadir dalam konferensi pers.","[{""start"": 0, ""end"": 4, ""label"": ""PER""}]"
Nita tinggal di Universitas Indonesia sejak tahun lalu.,"[{""start"": 0, ""end"": 4, ""label"": ""PER""}]"
PEMERINTAH UMUMKAN KEBIJAKAN SUBSIDI BARU.,[]
Tigor Silaban dan Raisa Andriana kompak hadir dalam acara itu.,"[{""start"": 0, ""end"": 13, ""label"": ""PER""}, {""start"": 18, ""end"": 32, ""label"": ""PER""}]"
"Yang hadir dalam pertemuan itu adalah Dewi, drh. Bimo Prakoso, dan Brigjen Pol Listyo Sigit Prabowo.","[{""start"": 38, ""end"": 42, ""label"": ""PER""}, {""start"": 44, ""end"": 61, ""label"": ""PER""}, {""start"": 67, ""end"": 99, ""label"": ""PER""}]"
Tolong sampaikan pesan ini kepada Emmanuel Macron secepatnya.,"[{""start"": 34, ""end"": 49, ""label"": ""PER""}]"
"Fajar, menurut laporan itu, akan segera diperbarui.",[]
Ia baru saja pindah ke Bogor.,[]
drh. Bimo Prakoso resmi menjabat sebagai Rektor Universitas Indonesia mulai bulan depan.,"[{""start"": 0, ""end"": 17, ""label"": ""PER""}]"
Mereka mekar dengan indah di taman setiap pagi.,[]
Halo semua diundang untuk hadir dalam acara tersebut.,[]
"Panglima TNI, Prof. Dr. dr. Zubairi Djoerban, menyampaikan pernyataan resmi kemarin.","[{""start"": 14, ""end"": 44, ""label"": ""PER""}]"
Ganjar Pranowo menghadiri rapat mengenai Bank Mandiri pagi ini.,"[{""start"": 0, ""end"": 14, ""label"": ""PER""}]"
JANGAN LUPA UNDANG EMMANUEL MACRON KE ACARA ULANG TAHUN MINGGU DEPAN.,"[{""start"": 19, ""end"": 34, ""label"": ""PER""}]"
"Peserta pelatihan meliputi Leonardo DiCaprio, Michael Phelps, dan Barack Obama dari kantor cabang.","[{""start"": 27, ""end"": 44, ""label"": ""PER""}, {""start"": 46, ""end"": 60, ""label"": ""PER""}, {""start"": 66, ""end"": 78, ""label"": ""PER""}]"
Lengkap semua diundang untuk hadir dalam acara tersebut.,[]
"YANG, MENURUT LAPORAN ITU, AKAN SEGERA DIPERBARUI.",[]
"Rumah beliau berada di Gang Cemara, RT 20/RW 19, Kel. Sukajadi, Manado.","[{""start"": 23, ""end"": 70, ""label"": ""ADR""}]"
"Rapat RT akan diadakan di Jl. Basuki Rahmat No. 85B, Bekasi.","[{""start"": 26, ""end"": 59, ""label"": ""ADR""}]"
Kemarin saya bertemu dengan Eko Yuli Irawan di DPR RI.,"[{""start"": 28, ""end"": 43, ""label"": ""PER""}]"
Jangan lupa follow @lebronjames untuk info terkini.,"[{""start"": 20, ""end"": 31, ""label"": ""PER""}]"
Jangan lupa undang Dian ke acara ulang tahun minggu depan.,"[{""start"": 19, ""end"": 23, ""label"": ""PER""}]"
"Neymar Jr., selaku Hakim Ketua, hadir dalam konferensi pers.","[{""start"": 0, ""end"": 10, ""label"": ""PER""}]"
"""London adalah prioritas kita,"" kata Abdurrahman Wahid.","[{""start"": 37, ""end"": 54, ""label"": ""PER""}]"
"Ia baru saja pindah ke Gg. Cempaka Putih No. 189B, Semarang.","[{""start"": 23, ""end"": 59, ""label"": ""ADR""}]"
Kost hadir dalam acara itu belum dikonfirmasi panitia.,[]
KEBAKARAN HUTAN MELUAS DI KALIMANTAN.,[]
"Menurut Direktur Utama Drs. Muhammad Yamin, kebijakan ini akan segera direvisi.","[{""start"": 23, ""end"": 42, ""label"": ""PER""}]"
EKONOMI NASIONAL TUMBUH 5 PERSEN KUARTAL INI.,[]
PEMERINTAH UMUMKAN KEBIJAKAN SUBSIDI BARU.,[]
Apakah benar Kamala Harris akan datang ke konferensi besok?,"[{""start"": 13, ""end"": 26, ""label"": ""PER""}]"
"Nomor kontak Made Wirawan, S.H., M.H. bisa dihubungi melalui Makassar.","[{""start"": 13, ""end"": 37, ""label"": ""PER""}]"
Karya seni milik Scarlett Johansson berhasil terjual dengan harga fantastis.,"[{""start"": 17, ""end"": 35, ""label"": ""PER""}]"
RAPAT TERSEBUT DIHADIRI OLEH SHINZO ABE DAN BOEDIONO.,"[{""start"": 29, ""end"": 39, ""label"": ""PER""}, {""start"": 44, ""end"": 52, ""label"": ""PER""}]"
"Menurut Wayan dan Bill Gates, kebijakan ini perlu direvisi.","[{""start"": 8, ""end"": 13, ""label"": ""PER""}, {""start"": 18, ""end"": 28, ""label"": ""PER""}]"
"Sesuai catatan sipil, domisili tercatat di Jalan Mangga Dua No. 195B, Bandung.","[{""start"": 43, ""end"": 77, ""label"": ""ADR""}]"
Nomor kontak yang bisa dihubungi adalah Google.,[]
"Budi baru saja pindah ke 331 Kennedy Avenue, Paris, Prancis.","[{""start"": 0, ""end"": 4, ""label"": ""PER""}, {""start"": 25, ""end"": 59, ""label"": ""ADR""}]"
"Nama: Muhammad Hasan Sadikin, Alamat: Jalan Merdeka, RT 06/RW 12, Desa Sukamaju, Medan.","[{""start"": 6, ""end"": 28, ""label"": ""PER""}, {""start"": 38, ""end"": 86, ""label"": ""ADR""}]"
Kami sudah lama menetap di London.,[]
KEBAKARAN HUTAN MELUAS DI KALIMANTAN.,[]
Jefferson dan R.A. Kartini kompak hadir dalam acara itu.,"[{""start"": 0, ""end"": 9, ""label"": ""PER""}, {""start"": 14, ""end"": 26, ""label"": ""PER""}]"
"Ketua DPR RI, Ustadz Abdul Somad, menyampaikan pernyataan resmi kemarin.","[{""start"": 14, ""end"": 32, ""label"": ""PER""}]"
Fajar bertemu dengan rekannya di Kementerian Keuangan.,"[{""start"": 0, ""end"": 5, ""label"": ""PER""}]"
Rapat membahas Makassar akan dilaksanakan besok.,[]
Apakah benar Ustadzah Oki Setiana Dewi akan datang ke konferensi besok?,"[{""start"": 13, ""end"": 38, ""label"": ""PER""}]"
"Halo, menurut laporan itu, akan segera diperbarui.",[]
"""Meta adalah prioritas kita,"" kata Ahmad Dahlan.","[{""start"": 35, ""end"": 47, ""label"": ""PER""}]"
KEMARIN SAYA BERTEMU DENGAN PRAMOEDYA ANANTA TOER DI KOMPAS.,"[{""start"": 28, ""end"": 49, ""label"": ""PER""}]"
KPK baru saja merilis laporan tahunan.,[]
@karniilyas baru saja mengunggah foto liburannya.,"[{""start"": 1, ""end"": 11, ""label"": ""PER""}]"
"Menurut Pelukis Fajar Nugraha, kebijakan ini akan segera direvisi.","[{""start"": 16, ""end"": 29, ""label"": ""PER""}]"
"KTP menunjukkan alamat di 913 Bridge Lane, Toronto, Kanada.","[{""start"": 26, ""end"": 58, ""label"": ""ADR""}]"
"KTP menunjukkan alamat di Apartemen Taman Anggrek Residence Tower B Lantai 22, Depok.","[{""start"": 26, ""end"": 84, ""label"": ""ADR""}]"
Abdul Haris Nasution berangkat ke kantor pagi ini.,"[{""start"": 0, ""end"": 20, ""label"": ""PER""}]"
"Rapat RT akan diadakan di Gg. Kenanga No. 90B, Bekasi.","[{""start"": 26, ""end"": 53, ""label"": ""ADR""}]"
Jangan lupa follow @ebietgade untuk info terkini.,"[{""start"": 20, ""end"": 29, ""label"": ""PER""}]"
"Alamat saya di Gg. Kebon Jeruk No. 168, Denpasar.","[{""start"": 15, ""end"": 48, ""label"": ""ADR""}]"
Ia baru saja pindah ke Sydney.,[]
"Rapat RT akan diadakan di Gg. Cempaka Putih No. 12B, RT 15/RW 16, Kel. Menteng, Kec. Buah Batu, Semarang, Kalimantan Timur, 19419.","[{""start"": 26, ""end"": 129, ""label"": ""ADR""}]"
"Silakan kirim paket ke Jl. Mangga Dua No. 29B, Medan.","[{""start"": 23, ""end"": 52, ""label"": ""ADR""}]"
"KTP atas nama Dr. Andi Wijaya beralamat di Gang Cempaka Putih, Balikpapan.","[{""start"": 14, ""end"": 29, ""label"": ""PER""}, {""start"": 43, ""end"": 73, ""label"": ""ADR""}]"
Menteri Luar Negeri sebelumnya adalah Fajar Nugraha.,"[{""start"": 38, ""end"": 51, ""label"": ""PER""}]"
Kantor cabang baru akan dibuka di Depok.,[]
Yang bukan bagian dari agenda rapat kali ini.,[]
"Penerima: Dr. Andi Wijaya, Sp.PD, Tujuan: Perumahan Griya Asri Blok C17 No. 36, Jakarta","[{""start"": 10, ""end"": 32, ""label"": ""PER""}, {""start"": 42, ""end"": 87, ""label"": ""ADR""}]"
Baik drh. Bimo Prakoso maupun Jefferson belum memberikan komentar.,"[{""start"": 5, ""end"": 22, ""label"": ""PER""}, {""start"": 30, ""end"": 39, ""label"": ""PER""}]"
Pihak kepolisian masih memeriksa Andi Mallarangeng sebagai saksi utama.,"[{""start"": 33, ""end"": 50, ""label"": ""PER""}]"
"Panitia mengundang Sri Sultan Hamengkubuwono X, Wawan, Narendra Modi, dan Ruud van Nistelrooy sebagai narasumber.","[{""start"": 19, ""end"": 46, ""label"": ""PER""}, {""start"": 48, ""end"": 53, ""label"": ""PER""}, {""start"": 55, ""end"": 68, ""label"": ""PER""}, {""start"": 74, ""end"": 93, ""label"": ""PER""}]"
@radenadjengkartini baru saja mengunggah foto liburannya.,"[{""start"": 1, ""end"": 19, ""label"": ""PER""}]"
Rapat tersebut dihadiri oleh Buya Hamka dan Brigjen Pol Listyo Sigit Prabowo.,"[{""start"": 29, ""end"": 39, ""label"": ""PER""}, {""start"": 44, ""end"": 76, ""label"": ""PER""}]"
Buku terbaru itu ditulis oleh Tuan Guru Bajang dan diterbitkan bulan lalu.,"[{""start"": 30, ""end"": 46, ""label"": ""PER""}]"
COVID-19 baru saja merilis laporan tahunan.,[]
"Kepala Sekolah, Wayan, menyampaikan pernyataan resmi kemarin.","[{""start"": 16, ""end"": 21, ""label"": ""PER""}]"
Kami sudah lama menetap di Palembang.,[]
"MENURUT LAPORAN, INGGRIS MENGALAMI PENINGKATAN SIGNIFIKAN.",[]
Saya tinggal di Yogyakarta sejak kecil.,[]
Ia baru saja pindah ke Bali.,[]
Kami sudah lama menetap di Sulawesi Selatan.,[]
"Peserta pelatihan meliputi Ahmad Yani, Serena Williams, dan Putri dari kantor cabang.","[{""start"": 27, ""end"": 37, ""label"": ""PER""}, {""start"": 39, ""end"": 54, ""label"": ""PER""}, {""start"": 60, ""end"": 65, ""label"": ""PER""}]"
"Rumah beliau berada di Dusun Tegalrejo RT 08/RW 08, Kel. Gubeng, Kec. Tegalsari, Kab. Sidoarjo.","[{""start"": 23, ""end"": 94, ""label"": ""ADR""}]"
"FAISAL RAHMAN, S.E., AK., CA. ADALAH SALAH SATU TOKOH PENTING DALAM SEJARAH.","[{""start"": 0, ""end"": 29, ""label"": ""PER""}]"
Banyak pihak yang setuju dengan analisis Drs. Muhammad Yamin mengenai krisis ekonomi.,"[{""start"": 41, ""end"": 60, ""label"": ""PER""}]"
"NAMA: DRH. BIMO PRAKOSO, ALAMAT: GG. AHMAD YANI NO. 119B, BANDUNG.","[{""start"": 6, ""end"": 23, ""label"": ""PER""}, {""start"": 33, ""end"": 65, ""label"": ""ADR""}]"
"Lengkap, menurut laporan itu, akan segera diperbarui.",[]
"Sesuai catatan sipil, domisili tercatat di Apartemen Gading Nias Residences Tower B Lantai 22, Bandung.","[{""start"": 43, ""end"": 102, ""label"": ""ADR""}]"
APAKAH BENAR WATI AKAN DATANG KE KONFERENSI BESOK?,"[{""start"": 13, ""end"": 17, ""label"": ""PER""}]"
"Menurut Larry Page, ""keputusan ini sudah final.""","[{""start"": 8, ""end"": 18, ""label"": ""PER""}]"
Keputusan final berada di tangan Michael McDonald selaku manajer proyek.,"[{""start"": 33, ""end"": 49, ""label"": ""PER""}]"
Hj. Siti Fatimah baru saja pindah dari Surabaya.,"[{""start"": 0, ""end"": 16, ""label"": ""PER""}]"
PEMERINTAH UMUMKAN KEBIJAKAN SUBSIDI BARU.,[]
Shah Rukh Khan bertemu dengan rekannya di Sekolah Dasar Kartini.,"[{""start"": 0, ""end"": 14, ""label"": ""PER""}]"
"Presiden AS ke-46, Lestari, menyampaikan pernyataan resmi kemarin.","[{""start"": 19, ""end"": 26, ""label"": ""PER""}]"
Surat itu dikirim oleh Bernard Arnault di 19.00 WIB minggu lalu.,"[{""start"": 23, ""end"": 38, ""label"": ""PER""}]"
KEMARIN SUKARYO MEMBAHAS JAKARTA BERSAMA TIMNYA.,"[{""start"": 8, ""end"": 15, ""label"": ""PER""}]"
"KTP atas nama Anne-Marie Laurent beralamat di Jalan Melati No. 50A, RT 03/RW 01, Kel. Gubeng, Makassar.","[{""start"": 14, ""end"": 32, ""label"": ""PER""}, {""start"": 46, ""end"": 102, ""label"": ""ADR""}]"
"Rumah kost berada di 726 Queen Drive, Kuala Lumpur, 93558, Malaysia.","[{""start"": 21, ""end"": 67, ""label"": ""ADR""}]"
"Boris Johnson, Bernard Arnault, serta Beyoncé kompak hadir dalam acara itu.","[{""start"": 0, ""end"": 13, ""label"": ""PER""}, {""start"": 15, ""end"": 30, ""label"": ""PER""}, {""start"": 38, ""end"": 45, ""label"": ""PER""}]"
"Rektor Universitas Indonesia, Boediono, menyampaikan pernyataan resmi kemarin.","[{""start"": 30, ""end"": 38, ""label"": ""PER""}]"
"""Terima kasih atas dukungannya,"" ucap Anthony Albanese sambil tersenyum.","[{""start"": 38, ""end"": 54, ""label"": ""PER""}]"
"""Terima kasih atas dukungannya,"" ucap Wulan Sari, S.Pd., M.Pd. sambil tersenyum.","[{""start"": 38, ""end"": 62, ""label"": ""PER""}]"
Laporan tersebut telah dikirimkan langsung ke meja Dian Sastrowardoyo.,"[{""start"": 51, ""end"": 69, ""label"": ""PER""}]"
"Di antara peserta terdapat Sari, Jean-Luc Picard, dan Tigor Silaban.","[{""start"": 27, ""end"": 31, ""label"": ""PER""}, {""start"": 33, ""end"": 48, ""label"": ""PER""}, {""start"": 54, ""end"": 67, ""label"": ""PER""}]"
Kolonel Inf. Rizky Ramadhan tinggal di Bank Mandiri sejak tahun lalu.,"[{""start"": 0, ""end"": 27, ""label"": ""PER""}]"
@susisusanti baru saja mengunggah foto liburannya.,"[{""start"": 1, ""end"": 12, ""label"": ""PER""}]"
Proyek ini dipimpin langsung oleh Sari.,"[{""start"": 34, ""end"": 38, ""label"": ""PER""}]"
"Kost berada di Jl. Melati No. 129A, RT 10/RW 17, Kel. Tegalsari, Depok.","[{""start"": 15, ""end"": 70, ""label"": ""ADR""}]"
"ALAMAT SAYA DI JALAN MELATI NO. 117A, RT 03/RW 18, KEL. SUKAJADI, DENPASAR.","[{""start"": 15, ""end"": 74, ""label"": ""ADR""}]"
"JANGAN LUPA UNDANG BAMBANG PERMADI SOEMANTRI BRODJONEGORO, M.SC. KE ACARA ULANG TAHUN MINGGU DEPAN.","[{""start"": 19, ""end"": 64, ""label"": ""PER""}]"
AKBP Ade Safri Simanjuntak berangkat ke kantor pagi ini.,"[{""start"": 0, ""end"": 26, ""label"": ""PER""}]"
"KTP menunjukkan alamat di Gang Anggrek No. 185, RT 15/RW 09, Kel. Tegalsari, Semarang.","[{""start"": 26, ""end"": 85, ""label"": ""ADR""}]"
"Silakan kirim paket ke 854 Baker Road, Toronto, Q6M 8C0, Kanada.","[{""start"": 23, ""end"": 63, ""label"": ""ADR""}]"
Kantor cabang baru akan dibuka di Sulawesi Selatan.,[]
"Kemarin saya bertemu dengan Boyke Dian Nugraha, Sp.OG di stasiun.","[{""start"": 28, ""end"": 53, ""label"": ""PER""}]"
"Diego Maradona, selaku Penyanyi, hadir dalam konferensi pers.","[{""start"": 0, ""end"": 14, ""label"": ""PER""}]"
"Menurut Gus Miftah dan McDonald, kebijakan ini perlu direvisi.","[{""start"": 8, ""end"": 18, ""label"": ""PER""}, {""start"": 23, ""end"": 31, ""label"": ""PER""}]"
Rumah Sakit Bunda baru saja merilis laporan tahunan.,[]
"Rumah beliau berada di Jl. Mangga Dua No. 200, RT 04/RW 16, Kel. Antapani, Kec. Cimahi Utara, Tangerang, Sumatera Utara, 56503.","[{""start"": 23, ""end"": 126, ""label"": ""ADR""}]"
"PERDANA MENTERI INGGRIS, SUHARTO, MENYAMPAIKAN PERNYATAAN RESMI KEMARIN.","[{""start"": 25, ""end"": 32, ""label"": ""PER""}]"
drh. Bimo Prakoso berangkat ke kantor pagi ini.,"[{""start"": 0, ""end"": 17, ""label"": ""PER""}]"
"Kantor kami beralamat di Jl. Melati No. 130B, RT 03/RW 16, Kel. Gubeng, Kec. Tegalsari, Balikpapan, Jawa Timur, 35234.","[{""start"": 25, ""end"": 117, ""label"": ""ADR""}]"
"Halo semua, nama gue Abdurrahman Wahid, salam kenal ya!","[{""start"": 21, ""end"": 38, ""label"": ""PER""}]"
"Ia baru saja pindah ke Jalan Mawar, RT 13/RW 15, Kel. Tegalsari, Jakarta.","[{""start"": 23, ""end"": 72, ""label"": ""ADR""}]"
"Menurut Menteri Luar Negeri Dra. Kartini Rahayu, kebijakan ini akan segera direvisi.","[{""start"": 28, ""end"": 47, ""label"": ""PER""}]"
"Menurut laporan, Sekolah Dasar Kartini mengalami peningkatan signifikan.",[]
@justintrudeau membagikan update terbaru di akunnya.,"[{""start"": 1, ""end"": 14, ""label"": ""PER""}]"
"Rapat tersebut dihadiri oleh O'Brien dan Dr. Andi Wijaya, Sp.PD.","[{""start"": 29, ""end"": 36, ""label"": ""PER""}, {""start"": 41, ""end"": 63, ""label"": ""PER""}]"
"""Ini adalah langkah yang tepat,"" tutur Isyana Sarasvati kepada wartawan.","[{""start"": 39, ""end"": 55, ""label"": ""PER""}]"
Gusti Kanjeng Ratu Hemas berangkat ke kantor pagi ini.,"[{""start"": 0, ""end"": 24, ""label"": ""PER""}]"
GAGASAN YANG DIKEMUKAKAN OLEH H. RHOMA IRAMA MEMICU PERDEBATAN PANJANG.,"[{""start"": 30, ""end"": 44, ""label"": ""PER""}]"
"John Doe, Tubagus Chasan Sochib, serta Eko Yuli Irawan kompak hadir dalam acara itu.","[{""start"": 0, ""end"": 8, ""label"": ""PER""}, {""start"": 10, ""end"": 31, ""label"": ""PER""}, {""start"": 39, ""end"": 54, ""label"": ""PER""}]"
Apakah kamu sudah menghubungi Sandiaga Uno hari ini?,"[{""start"": 30, ""end"": 42, ""label"": ""PER""}]"
"Rumah kost berada di Gg. Imam Bonjol, RT 13/RW 11, Kel. Tegalsari, Kec. Gubeng, Tangerang, Sumatera Utara, 79094.","[{""start"": 21, ""end"": 112, ""label"": ""ADR""}]"
"Paket untuk Kartika Sari, Sp.KG dikirim ke 827 Oxford Drive, Toronto, Kanada.","[{""start"": 12, ""end"": 31, ""label"": ""PER""}, {""start"": 43, ""end"": 76, ""label"": ""ADR""}]"
Kantor cabang baru akan dibuka di London.,[]
Ia baru saja pindah ke Jawa Barat.,[]
"Nama: R.M. Said Prawirosoedirdjo, Alamat: Gg. Kenanga No. 116, RT 20/RW 03, Desa Sukamaju, Surabaya.","[{""start"": 6, ""end"": 32, ""label"": ""PER""}, {""start"": 42, ""end"": 99, ""label"": ""ADR""}]"
"Menurut Joko Widodo, ""keputusan ini sudah final.""","[{""start"": 8, ""end"": 19, ""label"": ""PER""}]"
"Hakim Ketua, Kevin Sanjaya Sukamuljo, meresmikan acara tersebut.","[{""start"": 13, ""end"": 36, ""label"": ""PER""}]"
DOKUMEN ITU MERUJUK PADA MALANG.,[]
"Rumah kost berada di Dusun Wonosari RT 20/RW 05, Kel. Antapani, Kec. Coblong, Kab. Cirebon.","[{""start"": 21, ""end"": 90, ""label"": ""ADR""}]"
"Silakan kirim paket ke 771 King Street, Dubai, 15033, Uni Emirat Arab.","[{""start"": 23, ""end"": 69, ""label"": ""ADR""}]"
"Di antara peserta terdapat Erick Thohir, Prof. Emil Salim, Gusti Kanjeng Ratu Hemas, dan Rangga Pratama, S.Kom., M.Kom..","[{""start"": 27, ""end"": 39, ""label"": ""PER""}, {""start"": 41, ""end"": 57, ""label"": ""PER""}, {""start"": 59, ""end"": 83, ""label"": ""PER""}, {""start"": 89, ""end"": 119, ""label"": ""PER""}]"
EBIET G. ADE TINGGAL DI 17 AGUSTUS 1945 SEJAK TAHUN LALU.,"[{""start"": 0, ""end"": 12, ""label"": ""PER""}]"
Acara tersebut diselenggarakan di APBN 2025.,[]
KEPALA SEKOLAH ANGGUN C. SASMI MENYAMPAIKAN PERNYATAAN RESMI KEMARIN.,"[{""start"": 15, ""end"": 30, ""label"": ""PER""}]"
"Menurut Vladimir Putin, Belanda perlu dievaluasi ulang.","[{""start"": 8, ""end"": 22, ""label"": ""PER""}]"
"Rangga Pratama, S.Kom., M.Kom. menghadiri rapat mengenai Medan pagi ini.","[{""start"": 0, ""end"": 30, ""label"": ""PER""}]"
"Silakan kirim paket ke Jl. Merdeka, RT 08/RW 07, Kel. Sukajadi, Kec. Buah Batu, Makassar, Sumatera Utara, 27744.","[{""start"": 23, ""end"": 111, ""label"": ""ADR""}]"
EKONOMI NASIONAL TUMBUH 5 PERSEN KUARTAL INI.,[]
Gubernur DKI Jakarta sebelumnya adalah Andi Djemma.,"[{""start"": 39, ""end"": 50, ""label"": ""PER""}]"
CEO Tesla sebelumnya adalah Apriyani Rahayu.,"[{""start"": 28, ""end"": 43, ""label"": ""PER""}]"
Marie Curie baru saja pindah dari Prancis.,"[{""start"": 0, ""end"": 11, ""label"": ""PER""}]"
Kost hadir dalam acara itu belum dikonfirmasi panitia.,[]
"Menurut Faisal Rahman, S.E., Ak., CA., ""keputusan ini sudah final.""","[{""start"": 8, ""end"": 37, ""label"": ""PER""}]"
BUKU TERBARU ITU DITULIS OLEH JEAN-LUC PICARD DAN DITERBITKAN BULAN LALU.,"[{""start"": 30, ""end"": 45, ""label"": ""PER""}]"
Bill Gates baru saja pindah dari UU No. 8 Tahun 1999.,"[{""start"": 0, ""end"": 10, ""label"": ""PER""}]"
"KOST BERADA DI 682 VICTORIA LANE, KUALA LUMPUR, 87441, MALAYSIA.","[{""start"": 15, ""end"": 63, ""label"": ""ADR""}]"
Halo mulai terlihat sejak dini hari.,[]
Megawati Soekarnoputri adalah gubernur jawa barat.,"[{""start"": 0, ""end"": 22, ""label"": ""PER""}]"
"Rina tinggal di Jl. Flamboyan No. 159A, RT 20/RW 01, Kel. Menteng, Kec. Coblong, Yogyakarta, DKI Jakarta, 54363.","[{""start"": 0, ""end"": 4, ""label"": ""PER""}, {""start"": 16, ""end"": 111, ""label"": ""ADR""}]"
Gagasan yang dikemukakan oleh Shinzo Abe memicu perdebatan panjang.,"[{""start"": 30, ""end"": 40, ""label"": ""PER""}]"
"Surat untuk Joe Taslim dialamatkan ke Gg. Mawar No. 125, RT 06/RW 16, Kel. Tegalsari, Kec. Buah Batu, Semarang, DKI Jakarta, 66785.","[{""start"": 12, ""end"": 22, ""label"": ""PER""}, {""start"": 38, ""end"": 130, ""label"": ""ADR""}]"
Nelson Mandela adalah gubernur jawa barat.,"[{""start"": 0, ""end"": 14, ""label"": ""PER""}]"
Kemarin Vladimir Putin membahas Indonesia bersama timnya.,"[{""start"": 8, ""end"": 22, ""label"": ""PER""}]"
"Baik Rudi maupun Hartono, S.T., M.T. belum memberikan komentar.","[{""start"": 5, ""end"": 9, ""label"": ""PER""}, {""start"": 17, ""end"": 36, ""label"": ""PER""}]"
Elon Musk adalah gubernur jawa barat.,"[{""start"": 0, ""end"": 9, ""label"": ""PER""}]"
Karya seni milik Habib Rizieq Shihab berhasil terjual dengan harga fantastis.,"[{""start"": 17, ""end"": 36, ""label"": ""PER""}]"
Nomor kontak yang bisa dihubungi adalah Prancis.,[]
"KTP menunjukkan alamat di Jalan Merdeka No. 118, Jakarta.","[{""start"": 26, ""end"": 56, ""label"": ""ADR""}]"
Dokumen itu merujuk pada 19.00 WIB.,[]
"Nama Lengkap: Kyai Haji Hasyim Asy'ari
Alamat: 685 Wall Boulevard, Amsterdam, 46479, Belanda.","[{""start"": 14, ""end"": 38, ""label"": ""PER""}, {""start"": 47, ""end"": 92, ""label"": ""ADR""}]"
"Kost berada di Dusun Karangasem RT 19/RW 01, Kel. Gubeng, Kec. Tegalsari, Kab. Bogor.","[{""start"": 15, ""end"": 84, ""label"": ""ADR""}]"
"Paket untuk Vladimir Putin dikirim ke 559 Washington Avenue, Toronto, W5S 6N4, Kanada.","[{""start"": 12, ""end"": 26, ""label"": ""PER""}, {""start"": 38, ""end"": 85, ""label"": ""ADR""}]"
Buku terbaru itu ditulis oleh Jefferson dan diterbitkan bulan lalu.,"[{""start"": 30, ""end"": 39, ""label"": ""PER""}]"
EKONOMI NASIONAL TUMBUH 5 PERSEN KUARTAL INI.,[]
"Nama Lengkap: Andi Mallarangeng
Alamat: Jalan Cendrawasih No. 177, RT 19/RW 07, Kel. Sukajadi, Kec. Gubeng, Medan, DI Yogyakarta, 45297.","[{""start"": 14, ""end"": 31, ""label"": ""PER""}, {""start"": 40, ""end"": 135, ""label"": ""ADR""}]"
MEREKA BERADA DI LOKASI YANG SUDAH DITENTUKAN.,[]
"NAMA: MICHAEL JORDAN, ALAMAT: JALAN FLAMBOYAN NO. 99A, MEDAN.","[{""start"": 6, ""end"": 20, ""label"": ""PER""}, {""start"": 30, ""end"": 60, ""label"": ""ADR""}]"
"Menurut Michael Jordan, 0812-3456-7890 perlu dievaluasi ulang.","[{""start"": 8, ""end"": 22, ""label"": ""PER""}]"
"Panglima TNI, Tio, meresmikan acara tersebut.","[{""start"": 14, ""end"": 17, ""label"": ""PER""}]"
Teori yang diusulkan oleh Nelson Mandela telah dipatahkan oleh penemuan baru.,"[{""start"": 26, ""end"": 40, ""label"": ""PER""}]"
"Alamat saya di Apartemen Kemang Village Tower C Lantai 5, Depok.","[{""start"": 15, ""end"": 63, ""label"": ""ADR""}]"
"Kost berada di Jl. Gatot Subroto No. 168, RT 09/RW 09, Kel. Cihapit, Kec. Menteng, Surabaya, Jawa Tengah, 49356.","[{""start"": 15, ""end"": 111, ""label"": ""ADR""}]"
